ISO-10303-21;
HEADER;
/* Generated by software containing ST-Developer
 * from STEP Tools, Inc. (www.steptools.com) 
 */

FILE_DESCRIPTION(
/* description */ (''),
/* implementation_level */ '2;1');

FILE_NAME(
/* name */ 'ESP32 CanBus shield Case.step',
/* time_stamp */ '2026-08-16T19:22:52+02:00',
/* author */ (''),
/* organization */ (''),
/* preprocessor_version */ 'ST-DEVELOPER v20.1',
/* originating_system */ 'Autodesk Translation Framework v15.8.0.0',
/* authorisation */ '');

FILE_SCHEMA (('AUTOMOTIVE_DESIGN { 1 0 10303 214 3 1 1 }'));
ENDSEC;

DATA;
#10=MECHANICAL_DESIGN_GEOMETRIC_PRESENTATION_REPRESENTATION('',(#110,#111),
#5614);
#11=ITEM_DEFINED_TRANSFORMATION($,$,#3228,#3424);
#12=(
REPRESENTATION_RELATIONSHIP($,$,#5625,#5624)
REPRESENTATION_RELATIONSHIP_WITH_TRANSFORMATION(#11)
SHAPE_REPRESENTATION_RELATIONSHIP()
);
#13=CONTEXT_DEPENDENT_SHAPE_REPRESENTATION(#12,#5623);
#14=NEXT_ASSEMBLY_USAGE_OCCURRENCE('Case:1','Case:1','Case:1',#5627,#5628,
'Case:1');
#15=SHAPE_REPRESENTATION_RELATIONSHIP('SRR','None',#5625,#16);
#16=ADVANCED_BREP_SHAPE_REPRESENTATION('',(#112,#113),#5613);
#17=B_SPLINE_SURFACE_WITH_KNOTS('',3,1,((#4892,#4893),(#4894,#4895),(#4896,
#4897),(#4898,#4899),(#4900,#4901)),.UNSPECIFIED.,.F.,.F.,.F.,(4,1,4),(2,
2),(0.,0.0322421374460176,0.0695207960367265),(0.,0.0999999999999943),
 .UNSPECIFIED.);
#18=B_SPLINE_SURFACE_WITH_KNOTS('',3,1,((#4911,#4912),(#4913,#4914),(#4915,
#4916),(#4917,#4918),(#4919,#4920)),.UNSPECIFIED.,.F.,.F.,.F.,(4,1,4),(2,
2),(0.,0.0360465944230598,0.0679396106749437),(0.,0.0999999999999943),
 .UNSPECIFIED.);
#19=B_SPLINE_SURFACE_WITH_KNOTS('',3,1,((#4928,#4929),(#4930,#4931),(#4932,
#4933),(#4934,#4935),(#4936,#4937)),.UNSPECIFIED.,.F.,.F.,.F.,(4,1,4),(2,
2),(0.,0.0321008773077795,0.0684134051957545),(0.,0.0999999999999943),
 .UNSPECIFIED.);
#20=B_SPLINE_SURFACE_WITH_KNOTS('',3,1,((#4945,#4946),(#4947,#4948),(#4949,
#4950),(#4951,#4952),(#4953,#4954)),.UNSPECIFIED.,.F.,.F.,.F.,(4,1,4),(2,
2),(0.,0.0368606224905306,0.0691746991459802),(0.,0.0999999999999943),
 .UNSPECIFIED.);
#21=B_SPLINE_SURFACE_WITH_KNOTS('',3,1,((#4974,#4975),(#4976,#4977),(#4978,
#4979),(#4980,#4981),(#4982,#4983)),.UNSPECIFIED.,.F.,.F.,.F.,(4,1,4),(2,
2),(0.,0.0462548109593348,0.0859521358286231),(0.,0.0999999999999943),
 .UNSPECIFIED.);
#22=B_SPLINE_SURFACE_WITH_KNOTS('',3,1,((#4991,#4992),(#4993,#4994),(#4995,
#4996),(#4997,#4998),(#4999,#5000)),.UNSPECIFIED.,.F.,.F.,.F.,(4,1,4),(2,
2),(0.,0.0348595509433049,0.0667101622673983),(0.,0.0999999999999943),
 .UNSPECIFIED.);
#23=B_SPLINE_SURFACE_WITH_KNOTS('',3,1,((#5008,#5009),(#5010,#5011),(#5012,
#5013),(#5014,#5015),(#5016,#5017)),.UNSPECIFIED.,.F.,.F.,.F.,(4,1,4),(2,
2),(0.,0.033278494910504,0.0686602275721206),(0.,0.0999999999999943),
 .UNSPECIFIED.);
#24=B_SPLINE_SURFACE_WITH_KNOTS('',3,1,((#5025,#5026),(#5027,#5028),(#5029,
#5030),(#5031,#5032),(#5033,#5034)),.UNSPECIFIED.,.F.,.F.,.F.,(4,1,4),(2,
2),(0.,0.0403337000757732,0.0752370226823407),(0.,0.0999999999999943),
 .UNSPECIFIED.);
#25=B_SPLINE_SURFACE_WITH_KNOTS('',3,1,((#5042,#5043),(#5044,#5045),(#5046,
#5047),(#5048,#5049),(#5050,#5051)),.UNSPECIFIED.,.F.,.F.,.F.,(4,1,4),(2,
2),(0.,0.038177947025695,0.0798367661489514),(0.,0.0999999999999943),
 .UNSPECIFIED.);
#26=B_SPLINE_SURFACE_WITH_KNOTS('',3,1,((#5059,#5060),(#5061,#5062),(#5063,
#5064),(#5065,#5066),(#5067,#5068)),.UNSPECIFIED.,.F.,.F.,.F.,(4,1,4),(2,
2),(0.,0.0510986609457371,0.109825056276117),(0.,0.0999999999999943),
 .UNSPECIFIED.);
#27=B_SPLINE_SURFACE_WITH_KNOTS('',3,1,((#5076,#5077),(#5078,#5079),(#5080,
#5081),(#5082,#5083),(#5084,#5085)),.UNSPECIFIED.,.F.,.F.,.F.,(4,1,4),(2,
2),(0.,0.0392858585187371,0.0749172120723269),(0.,0.0999999999999943),
 .UNSPECIFIED.);
#28=B_SPLINE_SURFACE_WITH_KNOTS('',3,1,((#5093,#5094),(#5095,#5096),(#5097,
#5098),(#5099,#5100),(#5101,#5102)),.UNSPECIFIED.,.F.,.F.,.F.,(4,1,4),(2,
2),(0.,0.0409367918749975,0.0818683421956065),(0.,0.0999999999999943),
 .UNSPECIFIED.);
#29=B_SPLINE_SURFACE_WITH_KNOTS('',3,1,((#5110,#5111),(#5112,#5113),(#5114,
#5115),(#5116,#5117),(#5118,#5119)),.UNSPECIFIED.,.F.,.F.,.F.,(4,1,4),(2,
2),(0.,0.0432095406245728,0.0851117339891027),(0.,0.0999999999999943),
 .UNSPECIFIED.);
#30=B_SPLINE_SURFACE_WITH_KNOTS('',3,1,((#5138,#5139),(#5140,#5141),(#5142,
#5143),(#5144,#5145),(#5146,#5147)),.UNSPECIFIED.,.F.,.F.,.F.,(4,1,4),(2,
2),(0.,0.0429257568527771,0.0841434911440408),(0.,0.0999999999999943),
 .UNSPECIFIED.);
#31=B_SPLINE_SURFACE_WITH_KNOTS('',3,1,((#5164,#5165),(#5166,#5167),(#5168,
#5169),(#5170,#5171),(#5172,#5173)),.UNSPECIFIED.,.F.,.F.,.F.,(4,1,4),(2,
2),(0.,0.0415031651217126,0.0859541917621114),(0.,0.0999999999999943),
 .UNSPECIFIED.);
#32=B_SPLINE_SURFACE_WITH_KNOTS('',3,1,((#5187,#5188),(#5189,#5190),(#5191,
#5192),(#5193,#5194),(#5195,#5196)),.UNSPECIFIED.,.F.,.F.,.F.,(4,1,4),(2,
2),(0.,0.061506554370532,0.108695911421518),(0.,0.0999999999999943),
 .UNSPECIFIED.);
#33=B_SPLINE_SURFACE_WITH_KNOTS('',3,1,((#5210,#5211),(#5212,#5213),(#5214,
#5215),(#5216,#5217),(#5218,#5219)),.UNSPECIFIED.,.F.,.F.,.F.,(4,1,4),(2,
2),(0.,0.0496861272002122,0.121039550380034),(0.,0.0999999999999943),
 .UNSPECIFIED.);
#34=B_SPLINE_SURFACE_WITH_KNOTS('',3,1,((#5233,#5234),(#5235,#5236),(#5237,
#5238),(#5239,#5240),(#5241,#5242)),.UNSPECIFIED.,.F.,.F.,.F.,(4,1,4),(2,
2),(0.,0.0449044588049981,0.0858162357753952),(0.,0.0999999999999943),
 .UNSPECIFIED.);
#35=B_SPLINE_SURFACE_WITH_KNOTS('',3,1,((#5256,#5257),(#5258,#5259),(#5260,
#5261),(#5262,#5263),(#5264,#5265)),.UNSPECIFIED.,.F.,.F.,.F.,(4,1,4),(2,
2),(0.,0.0414564365366864,0.085596033796665),(0.,0.0999999999999943),
 .UNSPECIFIED.);
#36=B_SPLINE_SURFACE_WITH_KNOTS('',3,1,((#5279,#5280),(#5281,#5282),(#5283,
#5284),(#5285,#5286),(#5287,#5288)),.UNSPECIFIED.,.F.,.F.,.F.,(4,1,4),(2,
2),(0.,0.0654371315605132,0.114003243256848),(0.,0.0999999999999943),
 .UNSPECIFIED.);
#37=B_SPLINE_SURFACE_WITH_KNOTS('',3,1,((#5302,#5303),(#5304,#5305),(#5306,
#5307),(#5308,#5309),(#5310,#5311)),.UNSPECIFIED.,.F.,.F.,.F.,(4,1,4),(2,
2),(0.,0.0487753187980072,0.114725715860949),(0.,0.0999999999999943),
 .UNSPECIFIED.);
#38=B_SPLINE_SURFACE_WITH_KNOTS('',3,1,((#5322,#5323),(#5324,#5325),(#5326,
#5327),(#5328,#5329),(#5330,#5331)),.UNSPECIFIED.,.F.,.F.,.F.,(4,1,4),(2,
2),(0.,0.0610588313142828,0.125272335068409),(0.,0.0999999999999943),
 .UNSPECIFIED.);
#39=B_SPLINE_SURFACE_WITH_KNOTS('',3,1,((#5341,#5342),(#5343,#5344),(#5345,
#5346),(#5347,#5348),(#5349,#5350)),.UNSPECIFIED.,.F.,.F.,.F.,(4,1,4),(2,
2),(0.,0.077586622310359,0.143475244798906),(0.,0.0999999999999943),
 .UNSPECIFIED.);
#40=B_SPLINE_SURFACE_WITH_KNOTS('',3,1,((#5358,#5359),(#5360,#5361),(#5362,
#5363),(#5364,#5365),(#5366,#5367)),.UNSPECIFIED.,.F.,.F.,.F.,(4,1,4),(2,
2),(0.,0.0668586207422842,0.143611896790067),(0.,0.0999999999999943),
 .UNSPECIFIED.);
#41=B_SPLINE_SURFACE_WITH_KNOTS('',3,1,((#5375,#5376),(#5377,#5378),(#5379,
#5380),(#5381,#5382),(#5383,#5384)),.UNSPECIFIED.,.F.,.F.,.F.,(4,1,4),(2,
2),(0.,0.0615543675544091,0.123373710069357),(0.,0.0999999999999943),
 .UNSPECIFIED.);
#42=B_SPLINE_SURFACE_WITH_KNOTS('',3,1,((#5392,#5393),(#5394,#5395),(#5396,
#5397),(#5398,#5399),(#5400,#5401)),.UNSPECIFIED.,.F.,.F.,.F.,(4,1,4),(2,
2),(0.,0.080106594376913,0.147816168357688),(0.,0.0999999999999943),
 .UNSPECIFIED.);
#43=B_SPLINE_SURFACE_WITH_KNOTS('',3,1,((#5409,#5410),(#5411,#5412),(#5413,
#5414),(#5415,#5416),(#5417,#5418)),.UNSPECIFIED.,.F.,.F.,.F.,(4,1,4),(2,
2),(0.,0.0950641047656904,0.203691375588921),(0.,0.0999999999999943),
 .UNSPECIFIED.);
#44=B_SPLINE_SURFACE_WITH_KNOTS('',3,1,((#5426,#5427),(#5428,#5429),(#5430,
#5431),(#5432,#5433),(#5434,#5435)),.UNSPECIFIED.,.F.,.F.,.F.,(4,1,4),(2,
2),(0.,0.111767741761883,0.207823996341404),(0.,0.0999999999999943),
 .UNSPECIFIED.);
#45=B_SPLINE_SURFACE_WITH_KNOTS('',3,1,((#5443,#5444),(#5445,#5446),(#5447,
#5448),(#5449,#5450),(#5451,#5452)),.UNSPECIFIED.,.F.,.F.,.F.,(4,1,4),(2,
2),(0.,0.0963109502396884,0.206017593812937),(0.,0.0999999999999943),
 .UNSPECIFIED.);
#46=B_SPLINE_SURFACE_WITH_KNOTS('',3,1,((#5460,#5461),(#5462,#5463),(#5464,
#5465),(#5466,#5467),(#5468,#5469)),.UNSPECIFIED.,.F.,.F.,.F.,(4,1,4),(2,
2),(0.,0.11021207280665,0.206667550757954),(0.,0.0999999999999943),
 .UNSPECIFIED.);
#47=B_SPLINE_SURFACE_WITH_KNOTS('',3,1,((#5477,#5478),(#5479,#5480),(#5481,
#5482),(#5483,#5484),(#5485,#5486)),.UNSPECIFIED.,.F.,.F.,.F.,(4,1,4),(2,
2),(0.,0.0705551772747495,0.15133613175303),(0.,0.0999999999999943),
 .UNSPECIFIED.);
#48=B_SPLINE_CURVE_WITH_KNOTS('',3,(#4468,#4469,#4470,#4471,#4472),
 .UNSPECIFIED.,.F.,.F.,(4,1,4),(0.,0.0322421374460176,0.0695207960367265),
 .UNSPECIFIED.);
#49=B_SPLINE_CURVE_WITH_KNOTS('',3,(#4480,#4481,#4482,#4483,#4484),
 .UNSPECIFIED.,.F.,.F.,(4,1,4),(0.,0.0432095406245728,0.0851117339891027),
 .UNSPECIFIED.);
#50=B_SPLINE_CURVE_WITH_KNOTS('',3,(#4486,#4487,#4488,#4489,#4490),
 .UNSPECIFIED.,.F.,.F.,(4,1,4),(0.,0.0409367918749975,0.0818683421956065),
 .UNSPECIFIED.);
#51=B_SPLINE_CURVE_WITH_KNOTS('',3,(#4492,#4493,#4494,#4495,#4496),
 .UNSPECIFIED.,.F.,.F.,(4,1,4),(0.,0.0392858585187371,0.0749172120723269),
 .UNSPECIFIED.);
#52=B_SPLINE_CURVE_WITH_KNOTS('',3,(#4498,#4499,#4500,#4501,#4502),
 .UNSPECIFIED.,.F.,.F.,(4,1,4),(0.,0.0510986609457371,0.109825056276117),
 .UNSPECIFIED.);
#53=B_SPLINE_CURVE_WITH_KNOTS('',3,(#4504,#4505,#4506,#4507,#4508),
 .UNSPECIFIED.,.F.,.F.,(4,1,4),(0.,0.038177947025695,0.0798367661489514),
 .UNSPECIFIED.);
#54=B_SPLINE_CURVE_WITH_KNOTS('',3,(#4510,#4511,#4512,#4513,#4514),
 .UNSPECIFIED.,.F.,.F.,(4,1,4),(0.,0.0403337000757732,0.0752370226823407),
 .UNSPECIFIED.);
#55=B_SPLINE_CURVE_WITH_KNOTS('',3,(#4516,#4517,#4518,#4519,#4520),
 .UNSPECIFIED.,.F.,.F.,(4,1,4),(0.,0.033278494910504,0.0686602275721206),
 .UNSPECIFIED.);
#56=B_SPLINE_CURVE_WITH_KNOTS('',3,(#4522,#4523,#4524,#4525,#4526),
 .UNSPECIFIED.,.F.,.F.,(4,1,4),(0.,0.0348595509433049,0.0667101622673983),
 .UNSPECIFIED.);
#57=B_SPLINE_CURVE_WITH_KNOTS('',3,(#4528,#4529,#4530,#4531,#4532),
 .UNSPECIFIED.,.F.,.F.,(4,1,4),(0.,0.0462548109593348,0.0859521358286231),
 .UNSPECIFIED.);
#58=B_SPLINE_CURVE_WITH_KNOTS('',3,(#4540,#4541,#4542,#4543,#4544),
 .UNSPECIFIED.,.F.,.F.,(4,1,4),(0.,0.0368606224905306,0.0691746991459802),
 .UNSPECIFIED.);
#59=B_SPLINE_CURVE_WITH_KNOTS('',3,(#4546,#4547,#4548,#4549,#4550),
 .UNSPECIFIED.,.F.,.F.,(4,1,4),(0.,0.0321008773077795,0.0684134051957545),
 .UNSPECIFIED.);
#60=B_SPLINE_CURVE_WITH_KNOTS('',3,(#4551,#4552,#4553,#4554,#4555),
 .UNSPECIFIED.,.F.,.F.,(4,1,4),(0.,0.0360465944230598,0.0679396106749437),
 .UNSPECIFIED.);
#61=B_SPLINE_CURVE_WITH_KNOTS('',3,(#4558,#4559,#4560,#4561,#4562),
 .UNSPECIFIED.,.F.,.F.,(4,1,4),(0.,0.0610588313142828,0.125272335068409),
 .UNSPECIFIED.);
#62=B_SPLINE_CURVE_WITH_KNOTS('',3,(#4564,#4565,#4566,#4567,#4568),
 .UNSPECIFIED.,.F.,.F.,(4,1,4),(0.,0.0705551772747495,0.15133613175303),
 .UNSPECIFIED.);
#63=B_SPLINE_CURVE_WITH_KNOTS('',3,(#4570,#4571,#4572,#4573,#4574),
 .UNSPECIFIED.,.F.,.F.,(4,1,4),(0.,0.11021207280665,0.206667550757954),
 .UNSPECIFIED.);
#64=B_SPLINE_CURVE_WITH_KNOTS('',3,(#4576,#4577,#4578,#4579,#4580),
 .UNSPECIFIED.,.F.,.F.,(4,1,4),(0.,0.0963109502396884,0.206017593812937),
 .UNSPECIFIED.);
#65=B_SPLINE_CURVE_WITH_KNOTS('',3,(#4582,#4583,#4584,#4585,#4586),
 .UNSPECIFIED.,.F.,.F.,(4,1,4),(0.,0.111767741761883,0.207823996341404),
 .UNSPECIFIED.);
#66=B_SPLINE_CURVE_WITH_KNOTS('',3,(#4588,#4589,#4590,#4591,#4592),
 .UNSPECIFIED.,.F.,.F.,(4,1,4),(0.,0.0950641047656904,0.203691375588921),
 .UNSPECIFIED.);
#67=B_SPLINE_CURVE_WITH_KNOTS('',3,(#4594,#4595,#4596,#4597,#4598),
 .UNSPECIFIED.,.F.,.F.,(4,1,4),(0.,0.080106594376913,0.147816168357688),
 .UNSPECIFIED.);
#68=B_SPLINE_CURVE_WITH_KNOTS('',3,(#4600,#4601,#4602,#4603,#4604),
 .UNSPECIFIED.,.F.,.F.,(4,1,4),(0.,0.0615543675544091,0.123373710069357),
 .UNSPECIFIED.);
#69=B_SPLINE_CURVE_WITH_KNOTS('',3,(#4606,#4607,#4608,#4609,#4610),
 .UNSPECIFIED.,.F.,.F.,(4,1,4),(0.,0.0668586207422842,0.143611896790067),
 .UNSPECIFIED.);
#70=B_SPLINE_CURVE_WITH_KNOTS('',3,(#4611,#4612,#4613,#4614,#4615),
 .UNSPECIFIED.,.F.,.F.,(4,1,4),(0.,0.077586622310359,0.143475244798906),
 .UNSPECIFIED.);
#71=B_SPLINE_CURVE_WITH_KNOTS('',3,(#4905,#4906,#4907,#4908,#4909),
 .UNSPECIFIED.,.F.,.F.,(4,1,4),(0.,0.0322421374460176,0.0695207960367265),
 .UNSPECIFIED.);
#72=B_SPLINE_CURVE_WITH_KNOTS('',3,(#4923,#4924,#4925,#4926,#4927),
 .UNSPECIFIED.,.F.,.F.,(4,1,4),(0.,0.0360465944230598,0.0679396106749437),
 .UNSPECIFIED.);
#73=B_SPLINE_CURVE_WITH_KNOTS('',3,(#4940,#4941,#4942,#4943,#4944),
 .UNSPECIFIED.,.F.,.F.,(4,1,4),(0.,0.0321008773077795,0.0684134051957545),
 .UNSPECIFIED.);
#74=B_SPLINE_CURVE_WITH_KNOTS('',3,(#4957,#4958,#4959,#4960,#4961),
 .UNSPECIFIED.,.F.,.F.,(4,1,4),(0.,0.0368606224905306,0.0691746991459802),
 .UNSPECIFIED.);
#75=B_SPLINE_CURVE_WITH_KNOTS('',3,(#4986,#4987,#4988,#4989,#4990),
 .UNSPECIFIED.,.F.,.F.,(4,1,4),(0.,0.0462548109593348,0.0859521358286231),
 .UNSPECIFIED.);
#76=B_SPLINE_CURVE_WITH_KNOTS('',3,(#5003,#5004,#5005,#5006,#5007),
 .UNSPECIFIED.,.F.,.F.,(4,1,4),(0.,0.0348595509433049,0.0667101622673983),
 .UNSPECIFIED.);
#77=B_SPLINE_CURVE_WITH_KNOTS('',3,(#5020,#5021,#5022,#5023,#5024),
 .UNSPECIFIED.,.F.,.F.,(4,1,4),(0.,0.033278494910504,0.0686602275721206),
 .UNSPECIFIED.);
#78=B_SPLINE_CURVE_WITH_KNOTS('',3,(#5037,#5038,#5039,#5040,#5041),
 .UNSPECIFIED.,.F.,.F.,(4,1,4),(0.,0.0403337000757732,0.0752370226823407),
 .UNSPECIFIED.);
#79=B_SPLINE_CURVE_WITH_KNOTS('',3,(#5054,#5055,#5056,#5057,#5058),
 .UNSPECIFIED.,.F.,.F.,(4,1,4),(0.,0.038177947025695,0.0798367661489514),
 .UNSPECIFIED.);
#80=B_SPLINE_CURVE_WITH_KNOTS('',3,(#5071,#5072,#5073,#5074,#5075),
 .UNSPECIFIED.,.F.,.F.,(4,1,4),(0.,0.0510986609457371,0.109825056276117),
 .UNSPECIFIED.);
#81=B_SPLINE_CURVE_WITH_KNOTS('',3,(#5088,#5089,#5090,#5091,#5092),
 .UNSPECIFIED.,.F.,.F.,(4,1,4),(0.,0.0392858585187371,0.0749172120723269),
 .UNSPECIFIED.);
#82=B_SPLINE_CURVE_WITH_KNOTS('',3,(#5105,#5106,#5107,#5108,#5109),
 .UNSPECIFIED.,.F.,.F.,(4,1,4),(0.,0.0409367918749975,0.0818683421956065),
 .UNSPECIFIED.);
#83=B_SPLINE_CURVE_WITH_KNOTS('',3,(#5122,#5123,#5124,#5125,#5126),
 .UNSPECIFIED.,.F.,.F.,(4,1,4),(0.,0.0432095406245728,0.0851117339891027),
 .UNSPECIFIED.);
#84=B_SPLINE_CURVE_WITH_KNOTS('',3,(#5150,#5151,#5152,#5153,#5154),
 .UNSPECIFIED.,.F.,.F.,(4,1,4),(0.,0.0429257568527771,0.0841434911440408),
 .UNSPECIFIED.);
#85=B_SPLINE_CURVE_WITH_KNOTS('',3,(#5158,#5159,#5160,#5161,#5162),
 .UNSPECIFIED.,.F.,.F.,(4,1,4),(0.,0.0429257568527771,0.0841434911440408),
 .UNSPECIFIED.);
#86=B_SPLINE_CURVE_WITH_KNOTS('',3,(#5175,#5176,#5177,#5178,#5179),
 .UNSPECIFIED.,.F.,.F.,(4,1,4),(0.,0.0415031651217126,0.0859541917621114),
 .UNSPECIFIED.);
#87=B_SPLINE_CURVE_WITH_KNOTS('',3,(#5182,#5183,#5184,#5185,#5186),
 .UNSPECIFIED.,.F.,.F.,(4,1,4),(0.,0.0415031651217126,0.0859541917621114),
 .UNSPECIFIED.);
#88=B_SPLINE_CURVE_WITH_KNOTS('',3,(#5198,#5199,#5200,#5201,#5202),
 .UNSPECIFIED.,.F.,.F.,(4,1,4),(0.,0.061506554370532,0.108695911421518),
 .UNSPECIFIED.);
#89=B_SPLINE_CURVE_WITH_KNOTS('',3,(#5205,#5206,#5207,#5208,#5209),
 .UNSPECIFIED.,.F.,.F.,(4,1,4),(0.,0.061506554370532,0.108695911421518),
 .UNSPECIFIED.);
#90=B_SPLINE_CURVE_WITH_KNOTS('',3,(#5221,#5222,#5223,#5224,#5225),
 .UNSPECIFIED.,.F.,.F.,(4,1,4),(0.,0.0496861272002122,0.121039550380034),
 .UNSPECIFIED.);
#91=B_SPLINE_CURVE_WITH_KNOTS('',3,(#5228,#5229,#5230,#5231,#5232),
 .UNSPECIFIED.,.F.,.F.,(4,1,4),(0.,0.0496861272002122,0.121039550380034),
 .UNSPECIFIED.);
#92=B_SPLINE_CURVE_WITH_KNOTS('',3,(#5244,#5245,#5246,#5247,#5248),
 .UNSPECIFIED.,.F.,.F.,(4,1,4),(0.,0.0449044588049981,0.0858162357753952),
 .UNSPECIFIED.);
#93=B_SPLINE_CURVE_WITH_KNOTS('',3,(#5251,#5252,#5253,#5254,#5255),
 .UNSPECIFIED.,.F.,.F.,(4,1,4),(0.,0.0449044588049981,0.0858162357753952),
 .UNSPECIFIED.);
#94=B_SPLINE_CURVE_WITH_KNOTS('',3,(#5267,#5268,#5269,#5270,#5271),
 .UNSPECIFIED.,.F.,.F.,(4,1,4),(0.,0.0414564365366864,0.085596033796665),
 .UNSPECIFIED.);
#95=B_SPLINE_CURVE_WITH_KNOTS('',3,(#5274,#5275,#5276,#5277,#5278),
 .UNSPECIFIED.,.F.,.F.,(4,1,4),(0.,0.0414564365366864,0.085596033796665),
 .UNSPECIFIED.);
#96=B_SPLINE_CURVE_WITH_KNOTS('',3,(#5290,#5291,#5292,#5293,#5294),
 .UNSPECIFIED.,.F.,.F.,(4,1,4),(0.,0.0654371315605132,0.114003243256848),
 .UNSPECIFIED.);
#97=B_SPLINE_CURVE_WITH_KNOTS('',3,(#5297,#5298,#5299,#5300,#5301),
 .UNSPECIFIED.,.F.,.F.,(4,1,4),(0.,0.0654371315605132,0.114003243256848),
 .UNSPECIFIED.);
#98=B_SPLINE_CURVE_WITH_KNOTS('',3,(#5312,#5313,#5314,#5315,#5316),
 .UNSPECIFIED.,.F.,.F.,(4,1,4),(0.,0.0487753187980072,0.114725715860949),
 .UNSPECIFIED.);
#99=B_SPLINE_CURVE_WITH_KNOTS('',3,(#5317,#5318,#5319,#5320,#5321),
 .UNSPECIFIED.,.F.,.F.,(4,1,4),(0.,0.0487753187980072,0.114725715860949),
 .UNSPECIFIED.);
#100=B_SPLINE_CURVE_WITH_KNOTS('',3,(#5335,#5336,#5337,#5338,#5339),
 .UNSPECIFIED.,.F.,.F.,(4,1,4),(0.,0.0610588313142828,0.125272335068409),
 .UNSPECIFIED.);
#101=B_SPLINE_CURVE_WITH_KNOTS('',3,(#5353,#5354,#5355,#5356,#5357),
 .UNSPECIFIED.,.F.,.F.,(4,1,4),(0.,0.077586622310359,0.143475244798906),
 .UNSPECIFIED.);
#102=B_SPLINE_CURVE_WITH_KNOTS('',3,(#5370,#5371,#5372,#5373,#5374),
 .UNSPECIFIED.,.F.,.F.,(4,1,4),(0.,0.0668586207422842,0.143611896790067),
 .UNSPECIFIED.);
#103=B_SPLINE_CURVE_WITH_KNOTS('',3,(#5387,#5388,#5389,#5390,#5391),
 .UNSPECIFIED.,.F.,.F.,(4,1,4),(0.,0.0615543675544091,0.123373710069357),
 .UNSPECIFIED.);
#104=B_SPLINE_CURVE_WITH_KNOTS('',3,(#5404,#5405,#5406,#5407,#5408),
 .UNSPECIFIED.,.F.,.F.,(4,1,4),(0.,0.080106594376913,0.147816168357688),
 .UNSPECIFIED.);
#105=B_SPLINE_CURVE_WITH_KNOTS('',3,(#5421,#5422,#5423,#5424,#5425),
 .UNSPECIFIED.,.F.,.F.,(4,1,4),(0.,0.0950641047656904,0.203691375588921),
 .UNSPECIFIED.);
#106=B_SPLINE_CURVE_WITH_KNOTS('',3,(#5438,#5439,#5440,#5441,#5442),
 .UNSPECIFIED.,.F.,.F.,(4,1,4),(0.,0.111767741761883,0.207823996341404),
 .UNSPECIFIED.);
#107=B_SPLINE_CURVE_WITH_KNOTS('',3,(#5455,#5456,#5457,#5458,#5459),
 .UNSPECIFIED.,.F.,.F.,(4,1,4),(0.,0.0963109502396884,0.206017593812937),
 .UNSPECIFIED.);
#108=B_SPLINE_CURVE_WITH_KNOTS('',3,(#5472,#5473,#5474,#5475,#5476),
 .UNSPECIFIED.,.F.,.F.,(4,1,4),(0.,0.11021207280665,0.206667550757954),
 .UNSPECIFIED.);
#109=B_SPLINE_CURVE_WITH_KNOTS('',3,(#5487,#5488,#5489,#5490,#5491),
 .UNSPECIFIED.,.F.,.F.,(4,1,4),(0.,0.0705551772747495,0.15133613175303),
 .UNSPECIFIED.);
#110=STYLED_ITEM('',(#5638),#112);
#111=STYLED_ITEM('',(#5638),#113);
#112=MANIFOLD_SOLID_BREP('ESP32 CanBus shield case mk1',#3213);
#113=MANIFOLD_SOLID_BREP('ESP32 CanBus shield case lid mk1',#3214);
#114=CONICAL_SURFACE('',#3268,2.75,0.785398163397429);
#115=CONICAL_SURFACE('',#3274,2.75,0.785398163397429);
#116=FACE_BOUND('',#424,.T.);
#117=FACE_BOUND('',#425,.T.);
#118=FACE_BOUND('',#431,.T.);
#119=FACE_BOUND('',#432,.T.);
#120=FACE_BOUND('',#448,.T.);
#121=FACE_BOUND('',#449,.T.);
#122=FACE_BOUND('',#470,.T.);
#123=FACE_BOUND('',#471,.T.);
#124=FACE_BOUND('',#472,.T.);
#125=FACE_BOUND('',#473,.T.);
#126=FACE_BOUND('',#474,.T.);
#127=FACE_BOUND('',#475,.T.);
#128=FACE_BOUND('',#476,.T.);
#129=FACE_BOUND('',#477,.T.);
#130=FACE_BOUND('',#478,.T.);
#131=FACE_BOUND('',#479,.T.);
#132=FACE_BOUND('',#480,.T.);
#133=FACE_BOUND('',#481,.T.);
#134=FACE_BOUND('',#482,.T.);
#135=FACE_BOUND('',#483,.T.);
#136=FACE_BOUND('',#484,.T.);
#137=FACE_BOUND('',#485,.T.);
#138=FACE_BOUND('',#490,.T.);
#139=FACE_BOUND('',#491,.T.);
#140=FACE_BOUND('',#492,.T.);
#141=FACE_BOUND('',#493,.T.);
#142=FACE_BOUND('',#494,.T.);
#143=FACE_BOUND('',#495,.T.);
#144=FACE_BOUND('',#496,.T.);
#145=FACE_BOUND('',#497,.T.);
#146=FACE_BOUND('',#498,.T.);
#147=FACE_BOUND('',#499,.T.);
#148=FACE_BOUND('',#500,.T.);
#149=FACE_BOUND('',#560,.T.);
#150=PLANE('',#3234);
#151=PLANE('',#3235);
#152=PLANE('',#3236);
#153=PLANE('',#3237);
#154=PLANE('',#3243);
#155=PLANE('',#3248);
#156=PLANE('',#3249);
#157=PLANE('',#3250);
#158=PLANE('',#3254);
#159=PLANE('',#3256);
#160=PLANE('',#3257);
#161=PLANE('',#3258);
#162=PLANE('',#3259);
#163=PLANE('',#3260);
#164=PLANE('',#3261);
#165=PLANE('',#3262);
#166=PLANE('',#3263);
#167=PLANE('',#3264);
#168=PLANE('',#3265);
#169=PLANE('',#3266);
#170=PLANE('',#3267);
#171=PLANE('',#3271);
#172=PLANE('',#3277);
#173=PLANE('',#3278);
#174=PLANE('',#3279);
#175=PLANE('',#3280);
#176=PLANE('',#3281);
#177=PLANE('',#3282);
#178=PLANE('',#3283);
#179=PLANE('',#3284);
#180=PLANE('',#3285);
#181=PLANE('',#3286);
#182=PLANE('',#3287);
#183=PLANE('',#3288);
#184=PLANE('',#3289);
#185=PLANE('',#3290);
#186=PLANE('',#3291);
#187=PLANE('',#3292);
#188=PLANE('',#3293);
#189=PLANE('',#3316);
#190=PLANE('',#3317);
#191=PLANE('',#3318);
#192=PLANE('',#3319);
#193=PLANE('',#3342);
#194=PLANE('',#3343);
#195=PLANE('',#3344);
#196=PLANE('',#3345);
#197=PLANE('',#3346);
#198=PLANE('',#3347);
#199=PLANE('',#3348);
#200=PLANE('',#3349);
#201=PLANE('',#3350);
#202=PLANE('',#3351);
#203=PLANE('',#3352);
#204=PLANE('',#3353);
#205=PLANE('',#3354);
#206=PLANE('',#3355);
#207=PLANE('',#3356);
#208=PLANE('',#3357);
#209=PLANE('',#3358);
#210=PLANE('',#3359);
#211=PLANE('',#3360);
#212=PLANE('',#3361);
#213=PLANE('',#3362);
#214=PLANE('',#3363);
#215=PLANE('',#3364);
#216=PLANE('',#3365);
#217=PLANE('',#3366);
#218=PLANE('',#3367);
#219=PLANE('',#3368);
#220=PLANE('',#3369);
#221=PLANE('',#3370);
#222=PLANE('',#3371);
#223=PLANE('',#3372);
#224=PLANE('',#3373);
#225=PLANE('',#3374);
#226=PLANE('',#3375);
#227=PLANE('',#3376);
#228=PLANE('',#3378);
#229=PLANE('',#3380);
#230=PLANE('',#3382);
#231=PLANE('',#3384);
#232=PLANE('',#3386);
#233=PLANE('',#3388);
#234=PLANE('',#3390);
#235=PLANE('',#3392);
#236=PLANE('',#3394);
#237=PLANE('',#3396);
#238=PLANE('',#3398);
#239=PLANE('',#3400);
#240=PLANE('',#3402);
#241=PLANE('',#3404);
#242=PLANE('',#3406);
#243=PLANE('',#3408);
#244=PLANE('',#3410);
#245=PLANE('',#3412);
#246=PLANE('',#3414);
#247=PLANE('',#3416);
#248=PLANE('',#3418);
#249=PLANE('',#3420);
#250=PLANE('',#3421);
#251=PLANE('',#3422);
#252=PLANE('',#3423);
#253=FACE_OUTER_BOUND('',#417,.T.);
#254=FACE_OUTER_BOUND('',#418,.T.);
#255=FACE_OUTER_BOUND('',#419,.T.);
#256=FACE_OUTER_BOUND('',#420,.T.);
#257=FACE_OUTER_BOUND('',#421,.T.);
#258=FACE_OUTER_BOUND('',#422,.T.);
#259=FACE_OUTER_BOUND('',#423,.T.);
#260=FACE_OUTER_BOUND('',#426,.T.);
#261=FACE_OUTER_BOUND('',#427,.T.);
#262=FACE_OUTER_BOUND('',#428,.T.);
#263=FACE_OUTER_BOUND('',#429,.T.);
#264=FACE_OUTER_BOUND('',#430,.T.);
#265=FACE_OUTER_BOUND('',#433,.T.);
#266=FACE_OUTER_BOUND('',#434,.T.);
#267=FACE_OUTER_BOUND('',#435,.T.);
#268=FACE_OUTER_BOUND('',#436,.T.);
#269=FACE_OUTER_BOUND('',#437,.T.);
#270=FACE_OUTER_BOUND('',#438,.T.);
#271=FACE_OUTER_BOUND('',#439,.T.);
#272=FACE_OUTER_BOUND('',#440,.T.);
#273=FACE_OUTER_BOUND('',#441,.T.);
#274=FACE_OUTER_BOUND('',#442,.T.);
#275=FACE_OUTER_BOUND('',#443,.T.);
#276=FACE_OUTER_BOUND('',#444,.T.);
#277=FACE_OUTER_BOUND('',#445,.T.);
#278=FACE_OUTER_BOUND('',#446,.T.);
#279=FACE_OUTER_BOUND('',#447,.T.);
#280=FACE_OUTER_BOUND('',#450,.T.);
#281=FACE_OUTER_BOUND('',#451,.T.);
#282=FACE_OUTER_BOUND('',#452,.T.);
#283=FACE_OUTER_BOUND('',#453,.T.);
#284=FACE_OUTER_BOUND('',#454,.T.);
#285=FACE_OUTER_BOUND('',#455,.T.);
#286=FACE_OUTER_BOUND('',#456,.T.);
#287=FACE_OUTER_BOUND('',#457,.T.);
#288=FACE_OUTER_BOUND('',#458,.T.);
#289=FACE_OUTER_BOUND('',#459,.T.);
#290=FACE_OUTER_BOUND('',#460,.T.);
#291=FACE_OUTER_BOUND('',#461,.T.);
#292=FACE_OUTER_BOUND('',#462,.T.);
#293=FACE_OUTER_BOUND('',#463,.T.);
#294=FACE_OUTER_BOUND('',#464,.T.);
#295=FACE_OUTER_BOUND('',#465,.T.);
#296=FACE_OUTER_BOUND('',#466,.T.);
#297=FACE_OUTER_BOUND('',#467,.T.);
#298=FACE_OUTER_BOUND('',#468,.T.);
#299=FACE_OUTER_BOUND('',#469,.T.);
#300=FACE_OUTER_BOUND('',#486,.T.);
#301=FACE_OUTER_BOUND('',#487,.T.);
#302=FACE_OUTER_BOUND('',#488,.T.);
#303=FACE_OUTER_BOUND('',#489,.T.);
#304=FACE_OUTER_BOUND('',#501,.T.);
#305=FACE_OUTER_BOUND('',#502,.T.);
#306=FACE_OUTER_BOUND('',#503,.T.);
#307=FACE_OUTER_BOUND('',#504,.T.);
#308=FACE_OUTER_BOUND('',#505,.T.);
#309=FACE_OUTER_BOUND('',#506,.T.);
#310=FACE_OUTER_BOUND('',#507,.T.);
#311=FACE_OUTER_BOUND('',#508,.T.);
#312=FACE_OUTER_BOUND('',#509,.T.);
#313=FACE_OUTER_BOUND('',#510,.T.);
#314=FACE_OUTER_BOUND('',#511,.T.);
#315=FACE_OUTER_BOUND('',#512,.T.);
#316=FACE_OUTER_BOUND('',#513,.T.);
#317=FACE_OUTER_BOUND('',#514,.T.);
#318=FACE_OUTER_BOUND('',#515,.T.);
#319=FACE_OUTER_BOUND('',#516,.T.);
#320=FACE_OUTER_BOUND('',#517,.T.);
#321=FACE_OUTER_BOUND('',#518,.T.);
#322=FACE_OUTER_BOUND('',#519,.T.);
#323=FACE_OUTER_BOUND('',#520,.T.);
#324=FACE_OUTER_BOUND('',#521,.T.);
#325=FACE_OUTER_BOUND('',#522,.T.);
#326=FACE_OUTER_BOUND('',#523,.T.);
#327=FACE_OUTER_BOUND('',#524,.T.);
#328=FACE_OUTER_BOUND('',#525,.T.);
#329=FACE_OUTER_BOUND('',#526,.T.);
#330=FACE_OUTER_BOUND('',#527,.T.);
#331=FACE_OUTER_BOUND('',#528,.T.);
#332=FACE_OUTER_BOUND('',#529,.T.);
#333=FACE_OUTER_BOUND('',#530,.T.);
#334=FACE_OUTER_BOUND('',#531,.T.);
#335=FACE_OUTER_BOUND('',#532,.T.);
#336=FACE_OUTER_BOUND('',#533,.T.);
#337=FACE_OUTER_BOUND('',#534,.T.);
#338=FACE_OUTER_BOUND('',#535,.T.);
#339=FACE_OUTER_BOUND('',#536,.T.);
#340=FACE_OUTER_BOUND('',#537,.T.);
#341=FACE_OUTER_BOUND('',#538,.T.);
#342=FACE_OUTER_BOUND('',#539,.T.);
#343=FACE_OUTER_BOUND('',#540,.T.);
#344=FACE_OUTER_BOUND('',#541,.T.);
#345=FACE_OUTER_BOUND('',#542,.T.);
#346=FACE_OUTER_BOUND('',#543,.T.);
#347=FACE_OUTER_BOUND('',#544,.T.);
#348=FACE_OUTER_BOUND('',#545,.T.);
#349=FACE_OUTER_BOUND('',#546,.T.);
#350=FACE_OUTER_BOUND('',#547,.T.);
#351=FACE_OUTER_BOUND('',#548,.T.);
#352=FACE_OUTER_BOUND('',#549,.T.);
#353=FACE_OUTER_BOUND('',#550,.T.);
#354=FACE_OUTER_BOUND('',#551,.T.);
#355=FACE_OUTER_BOUND('',#552,.T.);
#356=FACE_OUTER_BOUND('',#553,.T.);
#357=FACE_OUTER_BOUND('',#554,.T.);
#358=FACE_OUTER_BOUND('',#555,.T.);
#359=FACE_OUTER_BOUND('',#556,.T.);
#360=FACE_OUTER_BOUND('',#557,.T.);
#361=FACE_OUTER_BOUND('',#558,.T.);
#362=FACE_OUTER_BOUND('',#559,.T.);
#363=FACE_OUTER_BOUND('',#561,.T.);
#364=FACE_OUTER_BOUND('',#562,.T.);
#365=FACE_OUTER_BOUND('',#563,.T.);
#366=FACE_OUTER_BOUND('',#564,.T.);
#367=FACE_OUTER_BOUND('',#565,.T.);
#368=FACE_OUTER_BOUND('',#566,.T.);
#369=FACE_OUTER_BOUND('',#567,.T.);
#370=FACE_OUTER_BOUND('',#568,.T.);
#371=FACE_OUTER_BOUND('',#569,.T.);
#372=FACE_OUTER_BOUND('',#570,.T.);
#373=FACE_OUTER_BOUND('',#571,.T.);
#374=FACE_OUTER_BOUND('',#572,.T.);
#375=FACE_OUTER_BOUND('',#573,.T.);
#376=FACE_OUTER_BOUND('',#574,.T.);
#377=FACE_OUTER_BOUND('',#575,.T.);
#378=FACE_OUTER_BOUND('',#576,.T.);
#379=FACE_OUTER_BOUND('',#577,.T.);
#380=FACE_OUTER_BOUND('',#578,.T.);
#381=FACE_OUTER_BOUND('',#579,.T.);
#382=FACE_OUTER_BOUND('',#580,.T.);
#383=FACE_OUTER_BOUND('',#581,.T.);
#384=FACE_OUTER_BOUND('',#582,.T.);
#385=FACE_OUTER_BOUND('',#583,.T.);
#386=FACE_OUTER_BOUND('',#584,.T.);
#387=FACE_OUTER_BOUND('',#585,.T.);
#388=FACE_OUTER_BOUND('',#586,.T.);
#389=FACE_OUTER_BOUND('',#587,.T.);
#390=FACE_OUTER_BOUND('',#588,.T.);
#391=FACE_OUTER_BOUND('',#589,.T.);
#392=FACE_OUTER_BOUND('',#590,.T.);
#393=FACE_OUTER_BOUND('',#591,.T.);
#394=FACE_OUTER_BOUND('',#592,.T.);
#395=FACE_OUTER_BOUND('',#593,.T.);
#396=FACE_OUTER_BOUND('',#594,.T.);
#397=FACE_OUTER_BOUND('',#595,.T.);
#398=FACE_OUTER_BOUND('',#596,.T.);
#399=FACE_OUTER_BOUND('',#597,.T.);
#400=FACE_OUTER_BOUND('',#598,.T.);
#401=FACE_OUTER_BOUND('',#599,.T.);
#402=FACE_OUTER_BOUND('',#600,.T.);
#403=FACE_OUTER_BOUND('',#601,.T.);
#404=FACE_OUTER_BOUND('',#602,.T.);
#405=FACE_OUTER_BOUND('',#603,.T.);
#406=FACE_OUTER_BOUND('',#604,.T.);
#407=FACE_OUTER_BOUND('',#605,.T.);
#408=FACE_OUTER_BOUND('',#606,.T.);
#409=FACE_OUTER_BOUND('',#607,.T.);
#410=FACE_OUTER_BOUND('',#608,.T.);
#411=FACE_OUTER_BOUND('',#609,.T.);
#412=FACE_OUTER_BOUND('',#610,.T.);
#413=FACE_OUTER_BOUND('',#611,.T.);
#414=FACE_OUTER_BOUND('',#612,.T.);
#415=FACE_OUTER_BOUND('',#613,.T.);
#416=FACE_OUTER_BOUND('',#614,.T.);
#417=EDGE_LOOP('',(#2105,#2106,#2107,#2108,#2109,#2110,#2111));
#418=EDGE_LOOP('',(#2112,#2113,#2114,#2115,#2116,#2117,#2118));
#419=EDGE_LOOP('',(#2119,#2120,#2121,#2122,#2123));
#420=EDGE_LOOP('',(#2124,#2125,#2126));
#421=EDGE_LOOP('',(#2127,#2128,#2129,#2130,#2131,#2132));
#422=EDGE_LOOP('',(#2133,#2134,#2135,#2136,#2137,#2138,#2139));
#423=EDGE_LOOP('',(#2140,#2141,#2142,#2143,#2144,#2145,#2146,#2147));
#424=EDGE_LOOP('',(#2148));
#425=EDGE_LOOP('',(#2149));
#426=EDGE_LOOP('',(#2150,#2151,#2152,#2153));
#427=EDGE_LOOP('',(#2154,#2155,#2156));
#428=EDGE_LOOP('',(#2157,#2158,#2159,#2160,#2161,#2162,#2163,#2164,#2165,
#2166,#2167,#2168));
#429=EDGE_LOOP('',(#2169,#2170,#2171,#2172));
#430=EDGE_LOOP('',(#2173,#2174,#2175,#2176));
#431=EDGE_LOOP('',(#2177,#2178,#2179,#2180));
#432=EDGE_LOOP('',(#2181,#2182,#2183,#2184));
#433=EDGE_LOOP('',(#2185,#2186,#2187,#2188));
#434=EDGE_LOOP('',(#2189,#2190,#2191,#2192,#2193));
#435=EDGE_LOOP('',(#2194,#2195,#2196,#2197,#2198));
#436=EDGE_LOOP('',(#2199,#2200,#2201,#2202,#2203,#2204,#2205,#2206,#2207,
#2208));
#437=EDGE_LOOP('',(#2209,#2210,#2211,#2212,#2213,#2214));
#438=EDGE_LOOP('',(#2215,#2216,#2217,#2218,#2219,#2220,#2221,#2222));
#439=EDGE_LOOP('',(#2223,#2224,#2225,#2226,#2227,#2228));
#440=EDGE_LOOP('',(#2229,#2230,#2231,#2232,#2233,#2234,#2235,#2236));
#441=EDGE_LOOP('',(#2237,#2238,#2239,#2240));
#442=EDGE_LOOP('',(#2241,#2242,#2243,#2244));
#443=EDGE_LOOP('',(#2245,#2246,#2247,#2248,#2249,#2250,#2251,#2252));
#444=EDGE_LOOP('',(#2253,#2254,#2255,#2256,#2257,#2258,#2259,#2260));
#445=EDGE_LOOP('',(#2261,#2262,#2263,#2264,#2265,#2266));
#446=EDGE_LOOP('',(#2267,#2268,#2269,#2270));
#447=EDGE_LOOP('',(#2271,#2272,#2273,#2274,#2275,#2276,#2277,#2278,#2279,
#2280));
#448=EDGE_LOOP('',(#2281));
#449=EDGE_LOOP('',(#2282));
#450=EDGE_LOOP('',(#2283,#2284,#2285,#2286));
#451=EDGE_LOOP('',(#2287,#2288,#2289,#2290));
#452=EDGE_LOOP('',(#2291,#2292,#2293,#2294));
#453=EDGE_LOOP('',(#2295,#2296,#2297,#2298));
#454=EDGE_LOOP('',(#2299,#2300,#2301,#2302));
#455=EDGE_LOOP('',(#2303,#2304,#2305,#2306));
#456=EDGE_LOOP('',(#2307,#2308,#2309,#2310));
#457=EDGE_LOOP('',(#2311,#2312,#2313,#2314));
#458=EDGE_LOOP('',(#2315,#2316,#2317,#2318));
#459=EDGE_LOOP('',(#2319,#2320,#2321,#2322));
#460=EDGE_LOOP('',(#2323,#2324,#2325,#2326));
#461=EDGE_LOOP('',(#2327,#2328,#2329,#2330));
#462=EDGE_LOOP('',(#2331,#2332,#2333,#2334));
#463=EDGE_LOOP('',(#2335,#2336,#2337,#2338));
#464=EDGE_LOOP('',(#2339,#2340,#2341,#2342));
#465=EDGE_LOOP('',(#2343,#2344,#2345,#2346));
#466=EDGE_LOOP('',(#2347,#2348,#2349,#2350));
#467=EDGE_LOOP('',(#2351,#2352,#2353,#2354));
#468=EDGE_LOOP('',(#2355,#2356,#2357,#2358,#2359,#2360));
#469=EDGE_LOOP('',(#2361,#2362,#2363,#2364,#2365,#2366));
#470=EDGE_LOOP('',(#2367,#2368,#2369,#2370,#2371,#2372,#2373,#2374,#2375,
#2376));
#471=EDGE_LOOP('',(#2377,#2378,#2379,#2380,#2381,#2382,#2383,#2384));
#472=EDGE_LOOP('',(#2385,#2386,#2387,#2388,#2389,#2390,#2391,#2392,#2393,
#2394,#2395,#2396,#2397,#2398,#2399,#2400,#2401,#2402,#2403));
#473=EDGE_LOOP('',(#2404,#2405,#2406,#2407,#2408,#2409,#2410,#2411,#2412,
#2413));
#474=EDGE_LOOP('',(#2414,#2415,#2416,#2417));
#475=EDGE_LOOP('',(#2418,#2419,#2420,#2421));
#476=EDGE_LOOP('',(#2422,#2423,#2424,#2425));
#477=EDGE_LOOP('',(#2426,#2427,#2428,#2429));
#478=EDGE_LOOP('',(#2430,#2431,#2432,#2433));
#479=EDGE_LOOP('',(#2434,#2435,#2436,#2437));
#480=EDGE_LOOP('',(#2438,#2439,#2440,#2441));
#481=EDGE_LOOP('',(#2442,#2443,#2444,#2445));
#482=EDGE_LOOP('',(#2446,#2447,#2448,#2449));
#483=EDGE_LOOP('',(#2450,#2451,#2452,#2453));
#484=EDGE_LOOP('',(#2454,#2455,#2456,#2457));
#485=EDGE_LOOP('',(#2458,#2459,#2460,#2461));
#486=EDGE_LOOP('',(#2462,#2463,#2464,#2465));
#487=EDGE_LOOP('',(#2466,#2467,#2468,#2469));
#488=EDGE_LOOP('',(#2470,#2471,#2472,#2473));
#489=EDGE_LOOP('',(#2474,#2475,#2476,#2477,#2478,#2479));
#490=EDGE_LOOP('',(#2480,#2481,#2482,#2483));
#491=EDGE_LOOP('',(#2484,#2485,#2486,#2487));
#492=EDGE_LOOP('',(#2488,#2489,#2490,#2491));
#493=EDGE_LOOP('',(#2492,#2493,#2494,#2495));
#494=EDGE_LOOP('',(#2496,#2497,#2498,#2499));
#495=EDGE_LOOP('',(#2500,#2501,#2502,#2503));
#496=EDGE_LOOP('',(#2504,#2505,#2506,#2507));
#497=EDGE_LOOP('',(#2508,#2509,#2510,#2511));
#498=EDGE_LOOP('',(#2512,#2513,#2514,#2515));
#499=EDGE_LOOP('',(#2516,#2517,#2518,#2519));
#500=EDGE_LOOP('',(#2520,#2521,#2522,#2523));
#501=EDGE_LOOP('',(#2524,#2525,#2526,#2527));
#502=EDGE_LOOP('',(#2528,#2529,#2530,#2531));
#503=EDGE_LOOP('',(#2532,#2533,#2534,#2535));
#504=EDGE_LOOP('',(#2536,#2537,#2538,#2539));
#505=EDGE_LOOP('',(#2540,#2541,#2542,#2543));
#506=EDGE_LOOP('',(#2544,#2545,#2546,#2547));
#507=EDGE_LOOP('',(#2548,#2549,#2550,#2551));
#508=EDGE_LOOP('',(#2552,#2553,#2554,#2555));
#509=EDGE_LOOP('',(#2556,#2557,#2558,#2559));
#510=EDGE_LOOP('',(#2560,#2561,#2562,#2563));
#511=EDGE_LOOP('',(#2564,#2565,#2566,#2567,#2568,#2569,#2570,#2571,#2572,
#2573));
#512=EDGE_LOOP('',(#2574,#2575,#2576,#2577));
#513=EDGE_LOOP('',(#2578,#2579,#2580,#2581));
#514=EDGE_LOOP('',(#2582,#2583,#2584,#2585));
#515=EDGE_LOOP('',(#2586,#2587,#2588,#2589));
#516=EDGE_LOOP('',(#2590,#2591,#2592,#2593));
#517=EDGE_LOOP('',(#2594,#2595,#2596,#2597));
#518=EDGE_LOOP('',(#2598,#2599,#2600,#2601));
#519=EDGE_LOOP('',(#2602,#2603,#2604,#2605));
#520=EDGE_LOOP('',(#2606,#2607,#2608,#2609,#2610,#2611,#2612,#2613));
#521=EDGE_LOOP('',(#2614,#2615,#2616,#2617));
#522=EDGE_LOOP('',(#2618,#2619,#2620,#2621));
#523=EDGE_LOOP('',(#2622,#2623,#2624,#2625));
#524=EDGE_LOOP('',(#2626,#2627,#2628,#2629));
#525=EDGE_LOOP('',(#2630,#2631,#2632,#2633));
#526=EDGE_LOOP('',(#2634,#2635,#2636,#2637));
#527=EDGE_LOOP('',(#2638,#2639,#2640,#2641));
#528=EDGE_LOOP('',(#2642,#2643,#2644,#2645));
#529=EDGE_LOOP('',(#2646,#2647,#2648,#2649));
#530=EDGE_LOOP('',(#2650,#2651,#2652,#2653));
#531=EDGE_LOOP('',(#2654,#2655,#2656,#2657));
#532=EDGE_LOOP('',(#2658,#2659,#2660,#2661));
#533=EDGE_LOOP('',(#2662,#2663,#2664,#2665));
#534=EDGE_LOOP('',(#2666,#2667,#2668,#2669));
#535=EDGE_LOOP('',(#2670,#2671,#2672,#2673));
#536=EDGE_LOOP('',(#2674,#2675,#2676,#2677));
#537=EDGE_LOOP('',(#2678,#2679,#2680,#2681));
#538=EDGE_LOOP('',(#2682,#2683,#2684,#2685));
#539=EDGE_LOOP('',(#2686,#2687,#2688,#2689));
#540=EDGE_LOOP('',(#2690,#2691,#2692,#2693,#2694,#2695,#2696,#2697,#2698,
#2699,#2700,#2701,#2702,#2703,#2704,#2705,#2706,#2707,#2708));
#541=EDGE_LOOP('',(#2709,#2710,#2711,#2712));
#542=EDGE_LOOP('',(#2713,#2714,#2715,#2716));
#543=EDGE_LOOP('',(#2717,#2718,#2719,#2720));
#544=EDGE_LOOP('',(#2721,#2722,#2723,#2724));
#545=EDGE_LOOP('',(#2725,#2726,#2727,#2728));
#546=EDGE_LOOP('',(#2729,#2730,#2731,#2732));
#547=EDGE_LOOP('',(#2733,#2734,#2735,#2736));
#548=EDGE_LOOP('',(#2737,#2738,#2739,#2740));
#549=EDGE_LOOP('',(#2741,#2742,#2743,#2744));
#550=EDGE_LOOP('',(#2745,#2746,#2747,#2748));
#551=EDGE_LOOP('',(#2749,#2750,#2751,#2752));
#552=EDGE_LOOP('',(#2753,#2754,#2755,#2756));
#553=EDGE_LOOP('',(#2757,#2758,#2759,#2760));
#554=EDGE_LOOP('',(#2761,#2762,#2763,#2764));
#555=EDGE_LOOP('',(#2765,#2766,#2767,#2768));
#556=EDGE_LOOP('',(#2769,#2770,#2771,#2772));
#557=EDGE_LOOP('',(#2773,#2774,#2775,#2776));
#558=EDGE_LOOP('',(#2777,#2778,#2779,#2780));
#559=EDGE_LOOP('',(#2781,#2782,#2783,#2784,#2785,#2786,#2787,#2788,#2789,
#2790));
#560=EDGE_LOOP('',(#2791,#2792,#2793,#2794,#2795,#2796,#2797,#2798));
#561=EDGE_LOOP('',(#2799,#2800,#2801,#2802));
#562=EDGE_LOOP('',(#2803,#2804,#2805,#2806));
#563=EDGE_LOOP('',(#2807,#2808,#2809,#2810));
#564=EDGE_LOOP('',(#2811,#2812,#2813,#2814));
#565=EDGE_LOOP('',(#2815,#2816,#2817,#2818));
#566=EDGE_LOOP('',(#2819,#2820,#2821,#2822,#2823,#2824,#2825,#2826));
#567=EDGE_LOOP('',(#2827,#2828,#2829,#2830));
#568=EDGE_LOOP('',(#2831,#2832,#2833,#2834));
#569=EDGE_LOOP('',(#2835,#2836,#2837,#2838));
#570=EDGE_LOOP('',(#2839,#2840,#2841,#2842));
#571=EDGE_LOOP('',(#2843,#2844,#2845,#2846));
#572=EDGE_LOOP('',(#2847,#2848,#2849,#2850));
#573=EDGE_LOOP('',(#2851,#2852,#2853,#2854));
#574=EDGE_LOOP('',(#2855,#2856,#2857,#2858));
#575=EDGE_LOOP('',(#2859,#2860,#2861,#2862));
#576=EDGE_LOOP('',(#2863,#2864,#2865,#2866));
#577=EDGE_LOOP('',(#2867,#2868,#2869,#2870));
#578=EDGE_LOOP('',(#2871,#2872,#2873,#2874));
#579=EDGE_LOOP('',(#2875,#2876,#2877,#2878));
#580=EDGE_LOOP('',(#2879,#2880,#2881,#2882));
#581=EDGE_LOOP('',(#2883,#2884,#2885,#2886));
#582=EDGE_LOOP('',(#2887,#2888,#2889,#2890));
#583=EDGE_LOOP('',(#2891,#2892,#2893,#2894));
#584=EDGE_LOOP('',(#2895,#2896,#2897,#2898));
#585=EDGE_LOOP('',(#2899,#2900,#2901,#2902));
#586=EDGE_LOOP('',(#2903,#2904,#2905,#2906));
#587=EDGE_LOOP('',(#2907,#2908,#2909,#2910));
#588=EDGE_LOOP('',(#2911,#2912,#2913,#2914));
#589=EDGE_LOOP('',(#2915,#2916,#2917,#2918));
#590=EDGE_LOOP('',(#2919,#2920,#2921,#2922));
#591=EDGE_LOOP('',(#2923,#2924,#2925,#2926));
#592=EDGE_LOOP('',(#2927,#2928,#2929,#2930));
#593=EDGE_LOOP('',(#2931,#2932,#2933,#2934));
#594=EDGE_LOOP('',(#2935,#2936,#2937,#2938));
#595=EDGE_LOOP('',(#2939,#2940,#2941,#2942));
#596=EDGE_LOOP('',(#2943,#2944,#2945,#2946));
#597=EDGE_LOOP('',(#2947,#2948,#2949,#2950));
#598=EDGE_LOOP('',(#2951,#2952,#2953,#2954));
#599=EDGE_LOOP('',(#2955,#2956,#2957,#2958));
#600=EDGE_LOOP('',(#2959,#2960,#2961,#2962));
#601=EDGE_LOOP('',(#2963,#2964,#2965,#2966));
#602=EDGE_LOOP('',(#2967,#2968,#2969,#2970));
#603=EDGE_LOOP('',(#2971,#2972,#2973,#2974));
#604=EDGE_LOOP('',(#2975,#2976,#2977,#2978));
#605=EDGE_LOOP('',(#2979,#2980,#2981,#2982));
#606=EDGE_LOOP('',(#2983,#2984,#2985,#2986));
#607=EDGE_LOOP('',(#2987,#2988,#2989,#2990));
#608=EDGE_LOOP('',(#2991,#2992,#2993,#2994));
#609=EDGE_LOOP('',(#2995,#2996,#2997,#2998));
#610=EDGE_LOOP('',(#2999,#3000,#3001,#3002));
#611=EDGE_LOOP('',(#3003,#3004,#3005,#3006));
#612=EDGE_LOOP('',(#3007,#3008,#3009,#3010));
#613=EDGE_LOOP('',(#3011,#3012,#3013,#3014));
#614=EDGE_LOOP('',(#3015,#3016,#3017,#3018,#3019,#3020));
#615=ELLIPSE('',#3232,2.82842712474661,2.);
#616=ELLIPSE('',#3233,2.82842712474641,2.);
#617=ELLIPSE('',#3239,2.82842712474662,2.);
#618=ELLIPSE('',#3242,2.82842712474642,2.);
#619=LINE('',#4162,#953);
#620=LINE('',#4166,#954);
#621=LINE('',#4171,#955);
#622=LINE('',#4174,#956);
#623=LINE('',#4176,#957);
#624=LINE('',#4178,#958);
#625=LINE('',#4180,#959);
#626=LINE('',#4182,#960);
#627=LINE('',#4183,#961);
#628=LINE('',#4186,#962);
#629=LINE('',#4188,#963);
#630=LINE('',#4189,#964);
#631=LINE('',#4191,#965);
#632=LINE('',#4194,#966);
#633=LINE('',#4196,#967);
#634=LINE('',#4198,#968);
#635=LINE('',#4199,#969);
#636=LINE('',#4205,#970);
#637=LINE('',#4209,#971);
#638=LINE('',#4214,#972);
#639=LINE('',#4218,#973);
#640=LINE('',#4221,#974);
#641=LINE('',#4228,#975);
#642=LINE('',#4229,#976);
#643=LINE('',#4232,#977);
#644=LINE('',#4233,#978);
#645=LINE('',#4236,#979);
#646=LINE('',#4240,#980);
#647=LINE('',#4243,#981);
#648=LINE('',#4244,#982);
#649=LINE('',#4246,#983);
#650=LINE('',#4248,#984);
#651=LINE('',#4251,#985);
#652=LINE('',#4253,#986);
#653=LINE('',#4255,#987);
#654=LINE('',#4256,#988);
#655=LINE('',#4259,#989);
#656=LINE('',#4261,#990);
#657=LINE('',#4263,#991);
#658=LINE('',#4264,#992);
#659=LINE('',#4266,#993);
#660=LINE('',#4269,#994);
#661=LINE('',#4270,#995);
#662=LINE('',#4273,#996);
#663=LINE('',#4274,#997);
#664=LINE('',#4277,#998);
#665=LINE('',#4279,#999);
#666=LINE('',#4281,#1000);
#667=LINE('',#4283,#1001);
#668=LINE('',#4284,#1002);
#669=LINE('',#4285,#1003);
#670=LINE('',#4289,#1004);
#671=LINE('',#4291,#1005);
#672=LINE('',#4293,#1006);
#673=LINE('',#4295,#1007);
#674=LINE('',#4297,#1008);
#675=LINE('',#4299,#1009);
#676=LINE('',#4300,#1010);
#677=LINE('',#4303,#1011);
#678=LINE('',#4305,#1012);
#679=LINE('',#4307,#1013);
#680=LINE('',#4308,#1014);
#681=LINE('',#4311,#1015);
#682=LINE('',#4313,#1016);
#683=LINE('',#4315,#1017);
#684=LINE('',#4317,#1018);
#685=LINE('',#4319,#1019);
#686=LINE('',#4320,#1020);
#687=LINE('',#4322,#1021);
#688=LINE('',#4323,#1022);
#689=LINE('',#4326,#1023);
#690=LINE('',#4328,#1024);
#691=LINE('',#4329,#1025);
#692=LINE('',#4331,#1026);
#693=LINE('',#4333,#1027);
#694=LINE('',#4335,#1028);
#695=LINE('',#4336,#1029);
#696=LINE('',#4337,#1030);
#697=LINE('',#4340,#1031);
#698=LINE('',#4341,#1032);
#699=LINE('',#4343,#1033);
#700=LINE('',#4344,#1034);
#701=LINE('',#4347,#1035);
#702=LINE('',#4349,#1036);
#703=LINE('',#4350,#1037);
#704=LINE('',#4355,#1038);
#705=LINE('',#4359,#1039);
#706=LINE('',#4361,#1040);
#707=LINE('',#4362,#1041);
#708=LINE('',#4363,#1042);
#709=LINE('',#4367,#1043);
#710=LINE('',#4371,#1044);
#711=LINE('',#4373,#1045);
#712=LINE('',#4376,#1046);
#713=LINE('',#4377,#1047);
#714=LINE('',#4379,#1048);
#715=LINE('',#4383,#1049);
#716=LINE('',#4384,#1050);
#717=LINE('',#4386,#1051);
#718=LINE('',#4389,#1052);
#719=LINE('',#4391,#1053);
#720=LINE('',#4393,#1054);
#721=LINE('',#4395,#1055);
#722=LINE('',#4402,#1056);
#723=LINE('',#4404,#1057);
#724=LINE('',#4406,#1058);
#725=LINE('',#4407,#1059);
#726=LINE('',#4410,#1060);
#727=LINE('',#4412,#1061);
#728=LINE('',#4413,#1062);
#729=LINE('',#4416,#1063);
#730=LINE('',#4418,#1064);
#731=LINE('',#4420,#1065);
#732=LINE('',#4421,#1066);
#733=LINE('',#4424,#1067);
#734=LINE('',#4426,#1068);
#735=LINE('',#4428,#1069);
#736=LINE('',#4429,#1070);
#737=LINE('',#4432,#1071);
#738=LINE('',#4434,#1072);
#739=LINE('',#4436,#1073);
#740=LINE('',#4438,#1074);
#741=LINE('',#4440,#1075);
#742=LINE('',#4442,#1076);
#743=LINE('',#4444,#1077);
#744=LINE('',#4446,#1078);
#745=LINE('',#4448,#1079);
#746=LINE('',#4449,#1080);
#747=LINE('',#4452,#1081);
#748=LINE('',#4454,#1082);
#749=LINE('',#4456,#1083);
#750=LINE('',#4458,#1084);
#751=LINE('',#4460,#1085);
#752=LINE('',#4462,#1086);
#753=LINE('',#4464,#1087);
#754=LINE('',#4465,#1088);
#755=LINE('',#4474,#1089);
#756=LINE('',#4476,#1090);
#757=LINE('',#4478,#1091);
#758=LINE('',#4534,#1092);
#759=LINE('',#4536,#1093);
#760=LINE('',#4538,#1094);
#761=LINE('',#4618,#1095);
#762=LINE('',#4620,#1096);
#763=LINE('',#4622,#1097);
#764=LINE('',#4623,#1098);
#765=LINE('',#4626,#1099);
#766=LINE('',#4630,#1100);
#767=LINE('',#4634,#1101);
#768=LINE('',#4638,#1102);
#769=LINE('',#4642,#1103);
#770=LINE('',#4646,#1104);
#771=LINE('',#4650,#1105);
#772=LINE('',#4654,#1106);
#773=LINE('',#4658,#1107);
#774=LINE('',#4662,#1108);
#775=LINE('',#4666,#1109);
#776=LINE('',#4670,#1110);
#777=LINE('',#4674,#1111);
#778=LINE('',#4678,#1112);
#779=LINE('',#4682,#1113);
#780=LINE('',#4686,#1114);
#781=LINE('',#4690,#1115);
#782=LINE('',#4694,#1116);
#783=LINE('',#4698,#1117);
#784=LINE('',#4702,#1118);
#785=LINE('',#4706,#1119);
#786=LINE('',#4710,#1120);
#787=LINE('',#4714,#1121);
#788=LINE('',#4715,#1122);
#789=LINE('',#4719,#1123);
#790=LINE('',#4720,#1124);
#791=LINE('',#4721,#1125);
#792=LINE('',#4723,#1126);
#793=LINE('',#4726,#1127);
#794=LINE('',#4728,#1128);
#795=LINE('',#4729,#1129);
#796=LINE('',#4732,#1130);
#797=LINE('',#4736,#1131);
#798=LINE('',#4740,#1132);
#799=LINE('',#4744,#1133);
#800=LINE('',#4748,#1134);
#801=LINE('',#4752,#1135);
#802=LINE('',#4756,#1136);
#803=LINE('',#4760,#1137);
#804=LINE('',#4764,#1138);
#805=LINE('',#4768,#1139);
#806=LINE('',#4772,#1140);
#807=LINE('',#4776,#1141);
#808=LINE('',#4780,#1142);
#809=LINE('',#4784,#1143);
#810=LINE('',#4788,#1144);
#811=LINE('',#4792,#1145);
#812=LINE('',#4796,#1146);
#813=LINE('',#4800,#1147);
#814=LINE('',#4804,#1148);
#815=LINE('',#4808,#1149);
#816=LINE('',#4812,#1150);
#817=LINE('',#4816,#1151);
#818=LINE('',#4820,#1152);
#819=LINE('',#4822,#1153);
#820=LINE('',#4823,#1154);
#821=LINE('',#4826,#1155);
#822=LINE('',#4827,#1156);
#823=LINE('',#4830,#1157);
#824=LINE('',#4831,#1158);
#825=LINE('',#4834,#1159);
#826=LINE('',#4835,#1160);
#827=LINE('',#4838,#1161);
#828=LINE('',#4839,#1162);
#829=LINE('',#4842,#1163);
#830=LINE('',#4843,#1164);
#831=LINE('',#4846,#1165);
#832=LINE('',#4847,#1166);
#833=LINE('',#4850,#1167);
#834=LINE('',#4851,#1168);
#835=LINE('',#4854,#1169);
#836=LINE('',#4855,#1170);
#837=LINE('',#4857,#1171);
#838=LINE('',#4861,#1172);
#839=LINE('',#4863,#1173);
#840=LINE('',#4864,#1174);
#841=LINE('',#4867,#1175);
#842=LINE('',#4868,#1176);
#843=LINE('',#4871,#1177);
#844=LINE('',#4872,#1178);
#845=LINE('',#4875,#1179);
#846=LINE('',#4876,#1180);
#847=LINE('',#4879,#1181);
#848=LINE('',#4880,#1182);
#849=LINE('',#4883,#1183);
#850=LINE('',#4884,#1184);
#851=LINE('',#4887,#1185);
#852=LINE('',#4888,#1186);
#853=LINE('',#4890,#1187);
#854=LINE('',#4903,#1188);
#855=LINE('',#4910,#1189);
#856=LINE('',#4922,#1190);
#857=LINE('',#4939,#1191);
#858=LINE('',#4956,#1192);
#859=LINE('',#4964,#1193);
#860=LINE('',#4965,#1194);
#861=LINE('',#4968,#1195);
#862=LINE('',#4969,#1196);
#863=LINE('',#4972,#1197);
#864=LINE('',#4973,#1198);
#865=LINE('',#4985,#1199);
#866=LINE('',#5002,#1200);
#867=LINE('',#5019,#1201);
#868=LINE('',#5036,#1202);
#869=LINE('',#5053,#1203);
#870=LINE('',#5070,#1204);
#871=LINE('',#5087,#1205);
#872=LINE('',#5104,#1206);
#873=LINE('',#5121,#1207);
#874=LINE('',#5129,#1208);
#875=LINE('',#5130,#1209);
#876=LINE('',#5133,#1210);
#877=LINE('',#5134,#1211);
#878=LINE('',#5136,#1212);
#879=LINE('',#5156,#1213);
#880=LINE('',#5163,#1214);
#881=LINE('',#5181,#1215);
#882=LINE('',#5204,#1216);
#883=LINE('',#5227,#1217);
#884=LINE('',#5250,#1218);
#885=LINE('',#5273,#1219);
#886=LINE('',#5296,#1220);
#887=LINE('',#5333,#1221);
#888=LINE('',#5340,#1222);
#889=LINE('',#5352,#1223);
#890=LINE('',#5369,#1224);
#891=LINE('',#5386,#1225);
#892=LINE('',#5403,#1226);
#893=LINE('',#5420,#1227);
#894=LINE('',#5437,#1228);
#895=LINE('',#5454,#1229);
#896=LINE('',#5471,#1230);
#897=LINE('',#5495,#1231);
#898=LINE('',#5497,#1232);
#899=LINE('',#5498,#1233);
#900=LINE('',#5501,#1234);
#901=LINE('',#5502,#1235);
#902=LINE('',#5505,#1236);
#903=LINE('',#5506,#1237);
#904=LINE('',#5508,#1238);
#905=LINE('',#5512,#1239);
#906=LINE('',#5513,#1240);
#907=LINE('',#5515,#1241);
#908=LINE('',#5517,#1242);
#909=LINE('',#5520,#1243);
#910=LINE('',#5521,#1244);
#911=LINE('',#5523,#1245);
#912=LINE('',#5525,#1246);
#913=LINE('',#5528,#1247);
#914=LINE('',#5529,#1248);
#915=LINE('',#5531,#1249);
#916=LINE('',#5533,#1250);
#917=LINE('',#5536,#1251);
#918=LINE('',#5537,#1252);
#919=LINE('',#5539,#1253);
#920=LINE('',#5541,#1254);
#921=LINE('',#5544,#1255);
#922=LINE('',#5545,#1256);
#923=LINE('',#5547,#1257);
#924=LINE('',#5549,#1258);
#925=LINE('',#5552,#1259);
#926=LINE('',#5553,#1260);
#927=LINE('',#5555,#1261);
#928=LINE('',#5557,#1262);
#929=LINE('',#5560,#1263);
#930=LINE('',#5561,#1264);
#931=LINE('',#5563,#1265);
#932=LINE('',#5565,#1266);
#933=LINE('',#5568,#1267);
#934=LINE('',#5569,#1268);
#935=LINE('',#5571,#1269);
#936=LINE('',#5573,#1270);
#937=LINE('',#5576,#1271);
#938=LINE('',#5577,#1272);
#939=LINE('',#5579,#1273);
#940=LINE('',#5581,#1274);
#941=LINE('',#5584,#1275);
#942=LINE('',#5585,#1276);
#943=LINE('',#5587,#1277);
#944=LINE('',#5589,#1278);
#945=LINE('',#5592,#1279);
#946=LINE('',#5593,#1280);
#947=LINE('',#5595,#1281);
#948=LINE('',#5597,#1282);
#949=LINE('',#5600,#1283);
#950=LINE('',#5603,#1284);
#951=LINE('',#5604,#1285);
#952=LINE('',#5606,#1286);
#953=VECTOR('',#3433,10.);
#954=VECTOR('',#3436,10.);
#955=VECTOR('',#3441,10.);
#956=VECTOR('',#3444,10.);
#957=VECTOR('',#3445,10.);
#958=VECTOR('',#3446,10.);
#959=VECTOR('',#3447,10.);
#960=VECTOR('',#3448,10.);
#961=VECTOR('',#3449,10.);
#962=VECTOR('',#3452,10.);
#963=VECTOR('',#3453,10.);
#964=VECTOR('',#3454,10.);
#965=VECTOR('',#3457,10.);
#966=VECTOR('',#3460,10.);
#967=VECTOR('',#3461,10.);
#968=VECTOR('',#3462,10.);
#969=VECTOR('',#3463,10.);
#970=VECTOR('',#3468,10.);
#971=VECTOR('',#3471,10.);
#972=VECTOR('',#3478,10.);
#973=VECTOR('',#3481,10.);
#974=VECTOR('',#3484,10.);
#975=VECTOR('',#3491,10.);
#976=VECTOR('',#3492,10.);
#977=VECTOR('',#3495,10.);
#978=VECTOR('',#3496,10.);
#979=VECTOR('',#3499,10.);
#980=VECTOR('',#3502,10.);
#981=VECTOR('',#3505,10.);
#982=VECTOR('',#3506,10.);
#983=VECTOR('',#3509,10.);
#984=VECTOR('',#3512,10.);
#985=VECTOR('',#3513,10.);
#986=VECTOR('',#3514,10.);
#987=VECTOR('',#3515,10.);
#988=VECTOR('',#3516,10.);
#989=VECTOR('',#3517,10.);
#990=VECTOR('',#3518,10.);
#991=VECTOR('',#3519,10.);
#992=VECTOR('',#3520,10.);
#993=VECTOR('',#3523,10.);
#994=VECTOR('',#3526,10.);
#995=VECTOR('',#3527,10.);
#996=VECTOR('',#3530,10.);
#997=VECTOR('',#3531,10.);
#998=VECTOR('',#3534,10.);
#999=VECTOR('',#3535,10.);
#1000=VECTOR('',#3536,10.);
#1001=VECTOR('',#3537,10.);
#1002=VECTOR('',#3538,10.);
#1003=VECTOR('',#3539,10.);
#1004=VECTOR('',#3544,10.);
#1005=VECTOR('',#3545,10.);
#1006=VECTOR('',#3546,10.);
#1007=VECTOR('',#3547,10.);
#1008=VECTOR('',#3548,10.);
#1009=VECTOR('',#3549,10.);
#1010=VECTOR('',#3550,10.);
#1011=VECTOR('',#3553,10.);
#1012=VECTOR('',#3554,10.);
#1013=VECTOR('',#3555,10.);
#1014=VECTOR('',#3556,10.);
#1015=VECTOR('',#3559,10.);
#1016=VECTOR('',#3560,10.);
#1017=VECTOR('',#3561,10.);
#1018=VECTOR('',#3562,10.);
#1019=VECTOR('',#3563,10.);
#1020=VECTOR('',#3564,10.);
#1021=VECTOR('',#3567,10.);
#1022=VECTOR('',#3568,10.);
#1023=VECTOR('',#3571,10.);
#1024=VECTOR('',#3572,10.);
#1025=VECTOR('',#3573,10.);
#1026=VECTOR('',#3576,10.);
#1027=VECTOR('',#3577,10.);
#1028=VECTOR('',#3578,10.);
#1029=VECTOR('',#3579,10.);
#1030=VECTOR('',#3580,10.);
#1031=VECTOR('',#3583,10.);
#1032=VECTOR('',#3584,10.);
#1033=VECTOR('',#3585,10.);
#1034=VECTOR('',#3586,10.);
#1035=VECTOR('',#3589,10.);
#1036=VECTOR('',#3590,10.);
#1037=VECTOR('',#3591,10.);
#1038=VECTOR('',#3596,2.75);
#1039=VECTOR('',#3601,10.);
#1040=VECTOR('',#3602,10.);
#1041=VECTOR('',#3603,10.);
#1042=VECTOR('',#3604,10.);
#1043=VECTOR('',#3609,2.);
#1044=VECTOR('',#3614,2.75);
#1045=VECTOR('',#3617,2.);
#1046=VECTOR('',#3620,10.);
#1047=VECTOR('',#3621,10.);
#1048=VECTOR('',#3624,10.);
#1049=VECTOR('',#3629,10.);
#1050=VECTOR('',#3630,10.);
#1051=VECTOR('',#3633,10.);
#1052=VECTOR('',#3638,10.);
#1053=VECTOR('',#3641,10.);
#1054=VECTOR('',#3644,10.);
#1055=VECTOR('',#3647,10.);
#1056=VECTOR('',#3656,10.);
#1057=VECTOR('',#3657,10.);
#1058=VECTOR('',#3658,10.);
#1059=VECTOR('',#3659,10.);
#1060=VECTOR('',#3662,10.);
#1061=VECTOR('',#3663,10.);
#1062=VECTOR('',#3664,10.);
#1063=VECTOR('',#3667,10.);
#1064=VECTOR('',#3668,10.);
#1065=VECTOR('',#3669,10.);
#1066=VECTOR('',#3670,10.);
#1067=VECTOR('',#3673,10.);
#1068=VECTOR('',#3674,10.);
#1069=VECTOR('',#3675,10.);
#1070=VECTOR('',#3676,10.);
#1071=VECTOR('',#3677,10.);
#1072=VECTOR('',#3678,10.);
#1073=VECTOR('',#3679,10.);
#1074=VECTOR('',#3680,10.);
#1075=VECTOR('',#3681,10.);
#1076=VECTOR('',#3682,10.);
#1077=VECTOR('',#3683,10.);
#1078=VECTOR('',#3684,10.);
#1079=VECTOR('',#3685,10.);
#1080=VECTOR('',#3686,10.);
#1081=VECTOR('',#3687,10.);
#1082=VECTOR('',#3688,10.);
#1083=VECTOR('',#3689,10.);
#1084=VECTOR('',#3690,10.);
#1085=VECTOR('',#3691,10.);
#1086=VECTOR('',#3692,10.);
#1087=VECTOR('',#3693,10.);
#1088=VECTOR('',#3694,10.);
#1089=VECTOR('',#3695,10.);
#1090=VECTOR('',#3696,10.);
#1091=VECTOR('',#3697,10.);
#1092=VECTOR('',#3698,10.);
#1093=VECTOR('',#3699,10.);
#1094=VECTOR('',#3700,10.);
#1095=VECTOR('',#3701,10.);
#1096=VECTOR('',#3702,10.);
#1097=VECTOR('',#3703,10.);
#1098=VECTOR('',#3704,10.);
#1099=VECTOR('',#3705,10.);
#1100=VECTOR('',#3708,10.);
#1101=VECTOR('',#3711,10.);
#1102=VECTOR('',#3714,10.);
#1103=VECTOR('',#3717,10.);
#1104=VECTOR('',#3720,10.);
#1105=VECTOR('',#3723,10.);
#1106=VECTOR('',#3726,10.);
#1107=VECTOR('',#3729,10.);
#1108=VECTOR('',#3732,10.);
#1109=VECTOR('',#3735,10.);
#1110=VECTOR('',#3738,10.);
#1111=VECTOR('',#3741,10.);
#1112=VECTOR('',#3744,10.);
#1113=VECTOR('',#3747,10.);
#1114=VECTOR('',#3750,10.);
#1115=VECTOR('',#3753,10.);
#1116=VECTOR('',#3756,10.);
#1117=VECTOR('',#3759,10.);
#1118=VECTOR('',#3762,10.);
#1119=VECTOR('',#3765,10.);
#1120=VECTOR('',#3768,10.);
#1121=VECTOR('',#3773,10.);
#1122=VECTOR('',#3774,10.);
#1123=VECTOR('',#3777,10.);
#1124=VECTOR('',#3778,10.);
#1125=VECTOR('',#3779,10.);
#1126=VECTOR('',#3782,10.);
#1127=VECTOR('',#3785,10.);
#1128=VECTOR('',#3786,10.);
#1129=VECTOR('',#3787,10.);
#1130=VECTOR('',#3788,10.);
#1131=VECTOR('',#3791,10.);
#1132=VECTOR('',#3794,10.);
#1133=VECTOR('',#3797,10.);
#1134=VECTOR('',#3800,10.);
#1135=VECTOR('',#3803,10.);
#1136=VECTOR('',#3806,10.);
#1137=VECTOR('',#3809,10.);
#1138=VECTOR('',#3812,10.);
#1139=VECTOR('',#3815,10.);
#1140=VECTOR('',#3818,10.);
#1141=VECTOR('',#3821,10.);
#1142=VECTOR('',#3824,10.);
#1143=VECTOR('',#3827,10.);
#1144=VECTOR('',#3830,10.);
#1145=VECTOR('',#3833,10.);
#1146=VECTOR('',#3836,10.);
#1147=VECTOR('',#3839,10.);
#1148=VECTOR('',#3842,10.);
#1149=VECTOR('',#3845,10.);
#1150=VECTOR('',#3848,10.);
#1151=VECTOR('',#3851,10.);
#1152=VECTOR('',#3856,10.);
#1153=VECTOR('',#3857,10.);
#1154=VECTOR('',#3858,10.);
#1155=VECTOR('',#3861,10.);
#1156=VECTOR('',#3862,10.);
#1157=VECTOR('',#3865,10.);
#1158=VECTOR('',#3866,10.);
#1159=VECTOR('',#3869,10.);
#1160=VECTOR('',#3870,10.);
#1161=VECTOR('',#3873,10.);
#1162=VECTOR('',#3874,10.);
#1163=VECTOR('',#3877,10.);
#1164=VECTOR('',#3878,10.);
#1165=VECTOR('',#3881,10.);
#1166=VECTOR('',#3882,10.);
#1167=VECTOR('',#3885,10.);
#1168=VECTOR('',#3886,10.);
#1169=VECTOR('',#3889,10.);
#1170=VECTOR('',#3890,10.);
#1171=VECTOR('',#3893,10.);
#1172=VECTOR('',#3898,10.);
#1173=VECTOR('',#3899,10.);
#1174=VECTOR('',#3900,10.);
#1175=VECTOR('',#3903,10.);
#1176=VECTOR('',#3904,10.);
#1177=VECTOR('',#3907,10.);
#1178=VECTOR('',#3908,10.);
#1179=VECTOR('',#3911,10.);
#1180=VECTOR('',#3912,10.);
#1181=VECTOR('',#3915,10.);
#1182=VECTOR('',#3916,10.);
#1183=VECTOR('',#3919,10.);
#1184=VECTOR('',#3920,10.);
#1185=VECTOR('',#3923,10.);
#1186=VECTOR('',#3924,10.);
#1187=VECTOR('',#3927,10.);
#1188=VECTOR('',#3930,10.);
#1189=VECTOR('',#3931,10.);
#1190=VECTOR('',#3932,10.);
#1191=VECTOR('',#3933,10.);
#1192=VECTOR('',#3934,10.);
#1193=VECTOR('',#3937,10.);
#1194=VECTOR('',#3938,10.);
#1195=VECTOR('',#3941,10.);
#1196=VECTOR('',#3942,10.);
#1197=VECTOR('',#3945,10.);
#1198=VECTOR('',#3946,10.);
#1199=VECTOR('',#3947,10.);
#1200=VECTOR('',#3948,10.);
#1201=VECTOR('',#3949,10.);
#1202=VECTOR('',#3950,10.);
#1203=VECTOR('',#3951,10.);
#1204=VECTOR('',#3952,10.);
#1205=VECTOR('',#3953,10.);
#1206=VECTOR('',#3954,10.);
#1207=VECTOR('',#3955,10.);
#1208=VECTOR('',#3958,10.);
#1209=VECTOR('',#3959,10.);
#1210=VECTOR('',#3962,10.);
#1211=VECTOR('',#3963,10.);
#1212=VECTOR('',#3966,10.);
#1213=VECTOR('',#3969,10.);
#1214=VECTOR('',#3970,10.);
#1215=VECTOR('',#3971,10.);
#1216=VECTOR('',#3972,10.);
#1217=VECTOR('',#3973,10.);
#1218=VECTOR('',#3974,10.);
#1219=VECTOR('',#3975,10.);
#1220=VECTOR('',#3976,10.);
#1221=VECTOR('',#3977,10.);
#1222=VECTOR('',#3978,10.);
#1223=VECTOR('',#3979,10.);
#1224=VECTOR('',#3980,10.);
#1225=VECTOR('',#3981,10.);
#1226=VECTOR('',#3982,10.);
#1227=VECTOR('',#3983,10.);
#1228=VECTOR('',#3984,10.);
#1229=VECTOR('',#3985,10.);
#1230=VECTOR('',#3986,10.);
#1231=VECTOR('',#3991,10.);
#1232=VECTOR('',#3992,10.);
#1233=VECTOR('',#3993,10.);
#1234=VECTOR('',#3996,10.);
#1235=VECTOR('',#3997,10.);
#1236=VECTOR('',#4000,10.);
#1237=VECTOR('',#4001,10.);
#1238=VECTOR('',#4004,10.);
#1239=VECTOR('',#4011,10.);
#1240=VECTOR('',#4012,10.);
#1241=VECTOR('',#4015,10.);
#1242=VECTOR('',#4018,10.);
#1243=VECTOR('',#4023,10.);
#1244=VECTOR('',#4024,10.);
#1245=VECTOR('',#4027,10.);
#1246=VECTOR('',#4030,10.);
#1247=VECTOR('',#4035,10.);
#1248=VECTOR('',#4036,10.);
#1249=VECTOR('',#4039,10.);
#1250=VECTOR('',#4042,10.);
#1251=VECTOR('',#4047,10.);
#1252=VECTOR('',#4048,10.);
#1253=VECTOR('',#4051,10.);
#1254=VECTOR('',#4054,10.);
#1255=VECTOR('',#4059,10.);
#1256=VECTOR('',#4060,10.);
#1257=VECTOR('',#4063,10.);
#1258=VECTOR('',#4066,10.);
#1259=VECTOR('',#4071,10.);
#1260=VECTOR('',#4072,10.);
#1261=VECTOR('',#4075,10.);
#1262=VECTOR('',#4078,10.);
#1263=VECTOR('',#4083,10.);
#1264=VECTOR('',#4084,10.);
#1265=VECTOR('',#4087,10.);
#1266=VECTOR('',#4090,10.);
#1267=VECTOR('',#4095,10.);
#1268=VECTOR('',#4096,10.);
#1269=VECTOR('',#4099,10.);
#1270=VECTOR('',#4102,10.);
#1271=VECTOR('',#4107,10.);
#1272=VECTOR('',#4108,10.);
#1273=VECTOR('',#4111,10.);
#1274=VECTOR('',#4114,10.);
#1275=VECTOR('',#4119,10.);
#1276=VECTOR('',#4120,10.);
#1277=VECTOR('',#4123,10.);
#1278=VECTOR('',#4126,10.);
#1279=VECTOR('',#4131,10.);
#1280=VECTOR('',#4132,10.);
#1281=VECTOR('',#4135,10.);
#1282=VECTOR('',#4138,10.);
#1283=VECTOR('',#4143,10.);
#1284=VECTOR('',#4146,10.);
#1285=VECTOR('',#4147,10.);
#1286=VECTOR('',#4150,10.);
#1287=CIRCLE('',#3230,2.);
#1288=CIRCLE('',#3231,2.);
#1289=CIRCLE('',#3240,2.);
#1290=CIRCLE('',#3241,2.);
#1291=CIRCLE('',#3244,2.);
#1292=CIRCLE('',#3245,2.);
#1293=CIRCLE('',#3246,2.);
#1294=CIRCLE('',#3247,2.);
#1295=CIRCLE('',#3251,2.);
#1296=CIRCLE('',#3252,2.);
#1297=CIRCLE('',#3269,2.);
#1298=CIRCLE('',#3270,3.5);
#1299=CIRCLE('',#3272,3.5);
#1300=CIRCLE('',#3275,2.);
#1301=CIRCLE('',#3294,1.);
#1302=CIRCLE('',#3295,1.);
#1303=CIRCLE('',#3296,0.999999999999993);
#1304=CIRCLE('',#3297,1.);
#1305=CIRCLE('',#3298,1.);
#1306=CIRCLE('',#3299,1.);
#1307=CIRCLE('',#3300,0.999999999999995);
#1308=CIRCLE('',#3301,1.);
#1309=CIRCLE('',#3302,1.);
#1310=CIRCLE('',#3303,1.);
#1311=CIRCLE('',#3304,1.);
#1312=CIRCLE('',#3305,1.);
#1313=CIRCLE('',#3306,0.999999999999993);
#1314=CIRCLE('',#3307,1.);
#1315=CIRCLE('',#3308,0.999999999999998);
#1316=CIRCLE('',#3309,0.999999999999995);
#1317=CIRCLE('',#3310,1.);
#1318=CIRCLE('',#3311,0.999999999999998);
#1319=CIRCLE('',#3312,1.);
#1320=CIRCLE('',#3313,0.999999999999998);
#1321=CIRCLE('',#3314,0.999999999999974);
#1322=CIRCLE('',#3315,0.999999999999998);
#1323=CIRCLE('',#3320,0.999999999999998);
#1324=CIRCLE('',#3321,0.999999999999974);
#1325=CIRCLE('',#3322,0.999999999999998);
#1326=CIRCLE('',#3323,1.);
#1327=CIRCLE('',#3324,0.999999999999998);
#1328=CIRCLE('',#3325,1.);
#1329=CIRCLE('',#3326,0.999999999999995);
#1330=CIRCLE('',#3327,0.999999999999998);
#1331=CIRCLE('',#3328,1.);
#1332=CIRCLE('',#3329,0.999999999999993);
#1333=CIRCLE('',#3330,1.);
#1334=CIRCLE('',#3331,1.);
#1335=CIRCLE('',#3332,1.);
#1336=CIRCLE('',#3333,1.);
#1337=CIRCLE('',#3334,1.);
#1338=CIRCLE('',#3335,0.999999999999995);
#1339=CIRCLE('',#3336,1.);
#1340=CIRCLE('',#3337,1.);
#1341=CIRCLE('',#3338,1.);
#1342=CIRCLE('',#3339,0.999999999999993);
#1343=CIRCLE('',#3340,1.);
#1344=CIRCLE('',#3341,1.);
#1345=VERTEX_POINT('',#4158);
#1346=VERTEX_POINT('',#4159);
#1347=VERTEX_POINT('',#4161);
#1348=VERTEX_POINT('',#4163);
#1349=VERTEX_POINT('',#4165);
#1350=VERTEX_POINT('',#4167);
#1351=VERTEX_POINT('',#4169);
#1352=VERTEX_POINT('',#4173);
#1353=VERTEX_POINT('',#4175);
#1354=VERTEX_POINT('',#4177);
#1355=VERTEX_POINT('',#4179);
#1356=VERTEX_POINT('',#4181);
#1357=VERTEX_POINT('',#4185);
#1358=VERTEX_POINT('',#4187);
#1359=VERTEX_POINT('',#4193);
#1360=VERTEX_POINT('',#4195);
#1361=VERTEX_POINT('',#4197);
#1362=VERTEX_POINT('',#4201);
#1363=VERTEX_POINT('',#4202);
#1364=VERTEX_POINT('',#4204);
#1365=VERTEX_POINT('',#4206);
#1366=VERTEX_POINT('',#4208);
#1367=VERTEX_POINT('',#4213);
#1368=VERTEX_POINT('',#4215);
#1369=VERTEX_POINT('',#4217);
#1370=VERTEX_POINT('',#4219);
#1371=VERTEX_POINT('',#4222);
#1372=VERTEX_POINT('',#4224);
#1373=VERTEX_POINT('',#4227);
#1374=VERTEX_POINT('',#4231);
#1375=VERTEX_POINT('',#4235);
#1376=VERTEX_POINT('',#4237);
#1377=VERTEX_POINT('',#4239);
#1378=VERTEX_POINT('',#4242);
#1379=VERTEX_POINT('',#4249);
#1380=VERTEX_POINT('',#4250);
#1381=VERTEX_POINT('',#4252);
#1382=VERTEX_POINT('',#4254);
#1383=VERTEX_POINT('',#4257);
#1384=VERTEX_POINT('',#4258);
#1385=VERTEX_POINT('',#4260);
#1386=VERTEX_POINT('',#4262);
#1387=VERTEX_POINT('',#4268);
#1388=VERTEX_POINT('',#4272);
#1389=VERTEX_POINT('',#4276);
#1390=VERTEX_POINT('',#4278);
#1391=VERTEX_POINT('',#4280);
#1392=VERTEX_POINT('',#4282);
#1393=VERTEX_POINT('',#4288);
#1394=VERTEX_POINT('',#4290);
#1395=VERTEX_POINT('',#4292);
#1396=VERTEX_POINT('',#4294);
#1397=VERTEX_POINT('',#4296);
#1398=VERTEX_POINT('',#4298);
#1399=VERTEX_POINT('',#4302);
#1400=VERTEX_POINT('',#4304);
#1401=VERTEX_POINT('',#4306);
#1402=VERTEX_POINT('',#4310);
#1403=VERTEX_POINT('',#4312);
#1404=VERTEX_POINT('',#4314);
#1405=VERTEX_POINT('',#4316);
#1406=VERTEX_POINT('',#4318);
#1407=VERTEX_POINT('',#4325);
#1408=VERTEX_POINT('',#4327);
#1409=VERTEX_POINT('',#4332);
#1410=VERTEX_POINT('',#4334);
#1411=VERTEX_POINT('',#4339);
#1412=VERTEX_POINT('',#4342);
#1413=VERTEX_POINT('',#4346);
#1414=VERTEX_POINT('',#4348);
#1415=VERTEX_POINT('',#4352);
#1416=VERTEX_POINT('',#4354);
#1417=VERTEX_POINT('',#4358);
#1418=VERTEX_POINT('',#4360);
#1419=VERTEX_POINT('',#4364);
#1420=VERTEX_POINT('',#4369);
#1421=VERTEX_POINT('',#4375);
#1422=VERTEX_POINT('',#4382);
#1423=VERTEX_POINT('',#4400);
#1424=VERTEX_POINT('',#4401);
#1425=VERTEX_POINT('',#4403);
#1426=VERTEX_POINT('',#4405);
#1427=VERTEX_POINT('',#4409);
#1428=VERTEX_POINT('',#4411);
#1429=VERTEX_POINT('',#4415);
#1430=VERTEX_POINT('',#4417);
#1431=VERTEX_POINT('',#4419);
#1432=VERTEX_POINT('',#4423);
#1433=VERTEX_POINT('',#4425);
#1434=VERTEX_POINT('',#4427);
#1435=VERTEX_POINT('',#4430);
#1436=VERTEX_POINT('',#4431);
#1437=VERTEX_POINT('',#4433);
#1438=VERTEX_POINT('',#4435);
#1439=VERTEX_POINT('',#4437);
#1440=VERTEX_POINT('',#4439);
#1441=VERTEX_POINT('',#4441);
#1442=VERTEX_POINT('',#4443);
#1443=VERTEX_POINT('',#4445);
#1444=VERTEX_POINT('',#4447);
#1445=VERTEX_POINT('',#4450);
#1446=VERTEX_POINT('',#4451);
#1447=VERTEX_POINT('',#4453);
#1448=VERTEX_POINT('',#4455);
#1449=VERTEX_POINT('',#4457);
#1450=VERTEX_POINT('',#4459);
#1451=VERTEX_POINT('',#4461);
#1452=VERTEX_POINT('',#4463);
#1453=VERTEX_POINT('',#4466);
#1454=VERTEX_POINT('',#4467);
#1455=VERTEX_POINT('',#4473);
#1456=VERTEX_POINT('',#4475);
#1457=VERTEX_POINT('',#4477);
#1458=VERTEX_POINT('',#4479);
#1459=VERTEX_POINT('',#4485);
#1460=VERTEX_POINT('',#4491);
#1461=VERTEX_POINT('',#4497);
#1462=VERTEX_POINT('',#4503);
#1463=VERTEX_POINT('',#4509);
#1464=VERTEX_POINT('',#4515);
#1465=VERTEX_POINT('',#4521);
#1466=VERTEX_POINT('',#4527);
#1467=VERTEX_POINT('',#4533);
#1468=VERTEX_POINT('',#4535);
#1469=VERTEX_POINT('',#4537);
#1470=VERTEX_POINT('',#4539);
#1471=VERTEX_POINT('',#4545);
#1472=VERTEX_POINT('',#4556);
#1473=VERTEX_POINT('',#4557);
#1474=VERTEX_POINT('',#4563);
#1475=VERTEX_POINT('',#4569);
#1476=VERTEX_POINT('',#4575);
#1477=VERTEX_POINT('',#4581);
#1478=VERTEX_POINT('',#4587);
#1479=VERTEX_POINT('',#4593);
#1480=VERTEX_POINT('',#4599);
#1481=VERTEX_POINT('',#4605);
#1482=VERTEX_POINT('',#4616);
#1483=VERTEX_POINT('',#4617);
#1484=VERTEX_POINT('',#4619);
#1485=VERTEX_POINT('',#4621);
#1486=VERTEX_POINT('',#4624);
#1487=VERTEX_POINT('',#4625);
#1488=VERTEX_POINT('',#4627);
#1489=VERTEX_POINT('',#4629);
#1490=VERTEX_POINT('',#4632);
#1491=VERTEX_POINT('',#4633);
#1492=VERTEX_POINT('',#4635);
#1493=VERTEX_POINT('',#4637);
#1494=VERTEX_POINT('',#4640);
#1495=VERTEX_POINT('',#4641);
#1496=VERTEX_POINT('',#4643);
#1497=VERTEX_POINT('',#4645);
#1498=VERTEX_POINT('',#4648);
#1499=VERTEX_POINT('',#4649);
#1500=VERTEX_POINT('',#4651);
#1501=VERTEX_POINT('',#4653);
#1502=VERTEX_POINT('',#4656);
#1503=VERTEX_POINT('',#4657);
#1504=VERTEX_POINT('',#4659);
#1505=VERTEX_POINT('',#4661);
#1506=VERTEX_POINT('',#4664);
#1507=VERTEX_POINT('',#4665);
#1508=VERTEX_POINT('',#4667);
#1509=VERTEX_POINT('',#4669);
#1510=VERTEX_POINT('',#4672);
#1511=VERTEX_POINT('',#4673);
#1512=VERTEX_POINT('',#4675);
#1513=VERTEX_POINT('',#4677);
#1514=VERTEX_POINT('',#4680);
#1515=VERTEX_POINT('',#4681);
#1516=VERTEX_POINT('',#4683);
#1517=VERTEX_POINT('',#4685);
#1518=VERTEX_POINT('',#4688);
#1519=VERTEX_POINT('',#4689);
#1520=VERTEX_POINT('',#4691);
#1521=VERTEX_POINT('',#4693);
#1522=VERTEX_POINT('',#4696);
#1523=VERTEX_POINT('',#4697);
#1524=VERTEX_POINT('',#4699);
#1525=VERTEX_POINT('',#4701);
#1526=VERTEX_POINT('',#4704);
#1527=VERTEX_POINT('',#4705);
#1528=VERTEX_POINT('',#4707);
#1529=VERTEX_POINT('',#4709);
#1530=VERTEX_POINT('',#4713);
#1531=VERTEX_POINT('',#4717);
#1532=VERTEX_POINT('',#4718);
#1533=VERTEX_POINT('',#4725);
#1534=VERTEX_POINT('',#4727);
#1535=VERTEX_POINT('',#4730);
#1536=VERTEX_POINT('',#4731);
#1537=VERTEX_POINT('',#4733);
#1538=VERTEX_POINT('',#4735);
#1539=VERTEX_POINT('',#4738);
#1540=VERTEX_POINT('',#4739);
#1541=VERTEX_POINT('',#4741);
#1542=VERTEX_POINT('',#4743);
#1543=VERTEX_POINT('',#4746);
#1544=VERTEX_POINT('',#4747);
#1545=VERTEX_POINT('',#4749);
#1546=VERTEX_POINT('',#4751);
#1547=VERTEX_POINT('',#4754);
#1548=VERTEX_POINT('',#4755);
#1549=VERTEX_POINT('',#4757);
#1550=VERTEX_POINT('',#4759);
#1551=VERTEX_POINT('',#4762);
#1552=VERTEX_POINT('',#4763);
#1553=VERTEX_POINT('',#4765);
#1554=VERTEX_POINT('',#4767);
#1555=VERTEX_POINT('',#4770);
#1556=VERTEX_POINT('',#4771);
#1557=VERTEX_POINT('',#4773);
#1558=VERTEX_POINT('',#4775);
#1559=VERTEX_POINT('',#4778);
#1560=VERTEX_POINT('',#4779);
#1561=VERTEX_POINT('',#4781);
#1562=VERTEX_POINT('',#4783);
#1563=VERTEX_POINT('',#4786);
#1564=VERTEX_POINT('',#4787);
#1565=VERTEX_POINT('',#4789);
#1566=VERTEX_POINT('',#4791);
#1567=VERTEX_POINT('',#4794);
#1568=VERTEX_POINT('',#4795);
#1569=VERTEX_POINT('',#4797);
#1570=VERTEX_POINT('',#4799);
#1571=VERTEX_POINT('',#4802);
#1572=VERTEX_POINT('',#4803);
#1573=VERTEX_POINT('',#4805);
#1574=VERTEX_POINT('',#4807);
#1575=VERTEX_POINT('',#4810);
#1576=VERTEX_POINT('',#4811);
#1577=VERTEX_POINT('',#4813);
#1578=VERTEX_POINT('',#4815);
#1579=VERTEX_POINT('',#4819);
#1580=VERTEX_POINT('',#4821);
#1581=VERTEX_POINT('',#4825);
#1582=VERTEX_POINT('',#4829);
#1583=VERTEX_POINT('',#4833);
#1584=VERTEX_POINT('',#4837);
#1585=VERTEX_POINT('',#4841);
#1586=VERTEX_POINT('',#4845);
#1587=VERTEX_POINT('',#4849);
#1588=VERTEX_POINT('',#4853);
#1589=VERTEX_POINT('',#4860);
#1590=VERTEX_POINT('',#4862);
#1591=VERTEX_POINT('',#4866);
#1592=VERTEX_POINT('',#4870);
#1593=VERTEX_POINT('',#4874);
#1594=VERTEX_POINT('',#4878);
#1595=VERTEX_POINT('',#4882);
#1596=VERTEX_POINT('',#4886);
#1597=VERTEX_POINT('',#4902);
#1598=VERTEX_POINT('',#4904);
#1599=VERTEX_POINT('',#4921);
#1600=VERTEX_POINT('',#4938);
#1601=VERTEX_POINT('',#4955);
#1602=VERTEX_POINT('',#4963);
#1603=VERTEX_POINT('',#4967);
#1604=VERTEX_POINT('',#4971);
#1605=VERTEX_POINT('',#4984);
#1606=VERTEX_POINT('',#5001);
#1607=VERTEX_POINT('',#5018);
#1608=VERTEX_POINT('',#5035);
#1609=VERTEX_POINT('',#5052);
#1610=VERTEX_POINT('',#5069);
#1611=VERTEX_POINT('',#5086);
#1612=VERTEX_POINT('',#5103);
#1613=VERTEX_POINT('',#5120);
#1614=VERTEX_POINT('',#5128);
#1615=VERTEX_POINT('',#5132);
#1616=VERTEX_POINT('',#5148);
#1617=VERTEX_POINT('',#5149);
#1618=VERTEX_POINT('',#5155);
#1619=VERTEX_POINT('',#5157);
#1620=VERTEX_POINT('',#5174);
#1621=VERTEX_POINT('',#5180);
#1622=VERTEX_POINT('',#5197);
#1623=VERTEX_POINT('',#5203);
#1624=VERTEX_POINT('',#5220);
#1625=VERTEX_POINT('',#5226);
#1626=VERTEX_POINT('',#5243);
#1627=VERTEX_POINT('',#5249);
#1628=VERTEX_POINT('',#5266);
#1629=VERTEX_POINT('',#5272);
#1630=VERTEX_POINT('',#5289);
#1631=VERTEX_POINT('',#5295);
#1632=VERTEX_POINT('',#5332);
#1633=VERTEX_POINT('',#5334);
#1634=VERTEX_POINT('',#5351);
#1635=VERTEX_POINT('',#5368);
#1636=VERTEX_POINT('',#5385);
#1637=VERTEX_POINT('',#5402);
#1638=VERTEX_POINT('',#5419);
#1639=VERTEX_POINT('',#5436);
#1640=VERTEX_POINT('',#5453);
#1641=VERTEX_POINT('',#5470);
#1642=VERTEX_POINT('',#5494);
#1643=VERTEX_POINT('',#5496);
#1644=VERTEX_POINT('',#5500);
#1645=VERTEX_POINT('',#5504);
#1646=VERTEX_POINT('',#5602);
#1647=EDGE_CURVE('',#1345,#1346,#1287,.T.);
#1648=EDGE_CURVE('',#1346,#1347,#619,.T.);
#1649=EDGE_CURVE('',#1347,#1348,#1288,.T.);
#1650=EDGE_CURVE('',#1348,#1349,#620,.T.);
#1651=EDGE_CURVE('',#1349,#1350,#615,.T.);
#1652=EDGE_CURVE('',#1350,#1351,#616,.T.);
#1653=EDGE_CURVE('',#1351,#1345,#621,.T.);
#1654=EDGE_CURVE('',#1350,#1352,#622,.T.);
#1655=EDGE_CURVE('',#1352,#1353,#623,.T.);
#1656=EDGE_CURVE('',#1354,#1353,#624,.T.);
#1657=EDGE_CURVE('',#1355,#1354,#625,.T.);
#1658=EDGE_CURVE('',#1356,#1355,#626,.T.);
#1659=EDGE_CURVE('',#1351,#1356,#627,.T.);
#1660=EDGE_CURVE('',#1357,#1349,#628,.T.);
#1661=EDGE_CURVE('',#1358,#1357,#629,.T.);
#1662=EDGE_CURVE('',#1358,#1352,#630,.T.);
#1663=EDGE_CURVE('',#1357,#1348,#631,.T.);
#1664=EDGE_CURVE('',#1356,#1359,#632,.T.);
#1665=EDGE_CURVE('',#1359,#1360,#633,.T.);
#1666=EDGE_CURVE('',#1361,#1360,#634,.T.);
#1667=EDGE_CURVE('',#1345,#1361,#635,.T.);
#1668=EDGE_CURVE('',#1362,#1363,#617,.T.);
#1669=EDGE_CURVE('',#1363,#1364,#636,.T.);
#1670=EDGE_CURVE('',#1364,#1365,#1289,.T.);
#1671=EDGE_CURVE('',#1365,#1366,#637,.T.);
#1672=EDGE_CURVE('',#1366,#1361,#1290,.T.);
#1673=EDGE_CURVE('',#1360,#1362,#618,.T.);
#1674=EDGE_CURVE('',#1366,#1367,#638,.T.);
#1675=EDGE_CURVE('',#1368,#1367,#1291,.T.);
#1676=EDGE_CURVE('',#1368,#1369,#639,.T.);
#1677=EDGE_CURVE('',#1370,#1369,#1292,.T.);
#1678=EDGE_CURVE('',#1370,#1346,#640,.T.);
#1679=EDGE_CURVE('',#1371,#1371,#1293,.T.);
#1680=EDGE_CURVE('',#1372,#1372,#1294,.T.);
#1681=EDGE_CURVE('',#1373,#1365,#641,.T.);
#1682=EDGE_CURVE('',#1367,#1373,#642,.T.);
#1683=EDGE_CURVE('',#1363,#1374,#643,.T.);
#1684=EDGE_CURVE('',#1364,#1374,#644,.T.);
#1685=EDGE_CURVE('',#1347,#1375,#645,.T.);
#1686=EDGE_CURVE('',#1376,#1375,#1295,.T.);
#1687=EDGE_CURVE('',#1376,#1377,#646,.T.);
#1688=EDGE_CURVE('',#1373,#1377,#1296,.T.);
#1689=EDGE_CURVE('',#1374,#1378,#647,.T.);
#1690=EDGE_CURVE('',#1378,#1358,#648,.T.);
#1691=EDGE_CURVE('',#1377,#1368,#649,.T.);
#1692=EDGE_CURVE('',#1369,#1376,#650,.T.);
#1693=EDGE_CURVE('',#1379,#1380,#651,.T.);
#1694=EDGE_CURVE('',#1381,#1379,#652,.T.);
#1695=EDGE_CURVE('',#1381,#1382,#653,.T.);
#1696=EDGE_CURVE('',#1382,#1380,#654,.T.);
#1697=EDGE_CURVE('',#1383,#1384,#655,.T.);
#1698=EDGE_CURVE('',#1385,#1384,#656,.T.);
#1699=EDGE_CURVE('',#1386,#1385,#657,.T.);
#1700=EDGE_CURVE('',#1386,#1383,#658,.T.);
#1701=EDGE_CURVE('',#1375,#1370,#659,.T.);
#1702=EDGE_CURVE('',#1362,#1387,#660,.T.);
#1703=EDGE_CURVE('',#1387,#1378,#661,.T.);
#1704=EDGE_CURVE('',#1359,#1388,#662,.T.);
#1705=EDGE_CURVE('',#1388,#1387,#663,.T.);
#1706=EDGE_CURVE('',#1389,#1355,#664,.T.);
#1707=EDGE_CURVE('',#1390,#1389,#665,.T.);
#1708=EDGE_CURVE('',#1391,#1390,#666,.T.);
#1709=EDGE_CURVE('',#1392,#1391,#667,.T.);
#1710=EDGE_CURVE('',#1354,#1392,#668,.T.);
#1711=EDGE_CURVE('',#1353,#1388,#669,.T.);
#1712=EDGE_CURVE('',#1355,#1393,#670,.T.);
#1713=EDGE_CURVE('',#1393,#1394,#671,.T.);
#1714=EDGE_CURVE('',#1394,#1395,#672,.T.);
#1715=EDGE_CURVE('',#1396,#1395,#673,.T.);
#1716=EDGE_CURVE('',#1396,#1397,#674,.T.);
#1717=EDGE_CURVE('',#1397,#1398,#675,.T.);
#1718=EDGE_CURVE('',#1398,#1389,#676,.T.);
#1719=EDGE_CURVE('',#1354,#1399,#677,.T.);
#1720=EDGE_CURVE('',#1400,#1399,#678,.T.);
#1721=EDGE_CURVE('',#1400,#1401,#679,.T.);
#1722=EDGE_CURVE('',#1401,#1393,#680,.T.);
#1723=EDGE_CURVE('',#1402,#1392,#681,.T.);
#1724=EDGE_CURVE('',#1402,#1403,#682,.T.);
#1725=EDGE_CURVE('',#1404,#1403,#683,.T.);
#1726=EDGE_CURVE('',#1405,#1404,#684,.T.);
#1727=EDGE_CURVE('',#1405,#1406,#685,.T.);
#1728=EDGE_CURVE('',#1399,#1406,#686,.T.);
#1729=EDGE_CURVE('',#1402,#1380,#687,.T.);
#1730=EDGE_CURVE('',#1382,#1403,#688,.T.);
#1731=EDGE_CURVE('',#1383,#1407,#689,.T.);
#1732=EDGE_CURVE('',#1408,#1407,#690,.T.);
#1733=EDGE_CURVE('',#1408,#1384,#691,.T.);
#1734=EDGE_CURVE('',#1407,#1391,#692,.T.);
#1735=EDGE_CURVE('',#1409,#1407,#693,.T.);
#1736=EDGE_CURVE('',#1409,#1410,#694,.T.);
#1737=EDGE_CURVE('',#1406,#1410,#695,.T.);
#1738=EDGE_CURVE('',#1405,#1402,#696,.T.);
#1739=EDGE_CURVE('',#1390,#1411,#697,.T.);
#1740=EDGE_CURVE('',#1410,#1411,#698,.T.);
#1741=EDGE_CURVE('',#1412,#1409,#699,.T.);
#1742=EDGE_CURVE('',#1412,#1408,#700,.T.);
#1743=EDGE_CURVE('',#1398,#1413,#701,.T.);
#1744=EDGE_CURVE('',#1413,#1414,#702,.T.);
#1745=EDGE_CURVE('',#1411,#1414,#703,.T.);
#1746=EDGE_CURVE('',#1415,#1415,#1297,.T.);
#1747=EDGE_CURVE('',#1415,#1416,#704,.T.);
#1748=EDGE_CURVE('',#1416,#1416,#1298,.T.);
#1749=EDGE_CURVE('',#1417,#1396,#705,.T.);
#1750=EDGE_CURVE('',#1395,#1418,#706,.T.);
#1751=EDGE_CURVE('',#1418,#1400,#707,.T.);
#1752=EDGE_CURVE('',#1414,#1417,#708,.T.);
#1753=EDGE_CURVE('',#1419,#1419,#1299,.T.);
#1754=EDGE_CURVE('',#1371,#1415,#709,.T.);
#1755=EDGE_CURVE('',#1420,#1420,#1300,.T.);
#1756=EDGE_CURVE('',#1420,#1419,#710,.T.);
#1757=EDGE_CURVE('',#1372,#1420,#711,.T.);
#1758=EDGE_CURVE('',#1421,#1397,#712,.T.);
#1759=EDGE_CURVE('',#1421,#1417,#713,.T.);
#1760=EDGE_CURVE('',#1413,#1421,#714,.T.);
#1761=EDGE_CURVE('',#1401,#1422,#715,.T.);
#1762=EDGE_CURVE('',#1422,#1418,#716,.T.);
#1763=EDGE_CURVE('',#1422,#1394,#717,.T.);
#1764=EDGE_CURVE('',#1379,#1405,#718,.T.);
#1765=EDGE_CURVE('',#1409,#1386,#719,.T.);
#1766=EDGE_CURVE('',#1385,#1412,#720,.T.);
#1767=EDGE_CURVE('',#1404,#1381,#721,.T.);
#1768=EDGE_CURVE('',#1423,#1424,#722,.T.);
#1769=EDGE_CURVE('',#1424,#1425,#723,.T.);
#1770=EDGE_CURVE('',#1425,#1426,#724,.T.);
#1771=EDGE_CURVE('',#1426,#1423,#725,.T.);
#1772=EDGE_CURVE('',#1426,#1427,#726,.T.);
#1773=EDGE_CURVE('',#1427,#1428,#727,.T.);
#1774=EDGE_CURVE('',#1428,#1423,#728,.T.);
#1775=EDGE_CURVE('',#1425,#1429,#729,.T.);
#1776=EDGE_CURVE('',#1430,#1429,#730,.T.);
#1777=EDGE_CURVE('',#1431,#1430,#731,.T.);
#1778=EDGE_CURVE('',#1431,#1427,#732,.T.);
#1779=EDGE_CURVE('',#1432,#1424,#733,.T.);
#1780=EDGE_CURVE('',#1432,#1433,#734,.T.);
#1781=EDGE_CURVE('',#1433,#1434,#735,.F.);
#1782=EDGE_CURVE('',#1429,#1434,#736,.T.);
#1783=EDGE_CURVE('',#1435,#1436,#737,.T.);
#1784=EDGE_CURVE('',#1436,#1437,#738,.T.);
#1785=EDGE_CURVE('',#1437,#1438,#739,.T.);
#1786=EDGE_CURVE('',#1438,#1439,#740,.T.);
#1787=EDGE_CURVE('',#1439,#1440,#741,.T.);
#1788=EDGE_CURVE('',#1440,#1441,#742,.T.);
#1789=EDGE_CURVE('',#1441,#1442,#743,.T.);
#1790=EDGE_CURVE('',#1442,#1443,#744,.T.);
#1791=EDGE_CURVE('',#1443,#1444,#745,.T.);
#1792=EDGE_CURVE('',#1444,#1435,#746,.T.);
#1793=EDGE_CURVE('',#1445,#1446,#747,.T.);
#1794=EDGE_CURVE('',#1446,#1447,#748,.T.);
#1795=EDGE_CURVE('',#1447,#1448,#749,.T.);
#1796=EDGE_CURVE('',#1448,#1449,#750,.T.);
#1797=EDGE_CURVE('',#1449,#1450,#751,.T.);
#1798=EDGE_CURVE('',#1450,#1451,#752,.T.);
#1799=EDGE_CURVE('',#1451,#1452,#753,.T.);
#1800=EDGE_CURVE('',#1452,#1445,#754,.T.);
#1801=EDGE_CURVE('',#1453,#1454,#48,.T.);
#1802=EDGE_CURVE('',#1454,#1455,#755,.T.);
#1803=EDGE_CURVE('',#1455,#1456,#756,.T.);
#1804=EDGE_CURVE('',#1456,#1457,#757,.T.);
#1805=EDGE_CURVE('',#1457,#1458,#49,.T.);
#1806=EDGE_CURVE('',#1458,#1459,#50,.T.);
#1807=EDGE_CURVE('',#1459,#1460,#51,.T.);
#1808=EDGE_CURVE('',#1460,#1461,#52,.T.);
#1809=EDGE_CURVE('',#1461,#1462,#53,.T.);
#1810=EDGE_CURVE('',#1462,#1463,#54,.T.);
#1811=EDGE_CURVE('',#1463,#1464,#55,.T.);
#1812=EDGE_CURVE('',#1464,#1465,#56,.T.);
#1813=EDGE_CURVE('',#1465,#1466,#57,.T.);
#1814=EDGE_CURVE('',#1466,#1467,#758,.T.);
#1815=EDGE_CURVE('',#1467,#1468,#759,.T.);
#1816=EDGE_CURVE('',#1468,#1469,#760,.T.);
#1817=EDGE_CURVE('',#1469,#1470,#58,.T.);
#1818=EDGE_CURVE('',#1470,#1471,#59,.T.);
#1819=EDGE_CURVE('',#1471,#1453,#60,.T.);
#1820=EDGE_CURVE('',#1472,#1473,#61,.T.);
#1821=EDGE_CURVE('',#1473,#1474,#62,.T.);
#1822=EDGE_CURVE('',#1474,#1475,#63,.T.);
#1823=EDGE_CURVE('',#1475,#1476,#64,.T.);
#1824=EDGE_CURVE('',#1476,#1477,#65,.T.);
#1825=EDGE_CURVE('',#1477,#1478,#66,.T.);
#1826=EDGE_CURVE('',#1478,#1479,#67,.T.);
#1827=EDGE_CURVE('',#1479,#1480,#68,.T.);
#1828=EDGE_CURVE('',#1480,#1481,#69,.T.);
#1829=EDGE_CURVE('',#1481,#1472,#70,.T.);
#1830=EDGE_CURVE('',#1482,#1483,#761,.T.);
#1831=EDGE_CURVE('',#1483,#1484,#762,.T.);
#1832=EDGE_CURVE('',#1484,#1485,#763,.T.);
#1833=EDGE_CURVE('',#1485,#1482,#764,.T.);
#1834=EDGE_CURVE('',#1486,#1487,#765,.T.);
#1835=EDGE_CURVE('',#1487,#1488,#1301,.T.);
#1836=EDGE_CURVE('',#1488,#1489,#766,.T.);
#1837=EDGE_CURVE('',#1489,#1486,#1302,.T.);
#1838=EDGE_CURVE('',#1490,#1491,#767,.T.);
#1839=EDGE_CURVE('',#1491,#1492,#1303,.T.);
#1840=EDGE_CURVE('',#1492,#1493,#768,.T.);
#1841=EDGE_CURVE('',#1493,#1490,#1304,.T.);
#1842=EDGE_CURVE('',#1494,#1495,#769,.T.);
#1843=EDGE_CURVE('',#1495,#1496,#1305,.T.);
#1844=EDGE_CURVE('',#1496,#1497,#770,.T.);
#1845=EDGE_CURVE('',#1497,#1494,#1306,.T.);
#1846=EDGE_CURVE('',#1498,#1499,#771,.T.);
#1847=EDGE_CURVE('',#1499,#1500,#1307,.T.);
#1848=EDGE_CURVE('',#1500,#1501,#772,.T.);
#1849=EDGE_CURVE('',#1501,#1498,#1308,.T.);
#1850=EDGE_CURVE('',#1502,#1503,#773,.T.);
#1851=EDGE_CURVE('',#1503,#1504,#1309,.T.);
#1852=EDGE_CURVE('',#1504,#1505,#774,.T.);
#1853=EDGE_CURVE('',#1505,#1502,#1310,.T.);
#1854=EDGE_CURVE('',#1506,#1507,#775,.T.);
#1855=EDGE_CURVE('',#1507,#1508,#1311,.T.);
#1856=EDGE_CURVE('',#1508,#1509,#776,.T.);
#1857=EDGE_CURVE('',#1509,#1506,#1312,.T.);
#1858=EDGE_CURVE('',#1510,#1511,#777,.T.);
#1859=EDGE_CURVE('',#1511,#1512,#1313,.T.);
#1860=EDGE_CURVE('',#1512,#1513,#778,.T.);
#1861=EDGE_CURVE('',#1513,#1510,#1314,.T.);
#1862=EDGE_CURVE('',#1514,#1515,#779,.T.);
#1863=EDGE_CURVE('',#1515,#1516,#1315,.T.);
#1864=EDGE_CURVE('',#1516,#1517,#780,.T.);
#1865=EDGE_CURVE('',#1517,#1514,#1316,.T.);
#1866=EDGE_CURVE('',#1518,#1519,#781,.T.);
#1867=EDGE_CURVE('',#1519,#1520,#1317,.T.);
#1868=EDGE_CURVE('',#1520,#1521,#782,.T.);
#1869=EDGE_CURVE('',#1521,#1518,#1318,.T.);
#1870=EDGE_CURVE('',#1522,#1523,#783,.T.);
#1871=EDGE_CURVE('',#1523,#1524,#1319,.T.);
#1872=EDGE_CURVE('',#1524,#1525,#784,.T.);
#1873=EDGE_CURVE('',#1525,#1522,#1320,.T.);
#1874=EDGE_CURVE('',#1526,#1527,#785,.T.);
#1875=EDGE_CURVE('',#1527,#1528,#1321,.T.);
#1876=EDGE_CURVE('',#1528,#1529,#786,.T.);
#1877=EDGE_CURVE('',#1529,#1526,#1322,.T.);
#1878=EDGE_CURVE('',#1530,#1423,#787,.F.);
#1879=EDGE_CURVE('',#1432,#1530,#788,.F.);
#1880=EDGE_CURVE('',#1531,#1532,#789,.T.);
#1881=EDGE_CURVE('',#1532,#1431,#790,.T.);
#1882=EDGE_CURVE('',#1430,#1531,#791,.T.);
#1883=EDGE_CURVE('',#1434,#1531,#792,.T.);
#1884=EDGE_CURVE('',#1533,#1532,#793,.T.);
#1885=EDGE_CURVE('',#1533,#1534,#794,.T.);
#1886=EDGE_CURVE('',#1534,#1428,#795,.F.);
#1887=EDGE_CURVE('',#1535,#1536,#796,.T.);
#1888=EDGE_CURVE('',#1536,#1537,#1323,.T.);
#1889=EDGE_CURVE('',#1537,#1538,#797,.T.);
#1890=EDGE_CURVE('',#1538,#1535,#1324,.T.);
#1891=EDGE_CURVE('',#1539,#1540,#798,.T.);
#1892=EDGE_CURVE('',#1540,#1541,#1325,.T.);
#1893=EDGE_CURVE('',#1541,#1542,#799,.T.);
#1894=EDGE_CURVE('',#1542,#1539,#1326,.T.);
#1895=EDGE_CURVE('',#1543,#1544,#800,.T.);
#1896=EDGE_CURVE('',#1544,#1545,#1327,.T.);
#1897=EDGE_CURVE('',#1545,#1546,#801,.T.);
#1898=EDGE_CURVE('',#1546,#1543,#1328,.T.);
#1899=EDGE_CURVE('',#1547,#1548,#802,.T.);
#1900=EDGE_CURVE('',#1548,#1549,#1329,.T.);
#1901=EDGE_CURVE('',#1549,#1550,#803,.T.);
#1902=EDGE_CURVE('',#1550,#1547,#1330,.T.);
#1903=EDGE_CURVE('',#1551,#1552,#804,.T.);
#1904=EDGE_CURVE('',#1552,#1553,#1331,.T.);
#1905=EDGE_CURVE('',#1553,#1554,#805,.T.);
#1906=EDGE_CURVE('',#1554,#1551,#1332,.T.);
#1907=EDGE_CURVE('',#1555,#1556,#806,.T.);
#1908=EDGE_CURVE('',#1556,#1557,#1333,.T.);
#1909=EDGE_CURVE('',#1557,#1558,#807,.T.);
#1910=EDGE_CURVE('',#1558,#1555,#1334,.T.);
#1911=EDGE_CURVE('',#1559,#1560,#808,.T.);
#1912=EDGE_CURVE('',#1560,#1561,#1335,.T.);
#1913=EDGE_CURVE('',#1561,#1562,#809,.T.);
#1914=EDGE_CURVE('',#1562,#1559,#1336,.T.);
#1915=EDGE_CURVE('',#1563,#1564,#810,.T.);
#1916=EDGE_CURVE('',#1564,#1565,#1337,.T.);
#1917=EDGE_CURVE('',#1565,#1566,#811,.T.);
#1918=EDGE_CURVE('',#1566,#1563,#1338,.T.);
#1919=EDGE_CURVE('',#1567,#1568,#812,.T.);
#1920=EDGE_CURVE('',#1568,#1569,#1339,.T.);
#1921=EDGE_CURVE('',#1569,#1570,#813,.T.);
#1922=EDGE_CURVE('',#1570,#1567,#1340,.T.);
#1923=EDGE_CURVE('',#1571,#1572,#814,.T.);
#1924=EDGE_CURVE('',#1572,#1573,#1341,.T.);
#1925=EDGE_CURVE('',#1573,#1574,#815,.T.);
#1926=EDGE_CURVE('',#1574,#1571,#1342,.T.);
#1927=EDGE_CURVE('',#1575,#1576,#816,.T.);
#1928=EDGE_CURVE('',#1576,#1577,#1343,.T.);
#1929=EDGE_CURVE('',#1577,#1578,#817,.T.);
#1930=EDGE_CURVE('',#1578,#1575,#1344,.T.);
#1931=EDGE_CURVE('',#1435,#1579,#818,.T.);
#1932=EDGE_CURVE('',#1579,#1580,#819,.T.);
#1933=EDGE_CURVE('',#1436,#1580,#820,.T.);
#1934=EDGE_CURVE('',#1444,#1581,#821,.T.);
#1935=EDGE_CURVE('',#1581,#1579,#822,.T.);
#1936=EDGE_CURVE('',#1443,#1582,#823,.T.);
#1937=EDGE_CURVE('',#1582,#1581,#824,.T.);
#1938=EDGE_CURVE('',#1442,#1583,#825,.T.);
#1939=EDGE_CURVE('',#1583,#1582,#826,.T.);
#1940=EDGE_CURVE('',#1441,#1584,#827,.T.);
#1941=EDGE_CURVE('',#1584,#1583,#828,.T.);
#1942=EDGE_CURVE('',#1440,#1585,#829,.T.);
#1943=EDGE_CURVE('',#1585,#1584,#830,.T.);
#1944=EDGE_CURVE('',#1439,#1586,#831,.T.);
#1945=EDGE_CURVE('',#1586,#1585,#832,.T.);
#1946=EDGE_CURVE('',#1438,#1587,#833,.T.);
#1947=EDGE_CURVE('',#1587,#1586,#834,.T.);
#1948=EDGE_CURVE('',#1437,#1588,#835,.T.);
#1949=EDGE_CURVE('',#1588,#1587,#836,.T.);
#1950=EDGE_CURVE('',#1580,#1588,#837,.T.);
#1951=EDGE_CURVE('',#1445,#1589,#838,.T.);
#1952=EDGE_CURVE('',#1589,#1590,#839,.T.);
#1953=EDGE_CURVE('',#1446,#1590,#840,.T.);
#1954=EDGE_CURVE('',#1452,#1591,#841,.T.);
#1955=EDGE_CURVE('',#1591,#1589,#842,.T.);
#1956=EDGE_CURVE('',#1451,#1592,#843,.T.);
#1957=EDGE_CURVE('',#1592,#1591,#844,.T.);
#1958=EDGE_CURVE('',#1450,#1593,#845,.T.);
#1959=EDGE_CURVE('',#1593,#1592,#846,.T.);
#1960=EDGE_CURVE('',#1449,#1594,#847,.T.);
#1961=EDGE_CURVE('',#1594,#1593,#848,.T.);
#1962=EDGE_CURVE('',#1448,#1595,#849,.T.);
#1963=EDGE_CURVE('',#1595,#1594,#850,.T.);
#1964=EDGE_CURVE('',#1447,#1596,#851,.T.);
#1965=EDGE_CURVE('',#1596,#1595,#852,.T.);
#1966=EDGE_CURVE('',#1590,#1596,#853,.T.);
#1967=EDGE_CURVE('',#1453,#1597,#854,.T.);
#1968=EDGE_CURVE('',#1597,#1598,#71,.T.);
#1969=EDGE_CURVE('',#1454,#1598,#855,.T.);
#1970=EDGE_CURVE('',#1471,#1599,#856,.T.);
#1971=EDGE_CURVE('',#1599,#1597,#72,.T.);
#1972=EDGE_CURVE('',#1470,#1600,#857,.T.);
#1973=EDGE_CURVE('',#1600,#1599,#73,.T.);
#1974=EDGE_CURVE('',#1469,#1601,#858,.T.);
#1975=EDGE_CURVE('',#1601,#1600,#74,.T.);
#1976=EDGE_CURVE('',#1468,#1602,#859,.T.);
#1977=EDGE_CURVE('',#1602,#1601,#860,.T.);
#1978=EDGE_CURVE('',#1467,#1603,#861,.T.);
#1979=EDGE_CURVE('',#1603,#1602,#862,.T.);
#1980=EDGE_CURVE('',#1466,#1604,#863,.T.);
#1981=EDGE_CURVE('',#1604,#1603,#864,.T.);
#1982=EDGE_CURVE('',#1465,#1605,#865,.T.);
#1983=EDGE_CURVE('',#1605,#1604,#75,.T.);
#1984=EDGE_CURVE('',#1464,#1606,#866,.T.);
#1985=EDGE_CURVE('',#1606,#1605,#76,.T.);
#1986=EDGE_CURVE('',#1463,#1607,#867,.T.);
#1987=EDGE_CURVE('',#1607,#1606,#77,.T.);
#1988=EDGE_CURVE('',#1462,#1608,#868,.T.);
#1989=EDGE_CURVE('',#1608,#1607,#78,.T.);
#1990=EDGE_CURVE('',#1461,#1609,#869,.T.);
#1991=EDGE_CURVE('',#1609,#1608,#79,.T.);
#1992=EDGE_CURVE('',#1460,#1610,#870,.T.);
#1993=EDGE_CURVE('',#1610,#1609,#80,.T.);
#1994=EDGE_CURVE('',#1459,#1611,#871,.T.);
#1995=EDGE_CURVE('',#1611,#1610,#81,.T.);
#1996=EDGE_CURVE('',#1458,#1612,#872,.T.);
#1997=EDGE_CURVE('',#1612,#1611,#82,.T.);
#1998=EDGE_CURVE('',#1457,#1613,#873,.T.);
#1999=EDGE_CURVE('',#1613,#1612,#83,.T.);
#2000=EDGE_CURVE('',#1456,#1614,#874,.T.);
#2001=EDGE_CURVE('',#1614,#1613,#875,.T.);
#2002=EDGE_CURVE('',#1455,#1615,#876,.T.);
#2003=EDGE_CURVE('',#1615,#1614,#877,.T.);
#2004=EDGE_CURVE('',#1598,#1615,#878,.T.);
#2005=EDGE_CURVE('',#1616,#1617,#84,.T.);
#2006=EDGE_CURVE('',#1616,#1618,#879,.T.);
#2007=EDGE_CURVE('',#1618,#1619,#85,.T.);
#2008=EDGE_CURVE('',#1617,#1619,#880,.T.);
#2009=EDGE_CURVE('',#1620,#1616,#86,.T.);
#2010=EDGE_CURVE('',#1620,#1621,#881,.T.);
#2011=EDGE_CURVE('',#1621,#1618,#87,.T.);
#2012=EDGE_CURVE('',#1622,#1620,#88,.T.);
#2013=EDGE_CURVE('',#1622,#1623,#882,.T.);
#2014=EDGE_CURVE('',#1623,#1621,#89,.T.);
#2015=EDGE_CURVE('',#1624,#1622,#90,.T.);
#2016=EDGE_CURVE('',#1624,#1625,#883,.T.);
#2017=EDGE_CURVE('',#1625,#1623,#91,.T.);
#2018=EDGE_CURVE('',#1626,#1624,#92,.T.);
#2019=EDGE_CURVE('',#1626,#1627,#884,.T.);
#2020=EDGE_CURVE('',#1627,#1625,#93,.T.);
#2021=EDGE_CURVE('',#1628,#1626,#94,.T.);
#2022=EDGE_CURVE('',#1628,#1629,#885,.T.);
#2023=EDGE_CURVE('',#1629,#1627,#95,.T.);
#2024=EDGE_CURVE('',#1630,#1628,#96,.T.);
#2025=EDGE_CURVE('',#1630,#1631,#886,.T.);
#2026=EDGE_CURVE('',#1631,#1629,#97,.T.);
#2027=EDGE_CURVE('',#1617,#1630,#98,.T.);
#2028=EDGE_CURVE('',#1619,#1631,#99,.T.);
#2029=EDGE_CURVE('',#1472,#1632,#887,.T.);
#2030=EDGE_CURVE('',#1632,#1633,#100,.T.);
#2031=EDGE_CURVE('',#1473,#1633,#888,.T.);
#2032=EDGE_CURVE('',#1481,#1634,#889,.T.);
#2033=EDGE_CURVE('',#1634,#1632,#101,.T.);
#2034=EDGE_CURVE('',#1480,#1635,#890,.T.);
#2035=EDGE_CURVE('',#1635,#1634,#102,.T.);
#2036=EDGE_CURVE('',#1479,#1636,#891,.T.);
#2037=EDGE_CURVE('',#1636,#1635,#103,.T.);
#2038=EDGE_CURVE('',#1478,#1637,#892,.T.);
#2039=EDGE_CURVE('',#1637,#1636,#104,.T.);
#2040=EDGE_CURVE('',#1477,#1638,#893,.T.);
#2041=EDGE_CURVE('',#1638,#1637,#105,.T.);
#2042=EDGE_CURVE('',#1476,#1639,#894,.T.);
#2043=EDGE_CURVE('',#1639,#1638,#106,.T.);
#2044=EDGE_CURVE('',#1475,#1640,#895,.T.);
#2045=EDGE_CURVE('',#1640,#1639,#107,.T.);
#2046=EDGE_CURVE('',#1474,#1641,#896,.T.);
#2047=EDGE_CURVE('',#1641,#1640,#108,.T.);
#2048=EDGE_CURVE('',#1633,#1641,#109,.T.);
#2049=EDGE_CURVE('',#1482,#1642,#897,.T.);
#2050=EDGE_CURVE('',#1642,#1643,#898,.T.);
#2051=EDGE_CURVE('',#1483,#1643,#899,.T.);
#2052=EDGE_CURVE('',#1485,#1644,#900,.T.);
#2053=EDGE_CURVE('',#1644,#1642,#901,.T.);
#2054=EDGE_CURVE('',#1484,#1645,#902,.T.);
#2055=EDGE_CURVE('',#1645,#1644,#903,.T.);
#2056=EDGE_CURVE('',#1643,#1645,#904,.T.);
#2057=EDGE_CURVE('',#1526,#1536,#905,.T.);
#2058=EDGE_CURVE('',#1527,#1535,#906,.T.);
#2059=EDGE_CURVE('',#1529,#1537,#907,.T.);
#2060=EDGE_CURVE('',#1528,#1538,#908,.T.);
#2061=EDGE_CURVE('',#1522,#1540,#909,.T.);
#2062=EDGE_CURVE('',#1523,#1539,#910,.T.);
#2063=EDGE_CURVE('',#1525,#1541,#911,.T.);
#2064=EDGE_CURVE('',#1524,#1542,#912,.T.);
#2065=EDGE_CURVE('',#1518,#1544,#913,.T.);
#2066=EDGE_CURVE('',#1519,#1543,#914,.T.);
#2067=EDGE_CURVE('',#1521,#1545,#915,.T.);
#2068=EDGE_CURVE('',#1520,#1546,#916,.T.);
#2069=EDGE_CURVE('',#1514,#1548,#917,.T.);
#2070=EDGE_CURVE('',#1515,#1547,#918,.T.);
#2071=EDGE_CURVE('',#1517,#1549,#919,.T.);
#2072=EDGE_CURVE('',#1516,#1550,#920,.T.);
#2073=EDGE_CURVE('',#1510,#1552,#921,.T.);
#2074=EDGE_CURVE('',#1511,#1551,#922,.T.);
#2075=EDGE_CURVE('',#1513,#1553,#923,.T.);
#2076=EDGE_CURVE('',#1512,#1554,#924,.T.);
#2077=EDGE_CURVE('',#1506,#1556,#925,.T.);
#2078=EDGE_CURVE('',#1507,#1555,#926,.T.);
#2079=EDGE_CURVE('',#1509,#1557,#927,.T.);
#2080=EDGE_CURVE('',#1508,#1558,#928,.T.);
#2081=EDGE_CURVE('',#1502,#1560,#929,.T.);
#2082=EDGE_CURVE('',#1503,#1559,#930,.T.);
#2083=EDGE_CURVE('',#1505,#1561,#931,.T.);
#2084=EDGE_CURVE('',#1504,#1562,#932,.T.);
#2085=EDGE_CURVE('',#1498,#1564,#933,.T.);
#2086=EDGE_CURVE('',#1499,#1563,#934,.T.);
#2087=EDGE_CURVE('',#1501,#1565,#935,.T.);
#2088=EDGE_CURVE('',#1500,#1566,#936,.T.);
#2089=EDGE_CURVE('',#1494,#1568,#937,.T.);
#2090=EDGE_CURVE('',#1495,#1567,#938,.T.);
#2091=EDGE_CURVE('',#1497,#1569,#939,.T.);
#2092=EDGE_CURVE('',#1496,#1570,#940,.T.);
#2093=EDGE_CURVE('',#1490,#1572,#941,.T.);
#2094=EDGE_CURVE('',#1491,#1571,#942,.T.);
#2095=EDGE_CURVE('',#1493,#1573,#943,.T.);
#2096=EDGE_CURVE('',#1492,#1574,#944,.T.);
#2097=EDGE_CURVE('',#1486,#1576,#945,.T.);
#2098=EDGE_CURVE('',#1487,#1575,#946,.T.);
#2099=EDGE_CURVE('',#1489,#1577,#947,.T.);
#2100=EDGE_CURVE('',#1488,#1578,#948,.T.);
#2101=EDGE_CURVE('',#1534,#1530,#949,.T.);
#2102=EDGE_CURVE('',#1646,#1531,#950,.T.);
#2103=EDGE_CURVE('',#1533,#1646,#951,.F.);
#2104=EDGE_CURVE('',#1433,#1646,#952,.T.);
#2105=ORIENTED_EDGE('',*,*,#1647,.T.);
#2106=ORIENTED_EDGE('',*,*,#1648,.T.);
#2107=ORIENTED_EDGE('',*,*,#1649,.T.);
#2108=ORIENTED_EDGE('',*,*,#1650,.T.);
#2109=ORIENTED_EDGE('',*,*,#1651,.T.);
#2110=ORIENTED_EDGE('',*,*,#1652,.T.);
#2111=ORIENTED_EDGE('',*,*,#1653,.T.);
#2112=ORIENTED_EDGE('',*,*,#1652,.F.);
#2113=ORIENTED_EDGE('',*,*,#1654,.T.);
#2114=ORIENTED_EDGE('',*,*,#1655,.T.);
#2115=ORIENTED_EDGE('',*,*,#1656,.F.);
#2116=ORIENTED_EDGE('',*,*,#1657,.F.);
#2117=ORIENTED_EDGE('',*,*,#1658,.F.);
#2118=ORIENTED_EDGE('',*,*,#1659,.F.);
#2119=ORIENTED_EDGE('',*,*,#1651,.F.);
#2120=ORIENTED_EDGE('',*,*,#1660,.F.);
#2121=ORIENTED_EDGE('',*,*,#1661,.F.);
#2122=ORIENTED_EDGE('',*,*,#1662,.T.);
#2123=ORIENTED_EDGE('',*,*,#1654,.F.);
#2124=ORIENTED_EDGE('',*,*,#1650,.F.);
#2125=ORIENTED_EDGE('',*,*,#1663,.F.);
#2126=ORIENTED_EDGE('',*,*,#1660,.T.);
#2127=ORIENTED_EDGE('',*,*,#1653,.F.);
#2128=ORIENTED_EDGE('',*,*,#1659,.T.);
#2129=ORIENTED_EDGE('',*,*,#1664,.T.);
#2130=ORIENTED_EDGE('',*,*,#1665,.T.);
#2131=ORIENTED_EDGE('',*,*,#1666,.F.);
#2132=ORIENTED_EDGE('',*,*,#1667,.F.);
#2133=ORIENTED_EDGE('',*,*,#1668,.T.);
#2134=ORIENTED_EDGE('',*,*,#1669,.T.);
#2135=ORIENTED_EDGE('',*,*,#1670,.T.);
#2136=ORIENTED_EDGE('',*,*,#1671,.T.);
#2137=ORIENTED_EDGE('',*,*,#1672,.T.);
#2138=ORIENTED_EDGE('',*,*,#1666,.T.);
#2139=ORIENTED_EDGE('',*,*,#1673,.T.);
#2140=ORIENTED_EDGE('',*,*,#1647,.F.);
#2141=ORIENTED_EDGE('',*,*,#1667,.T.);
#2142=ORIENTED_EDGE('',*,*,#1672,.F.);
#2143=ORIENTED_EDGE('',*,*,#1674,.T.);
#2144=ORIENTED_EDGE('',*,*,#1675,.F.);
#2145=ORIENTED_EDGE('',*,*,#1676,.T.);
#2146=ORIENTED_EDGE('',*,*,#1677,.F.);
#2147=ORIENTED_EDGE('',*,*,#1678,.T.);
#2148=ORIENTED_EDGE('',*,*,#1679,.T.);
#2149=ORIENTED_EDGE('',*,*,#1680,.T.);
#2150=ORIENTED_EDGE('',*,*,#1671,.F.);
#2151=ORIENTED_EDGE('',*,*,#1681,.F.);
#2152=ORIENTED_EDGE('',*,*,#1682,.F.);
#2153=ORIENTED_EDGE('',*,*,#1674,.F.);
#2154=ORIENTED_EDGE('',*,*,#1669,.F.);
#2155=ORIENTED_EDGE('',*,*,#1683,.T.);
#2156=ORIENTED_EDGE('',*,*,#1684,.F.);
#2157=ORIENTED_EDGE('',*,*,#1649,.F.);
#2158=ORIENTED_EDGE('',*,*,#1685,.T.);
#2159=ORIENTED_EDGE('',*,*,#1686,.F.);
#2160=ORIENTED_EDGE('',*,*,#1687,.T.);
#2161=ORIENTED_EDGE('',*,*,#1688,.F.);
#2162=ORIENTED_EDGE('',*,*,#1681,.T.);
#2163=ORIENTED_EDGE('',*,*,#1670,.F.);
#2164=ORIENTED_EDGE('',*,*,#1684,.T.);
#2165=ORIENTED_EDGE('',*,*,#1689,.T.);
#2166=ORIENTED_EDGE('',*,*,#1690,.T.);
#2167=ORIENTED_EDGE('',*,*,#1661,.T.);
#2168=ORIENTED_EDGE('',*,*,#1663,.T.);
#2169=ORIENTED_EDGE('',*,*,#1675,.T.);
#2170=ORIENTED_EDGE('',*,*,#1682,.T.);
#2171=ORIENTED_EDGE('',*,*,#1688,.T.);
#2172=ORIENTED_EDGE('',*,*,#1691,.T.);
#2173=ORIENTED_EDGE('',*,*,#1691,.F.);
#2174=ORIENTED_EDGE('',*,*,#1687,.F.);
#2175=ORIENTED_EDGE('',*,*,#1692,.F.);
#2176=ORIENTED_EDGE('',*,*,#1676,.F.);
#2177=ORIENTED_EDGE('',*,*,#1693,.F.);
#2178=ORIENTED_EDGE('',*,*,#1694,.F.);
#2179=ORIENTED_EDGE('',*,*,#1695,.T.);
#2180=ORIENTED_EDGE('',*,*,#1696,.T.);
#2181=ORIENTED_EDGE('',*,*,#1697,.T.);
#2182=ORIENTED_EDGE('',*,*,#1698,.F.);
#2183=ORIENTED_EDGE('',*,*,#1699,.F.);
#2184=ORIENTED_EDGE('',*,*,#1700,.T.);
#2185=ORIENTED_EDGE('',*,*,#1677,.T.);
#2186=ORIENTED_EDGE('',*,*,#1692,.T.);
#2187=ORIENTED_EDGE('',*,*,#1686,.T.);
#2188=ORIENTED_EDGE('',*,*,#1701,.T.);
#2189=ORIENTED_EDGE('',*,*,#1668,.F.);
#2190=ORIENTED_EDGE('',*,*,#1702,.T.);
#2191=ORIENTED_EDGE('',*,*,#1703,.T.);
#2192=ORIENTED_EDGE('',*,*,#1689,.F.);
#2193=ORIENTED_EDGE('',*,*,#1683,.F.);
#2194=ORIENTED_EDGE('',*,*,#1673,.F.);
#2195=ORIENTED_EDGE('',*,*,#1665,.F.);
#2196=ORIENTED_EDGE('',*,*,#1704,.T.);
#2197=ORIENTED_EDGE('',*,*,#1705,.T.);
#2198=ORIENTED_EDGE('',*,*,#1702,.F.);
#2199=ORIENTED_EDGE('',*,*,#1706,.F.);
#2200=ORIENTED_EDGE('',*,*,#1707,.F.);
#2201=ORIENTED_EDGE('',*,*,#1708,.F.);
#2202=ORIENTED_EDGE('',*,*,#1709,.F.);
#2203=ORIENTED_EDGE('',*,*,#1710,.F.);
#2204=ORIENTED_EDGE('',*,*,#1656,.T.);
#2205=ORIENTED_EDGE('',*,*,#1711,.T.);
#2206=ORIENTED_EDGE('',*,*,#1704,.F.);
#2207=ORIENTED_EDGE('',*,*,#1664,.F.);
#2208=ORIENTED_EDGE('',*,*,#1658,.T.);
#2209=ORIENTED_EDGE('',*,*,#1690,.F.);
#2210=ORIENTED_EDGE('',*,*,#1703,.F.);
#2211=ORIENTED_EDGE('',*,*,#1705,.F.);
#2212=ORIENTED_EDGE('',*,*,#1711,.F.);
#2213=ORIENTED_EDGE('',*,*,#1655,.F.);
#2214=ORIENTED_EDGE('',*,*,#1662,.F.);
#2215=ORIENTED_EDGE('',*,*,#1706,.T.);
#2216=ORIENTED_EDGE('',*,*,#1712,.T.);
#2217=ORIENTED_EDGE('',*,*,#1713,.T.);
#2218=ORIENTED_EDGE('',*,*,#1714,.T.);
#2219=ORIENTED_EDGE('',*,*,#1715,.F.);
#2220=ORIENTED_EDGE('',*,*,#1716,.T.);
#2221=ORIENTED_EDGE('',*,*,#1717,.T.);
#2222=ORIENTED_EDGE('',*,*,#1718,.T.);
#2223=ORIENTED_EDGE('',*,*,#1657,.T.);
#2224=ORIENTED_EDGE('',*,*,#1719,.T.);
#2225=ORIENTED_EDGE('',*,*,#1720,.F.);
#2226=ORIENTED_EDGE('',*,*,#1721,.T.);
#2227=ORIENTED_EDGE('',*,*,#1722,.T.);
#2228=ORIENTED_EDGE('',*,*,#1712,.F.);
#2229=ORIENTED_EDGE('',*,*,#1710,.T.);
#2230=ORIENTED_EDGE('',*,*,#1723,.F.);
#2231=ORIENTED_EDGE('',*,*,#1724,.T.);
#2232=ORIENTED_EDGE('',*,*,#1725,.F.);
#2233=ORIENTED_EDGE('',*,*,#1726,.F.);
#2234=ORIENTED_EDGE('',*,*,#1727,.T.);
#2235=ORIENTED_EDGE('',*,*,#1728,.F.);
#2236=ORIENTED_EDGE('',*,*,#1719,.F.);
#2237=ORIENTED_EDGE('',*,*,#1729,.T.);
#2238=ORIENTED_EDGE('',*,*,#1696,.F.);
#2239=ORIENTED_EDGE('',*,*,#1730,.T.);
#2240=ORIENTED_EDGE('',*,*,#1724,.F.);
#2241=ORIENTED_EDGE('',*,*,#1731,.T.);
#2242=ORIENTED_EDGE('',*,*,#1732,.F.);
#2243=ORIENTED_EDGE('',*,*,#1733,.T.);
#2244=ORIENTED_EDGE('',*,*,#1697,.F.);
#2245=ORIENTED_EDGE('',*,*,#1709,.T.);
#2246=ORIENTED_EDGE('',*,*,#1734,.F.);
#2247=ORIENTED_EDGE('',*,*,#1735,.F.);
#2248=ORIENTED_EDGE('',*,*,#1736,.T.);
#2249=ORIENTED_EDGE('',*,*,#1737,.F.);
#2250=ORIENTED_EDGE('',*,*,#1727,.F.);
#2251=ORIENTED_EDGE('',*,*,#1738,.T.);
#2252=ORIENTED_EDGE('',*,*,#1723,.T.);
#2253=ORIENTED_EDGE('',*,*,#1708,.T.);
#2254=ORIENTED_EDGE('',*,*,#1739,.T.);
#2255=ORIENTED_EDGE('',*,*,#1740,.F.);
#2256=ORIENTED_EDGE('',*,*,#1736,.F.);
#2257=ORIENTED_EDGE('',*,*,#1741,.F.);
#2258=ORIENTED_EDGE('',*,*,#1742,.T.);
#2259=ORIENTED_EDGE('',*,*,#1732,.T.);
#2260=ORIENTED_EDGE('',*,*,#1734,.T.);
#2261=ORIENTED_EDGE('',*,*,#1707,.T.);
#2262=ORIENTED_EDGE('',*,*,#1718,.F.);
#2263=ORIENTED_EDGE('',*,*,#1743,.T.);
#2264=ORIENTED_EDGE('',*,*,#1744,.T.);
#2265=ORIENTED_EDGE('',*,*,#1745,.F.);
#2266=ORIENTED_EDGE('',*,*,#1739,.F.);
#2267=ORIENTED_EDGE('',*,*,#1746,.T.);
#2268=ORIENTED_EDGE('',*,*,#1747,.T.);
#2269=ORIENTED_EDGE('',*,*,#1748,.T.);
#2270=ORIENTED_EDGE('',*,*,#1747,.F.);
#2271=ORIENTED_EDGE('',*,*,#1749,.T.);
#2272=ORIENTED_EDGE('',*,*,#1715,.T.);
#2273=ORIENTED_EDGE('',*,*,#1750,.T.);
#2274=ORIENTED_EDGE('',*,*,#1751,.T.);
#2275=ORIENTED_EDGE('',*,*,#1720,.T.);
#2276=ORIENTED_EDGE('',*,*,#1728,.T.);
#2277=ORIENTED_EDGE('',*,*,#1737,.T.);
#2278=ORIENTED_EDGE('',*,*,#1740,.T.);
#2279=ORIENTED_EDGE('',*,*,#1745,.T.);
#2280=ORIENTED_EDGE('',*,*,#1752,.T.);
#2281=ORIENTED_EDGE('',*,*,#1753,.F.);
#2282=ORIENTED_EDGE('',*,*,#1748,.F.);
#2283=ORIENTED_EDGE('',*,*,#1679,.F.);
#2284=ORIENTED_EDGE('',*,*,#1754,.T.);
#2285=ORIENTED_EDGE('',*,*,#1746,.F.);
#2286=ORIENTED_EDGE('',*,*,#1754,.F.);
#2287=ORIENTED_EDGE('',*,*,#1755,.T.);
#2288=ORIENTED_EDGE('',*,*,#1756,.T.);
#2289=ORIENTED_EDGE('',*,*,#1753,.T.);
#2290=ORIENTED_EDGE('',*,*,#1756,.F.);
#2291=ORIENTED_EDGE('',*,*,#1680,.F.);
#2292=ORIENTED_EDGE('',*,*,#1757,.T.);
#2293=ORIENTED_EDGE('',*,*,#1755,.F.);
#2294=ORIENTED_EDGE('',*,*,#1757,.F.);
#2295=ORIENTED_EDGE('',*,*,#1758,.T.);
#2296=ORIENTED_EDGE('',*,*,#1716,.F.);
#2297=ORIENTED_EDGE('',*,*,#1749,.F.);
#2298=ORIENTED_EDGE('',*,*,#1759,.F.);
#2299=ORIENTED_EDGE('',*,*,#1760,.T.);
#2300=ORIENTED_EDGE('',*,*,#1759,.T.);
#2301=ORIENTED_EDGE('',*,*,#1752,.F.);
#2302=ORIENTED_EDGE('',*,*,#1744,.F.);
#2303=ORIENTED_EDGE('',*,*,#1760,.F.);
#2304=ORIENTED_EDGE('',*,*,#1743,.F.);
#2305=ORIENTED_EDGE('',*,*,#1717,.F.);
#2306=ORIENTED_EDGE('',*,*,#1758,.F.);
#2307=ORIENTED_EDGE('',*,*,#1761,.F.);
#2308=ORIENTED_EDGE('',*,*,#1721,.F.);
#2309=ORIENTED_EDGE('',*,*,#1751,.F.);
#2310=ORIENTED_EDGE('',*,*,#1762,.F.);
#2311=ORIENTED_EDGE('',*,*,#1763,.F.);
#2312=ORIENTED_EDGE('',*,*,#1762,.T.);
#2313=ORIENTED_EDGE('',*,*,#1750,.F.);
#2314=ORIENTED_EDGE('',*,*,#1714,.F.);
#2315=ORIENTED_EDGE('',*,*,#1763,.T.);
#2316=ORIENTED_EDGE('',*,*,#1713,.F.);
#2317=ORIENTED_EDGE('',*,*,#1722,.F.);
#2318=ORIENTED_EDGE('',*,*,#1761,.T.);
#2319=ORIENTED_EDGE('',*,*,#1764,.F.);
#2320=ORIENTED_EDGE('',*,*,#1693,.T.);
#2321=ORIENTED_EDGE('',*,*,#1729,.F.);
#2322=ORIENTED_EDGE('',*,*,#1738,.F.);
#2323=ORIENTED_EDGE('',*,*,#1765,.F.);
#2324=ORIENTED_EDGE('',*,*,#1735,.T.);
#2325=ORIENTED_EDGE('',*,*,#1731,.F.);
#2326=ORIENTED_EDGE('',*,*,#1700,.F.);
#2327=ORIENTED_EDGE('',*,*,#1765,.T.);
#2328=ORIENTED_EDGE('',*,*,#1699,.T.);
#2329=ORIENTED_EDGE('',*,*,#1766,.T.);
#2330=ORIENTED_EDGE('',*,*,#1741,.T.);
#2331=ORIENTED_EDGE('',*,*,#1767,.F.);
#2332=ORIENTED_EDGE('',*,*,#1725,.T.);
#2333=ORIENTED_EDGE('',*,*,#1730,.F.);
#2334=ORIENTED_EDGE('',*,*,#1695,.F.);
#2335=ORIENTED_EDGE('',*,*,#1766,.F.);
#2336=ORIENTED_EDGE('',*,*,#1698,.T.);
#2337=ORIENTED_EDGE('',*,*,#1733,.F.);
#2338=ORIENTED_EDGE('',*,*,#1742,.F.);
#2339=ORIENTED_EDGE('',*,*,#1764,.T.);
#2340=ORIENTED_EDGE('',*,*,#1726,.T.);
#2341=ORIENTED_EDGE('',*,*,#1767,.T.);
#2342=ORIENTED_EDGE('',*,*,#1694,.T.);
#2343=ORIENTED_EDGE('',*,*,#1648,.F.);
#2344=ORIENTED_EDGE('',*,*,#1678,.F.);
#2345=ORIENTED_EDGE('',*,*,#1701,.F.);
#2346=ORIENTED_EDGE('',*,*,#1685,.F.);
#2347=ORIENTED_EDGE('',*,*,#1768,.T.);
#2348=ORIENTED_EDGE('',*,*,#1769,.T.);
#2349=ORIENTED_EDGE('',*,*,#1770,.T.);
#2350=ORIENTED_EDGE('',*,*,#1771,.T.);
#2351=ORIENTED_EDGE('',*,*,#1772,.T.);
#2352=ORIENTED_EDGE('',*,*,#1773,.T.);
#2353=ORIENTED_EDGE('',*,*,#1774,.T.);
#2354=ORIENTED_EDGE('',*,*,#1771,.F.);
#2355=ORIENTED_EDGE('',*,*,#1772,.F.);
#2356=ORIENTED_EDGE('',*,*,#1770,.F.);
#2357=ORIENTED_EDGE('',*,*,#1775,.T.);
#2358=ORIENTED_EDGE('',*,*,#1776,.F.);
#2359=ORIENTED_EDGE('',*,*,#1777,.F.);
#2360=ORIENTED_EDGE('',*,*,#1778,.T.);
#2361=ORIENTED_EDGE('',*,*,#1769,.F.);
#2362=ORIENTED_EDGE('',*,*,#1779,.F.);
#2363=ORIENTED_EDGE('',*,*,#1780,.T.);
#2364=ORIENTED_EDGE('',*,*,#1781,.T.);
#2365=ORIENTED_EDGE('',*,*,#1782,.F.);
#2366=ORIENTED_EDGE('',*,*,#1775,.F.);
#2367=ORIENTED_EDGE('',*,*,#1783,.T.);
#2368=ORIENTED_EDGE('',*,*,#1784,.T.);
#2369=ORIENTED_EDGE('',*,*,#1785,.T.);
#2370=ORIENTED_EDGE('',*,*,#1786,.T.);
#2371=ORIENTED_EDGE('',*,*,#1787,.T.);
#2372=ORIENTED_EDGE('',*,*,#1788,.T.);
#2373=ORIENTED_EDGE('',*,*,#1789,.T.);
#2374=ORIENTED_EDGE('',*,*,#1790,.T.);
#2375=ORIENTED_EDGE('',*,*,#1791,.T.);
#2376=ORIENTED_EDGE('',*,*,#1792,.T.);
#2377=ORIENTED_EDGE('',*,*,#1793,.T.);
#2378=ORIENTED_EDGE('',*,*,#1794,.T.);
#2379=ORIENTED_EDGE('',*,*,#1795,.T.);
#2380=ORIENTED_EDGE('',*,*,#1796,.T.);
#2381=ORIENTED_EDGE('',*,*,#1797,.T.);
#2382=ORIENTED_EDGE('',*,*,#1798,.T.);
#2383=ORIENTED_EDGE('',*,*,#1799,.T.);
#2384=ORIENTED_EDGE('',*,*,#1800,.T.);
#2385=ORIENTED_EDGE('',*,*,#1801,.T.);
#2386=ORIENTED_EDGE('',*,*,#1802,.T.);
#2387=ORIENTED_EDGE('',*,*,#1803,.T.);
#2388=ORIENTED_EDGE('',*,*,#1804,.T.);
#2389=ORIENTED_EDGE('',*,*,#1805,.T.);
#2390=ORIENTED_EDGE('',*,*,#1806,.T.);
#2391=ORIENTED_EDGE('',*,*,#1807,.T.);
#2392=ORIENTED_EDGE('',*,*,#1808,.T.);
#2393=ORIENTED_EDGE('',*,*,#1809,.T.);
#2394=ORIENTED_EDGE('',*,*,#1810,.T.);
#2395=ORIENTED_EDGE('',*,*,#1811,.T.);
#2396=ORIENTED_EDGE('',*,*,#1812,.T.);
#2397=ORIENTED_EDGE('',*,*,#1813,.T.);
#2398=ORIENTED_EDGE('',*,*,#1814,.T.);
#2399=ORIENTED_EDGE('',*,*,#1815,.T.);
#2400=ORIENTED_EDGE('',*,*,#1816,.T.);
#2401=ORIENTED_EDGE('',*,*,#1817,.T.);
#2402=ORIENTED_EDGE('',*,*,#1818,.T.);
#2403=ORIENTED_EDGE('',*,*,#1819,.T.);
#2404=ORIENTED_EDGE('',*,*,#1820,.T.);
#2405=ORIENTED_EDGE('',*,*,#1821,.T.);
#2406=ORIENTED_EDGE('',*,*,#1822,.T.);
#2407=ORIENTED_EDGE('',*,*,#1823,.T.);
#2408=ORIENTED_EDGE('',*,*,#1824,.T.);
#2409=ORIENTED_EDGE('',*,*,#1825,.T.);
#2410=ORIENTED_EDGE('',*,*,#1826,.T.);
#2411=ORIENTED_EDGE('',*,*,#1827,.T.);
#2412=ORIENTED_EDGE('',*,*,#1828,.T.);
#2413=ORIENTED_EDGE('',*,*,#1829,.T.);
#2414=ORIENTED_EDGE('',*,*,#1830,.T.);
#2415=ORIENTED_EDGE('',*,*,#1831,.T.);
#2416=ORIENTED_EDGE('',*,*,#1832,.T.);
#2417=ORIENTED_EDGE('',*,*,#1833,.T.);
#2418=ORIENTED_EDGE('',*,*,#1834,.T.);
#2419=ORIENTED_EDGE('',*,*,#1835,.T.);
#2420=ORIENTED_EDGE('',*,*,#1836,.T.);
#2421=ORIENTED_EDGE('',*,*,#1837,.T.);
#2422=ORIENTED_EDGE('',*,*,#1838,.T.);
#2423=ORIENTED_EDGE('',*,*,#1839,.T.);
#2424=ORIENTED_EDGE('',*,*,#1840,.T.);
#2425=ORIENTED_EDGE('',*,*,#1841,.T.);
#2426=ORIENTED_EDGE('',*,*,#1842,.T.);
#2427=ORIENTED_EDGE('',*,*,#1843,.T.);
#2428=ORIENTED_EDGE('',*,*,#1844,.T.);
#2429=ORIENTED_EDGE('',*,*,#1845,.T.);
#2430=ORIENTED_EDGE('',*,*,#1846,.T.);
#2431=ORIENTED_EDGE('',*,*,#1847,.T.);
#2432=ORIENTED_EDGE('',*,*,#1848,.T.);
#2433=ORIENTED_EDGE('',*,*,#1849,.T.);
#2434=ORIENTED_EDGE('',*,*,#1850,.T.);
#2435=ORIENTED_EDGE('',*,*,#1851,.T.);
#2436=ORIENTED_EDGE('',*,*,#1852,.T.);
#2437=ORIENTED_EDGE('',*,*,#1853,.T.);
#2438=ORIENTED_EDGE('',*,*,#1854,.T.);
#2439=ORIENTED_EDGE('',*,*,#1855,.T.);
#2440=ORIENTED_EDGE('',*,*,#1856,.T.);
#2441=ORIENTED_EDGE('',*,*,#1857,.T.);
#2442=ORIENTED_EDGE('',*,*,#1858,.T.);
#2443=ORIENTED_EDGE('',*,*,#1859,.T.);
#2444=ORIENTED_EDGE('',*,*,#1860,.T.);
#2445=ORIENTED_EDGE('',*,*,#1861,.T.);
#2446=ORIENTED_EDGE('',*,*,#1862,.T.);
#2447=ORIENTED_EDGE('',*,*,#1863,.T.);
#2448=ORIENTED_EDGE('',*,*,#1864,.T.);
#2449=ORIENTED_EDGE('',*,*,#1865,.T.);
#2450=ORIENTED_EDGE('',*,*,#1866,.T.);
#2451=ORIENTED_EDGE('',*,*,#1867,.T.);
#2452=ORIENTED_EDGE('',*,*,#1868,.T.);
#2453=ORIENTED_EDGE('',*,*,#1869,.T.);
#2454=ORIENTED_EDGE('',*,*,#1870,.T.);
#2455=ORIENTED_EDGE('',*,*,#1871,.T.);
#2456=ORIENTED_EDGE('',*,*,#1872,.T.);
#2457=ORIENTED_EDGE('',*,*,#1873,.T.);
#2458=ORIENTED_EDGE('',*,*,#1874,.T.);
#2459=ORIENTED_EDGE('',*,*,#1875,.T.);
#2460=ORIENTED_EDGE('',*,*,#1876,.T.);
#2461=ORIENTED_EDGE('',*,*,#1877,.T.);
#2462=ORIENTED_EDGE('',*,*,#1768,.F.);
#2463=ORIENTED_EDGE('',*,*,#1878,.F.);
#2464=ORIENTED_EDGE('',*,*,#1879,.F.);
#2465=ORIENTED_EDGE('',*,*,#1779,.T.);
#2466=ORIENTED_EDGE('',*,*,#1880,.T.);
#2467=ORIENTED_EDGE('',*,*,#1881,.T.);
#2468=ORIENTED_EDGE('',*,*,#1777,.T.);
#2469=ORIENTED_EDGE('',*,*,#1882,.T.);
#2470=ORIENTED_EDGE('',*,*,#1776,.T.);
#2471=ORIENTED_EDGE('',*,*,#1782,.T.);
#2472=ORIENTED_EDGE('',*,*,#1883,.T.);
#2473=ORIENTED_EDGE('',*,*,#1882,.F.);
#2474=ORIENTED_EDGE('',*,*,#1773,.F.);
#2475=ORIENTED_EDGE('',*,*,#1778,.F.);
#2476=ORIENTED_EDGE('',*,*,#1881,.F.);
#2477=ORIENTED_EDGE('',*,*,#1884,.F.);
#2478=ORIENTED_EDGE('',*,*,#1885,.T.);
#2479=ORIENTED_EDGE('',*,*,#1886,.T.);
#2480=ORIENTED_EDGE('',*,*,#1887,.T.);
#2481=ORIENTED_EDGE('',*,*,#1888,.T.);
#2482=ORIENTED_EDGE('',*,*,#1889,.T.);
#2483=ORIENTED_EDGE('',*,*,#1890,.T.);
#2484=ORIENTED_EDGE('',*,*,#1891,.T.);
#2485=ORIENTED_EDGE('',*,*,#1892,.T.);
#2486=ORIENTED_EDGE('',*,*,#1893,.T.);
#2487=ORIENTED_EDGE('',*,*,#1894,.T.);
#2488=ORIENTED_EDGE('',*,*,#1895,.T.);
#2489=ORIENTED_EDGE('',*,*,#1896,.T.);
#2490=ORIENTED_EDGE('',*,*,#1897,.T.);
#2491=ORIENTED_EDGE('',*,*,#1898,.T.);
#2492=ORIENTED_EDGE('',*,*,#1899,.T.);
#2493=ORIENTED_EDGE('',*,*,#1900,.T.);
#2494=ORIENTED_EDGE('',*,*,#1901,.T.);
#2495=ORIENTED_EDGE('',*,*,#1902,.T.);
#2496=ORIENTED_EDGE('',*,*,#1903,.T.);
#2497=ORIENTED_EDGE('',*,*,#1904,.T.);
#2498=ORIENTED_EDGE('',*,*,#1905,.T.);
#2499=ORIENTED_EDGE('',*,*,#1906,.T.);
#2500=ORIENTED_EDGE('',*,*,#1907,.T.);
#2501=ORIENTED_EDGE('',*,*,#1908,.T.);
#2502=ORIENTED_EDGE('',*,*,#1909,.T.);
#2503=ORIENTED_EDGE('',*,*,#1910,.T.);
#2504=ORIENTED_EDGE('',*,*,#1911,.T.);
#2505=ORIENTED_EDGE('',*,*,#1912,.T.);
#2506=ORIENTED_EDGE('',*,*,#1913,.T.);
#2507=ORIENTED_EDGE('',*,*,#1914,.T.);
#2508=ORIENTED_EDGE('',*,*,#1915,.T.);
#2509=ORIENTED_EDGE('',*,*,#1916,.T.);
#2510=ORIENTED_EDGE('',*,*,#1917,.T.);
#2511=ORIENTED_EDGE('',*,*,#1918,.T.);
#2512=ORIENTED_EDGE('',*,*,#1919,.T.);
#2513=ORIENTED_EDGE('',*,*,#1920,.T.);
#2514=ORIENTED_EDGE('',*,*,#1921,.T.);
#2515=ORIENTED_EDGE('',*,*,#1922,.T.);
#2516=ORIENTED_EDGE('',*,*,#1923,.T.);
#2517=ORIENTED_EDGE('',*,*,#1924,.T.);
#2518=ORIENTED_EDGE('',*,*,#1925,.T.);
#2519=ORIENTED_EDGE('',*,*,#1926,.T.);
#2520=ORIENTED_EDGE('',*,*,#1927,.T.);
#2521=ORIENTED_EDGE('',*,*,#1928,.T.);
#2522=ORIENTED_EDGE('',*,*,#1929,.T.);
#2523=ORIENTED_EDGE('',*,*,#1930,.T.);
#2524=ORIENTED_EDGE('',*,*,#1783,.F.);
#2525=ORIENTED_EDGE('',*,*,#1931,.T.);
#2526=ORIENTED_EDGE('',*,*,#1932,.T.);
#2527=ORIENTED_EDGE('',*,*,#1933,.F.);
#2528=ORIENTED_EDGE('',*,*,#1792,.F.);
#2529=ORIENTED_EDGE('',*,*,#1934,.T.);
#2530=ORIENTED_EDGE('',*,*,#1935,.T.);
#2531=ORIENTED_EDGE('',*,*,#1931,.F.);
#2532=ORIENTED_EDGE('',*,*,#1791,.F.);
#2533=ORIENTED_EDGE('',*,*,#1936,.T.);
#2534=ORIENTED_EDGE('',*,*,#1937,.T.);
#2535=ORIENTED_EDGE('',*,*,#1934,.F.);
#2536=ORIENTED_EDGE('',*,*,#1790,.F.);
#2537=ORIENTED_EDGE('',*,*,#1938,.T.);
#2538=ORIENTED_EDGE('',*,*,#1939,.T.);
#2539=ORIENTED_EDGE('',*,*,#1936,.F.);
#2540=ORIENTED_EDGE('',*,*,#1789,.F.);
#2541=ORIENTED_EDGE('',*,*,#1940,.T.);
#2542=ORIENTED_EDGE('',*,*,#1941,.T.);
#2543=ORIENTED_EDGE('',*,*,#1938,.F.);
#2544=ORIENTED_EDGE('',*,*,#1788,.F.);
#2545=ORIENTED_EDGE('',*,*,#1942,.T.);
#2546=ORIENTED_EDGE('',*,*,#1943,.T.);
#2547=ORIENTED_EDGE('',*,*,#1940,.F.);
#2548=ORIENTED_EDGE('',*,*,#1787,.F.);
#2549=ORIENTED_EDGE('',*,*,#1944,.T.);
#2550=ORIENTED_EDGE('',*,*,#1945,.T.);
#2551=ORIENTED_EDGE('',*,*,#1942,.F.);
#2552=ORIENTED_EDGE('',*,*,#1786,.F.);
#2553=ORIENTED_EDGE('',*,*,#1946,.T.);
#2554=ORIENTED_EDGE('',*,*,#1947,.T.);
#2555=ORIENTED_EDGE('',*,*,#1944,.F.);
#2556=ORIENTED_EDGE('',*,*,#1785,.F.);
#2557=ORIENTED_EDGE('',*,*,#1948,.T.);
#2558=ORIENTED_EDGE('',*,*,#1949,.T.);
#2559=ORIENTED_EDGE('',*,*,#1946,.F.);
#2560=ORIENTED_EDGE('',*,*,#1784,.F.);
#2561=ORIENTED_EDGE('',*,*,#1933,.T.);
#2562=ORIENTED_EDGE('',*,*,#1950,.T.);
#2563=ORIENTED_EDGE('',*,*,#1948,.F.);
#2564=ORIENTED_EDGE('',*,*,#1950,.F.);
#2565=ORIENTED_EDGE('',*,*,#1932,.F.);
#2566=ORIENTED_EDGE('',*,*,#1935,.F.);
#2567=ORIENTED_EDGE('',*,*,#1937,.F.);
#2568=ORIENTED_EDGE('',*,*,#1939,.F.);
#2569=ORIENTED_EDGE('',*,*,#1941,.F.);
#2570=ORIENTED_EDGE('',*,*,#1943,.F.);
#2571=ORIENTED_EDGE('',*,*,#1945,.F.);
#2572=ORIENTED_EDGE('',*,*,#1947,.F.);
#2573=ORIENTED_EDGE('',*,*,#1949,.F.);
#2574=ORIENTED_EDGE('',*,*,#1793,.F.);
#2575=ORIENTED_EDGE('',*,*,#1951,.T.);
#2576=ORIENTED_EDGE('',*,*,#1952,.T.);
#2577=ORIENTED_EDGE('',*,*,#1953,.F.);
#2578=ORIENTED_EDGE('',*,*,#1800,.F.);
#2579=ORIENTED_EDGE('',*,*,#1954,.T.);
#2580=ORIENTED_EDGE('',*,*,#1955,.T.);
#2581=ORIENTED_EDGE('',*,*,#1951,.F.);
#2582=ORIENTED_EDGE('',*,*,#1799,.F.);
#2583=ORIENTED_EDGE('',*,*,#1956,.T.);
#2584=ORIENTED_EDGE('',*,*,#1957,.T.);
#2585=ORIENTED_EDGE('',*,*,#1954,.F.);
#2586=ORIENTED_EDGE('',*,*,#1798,.F.);
#2587=ORIENTED_EDGE('',*,*,#1958,.T.);
#2588=ORIENTED_EDGE('',*,*,#1959,.T.);
#2589=ORIENTED_EDGE('',*,*,#1956,.F.);
#2590=ORIENTED_EDGE('',*,*,#1797,.F.);
#2591=ORIENTED_EDGE('',*,*,#1960,.T.);
#2592=ORIENTED_EDGE('',*,*,#1961,.T.);
#2593=ORIENTED_EDGE('',*,*,#1958,.F.);
#2594=ORIENTED_EDGE('',*,*,#1796,.F.);
#2595=ORIENTED_EDGE('',*,*,#1962,.T.);
#2596=ORIENTED_EDGE('',*,*,#1963,.T.);
#2597=ORIENTED_EDGE('',*,*,#1960,.F.);
#2598=ORIENTED_EDGE('',*,*,#1795,.F.);
#2599=ORIENTED_EDGE('',*,*,#1964,.T.);
#2600=ORIENTED_EDGE('',*,*,#1965,.T.);
#2601=ORIENTED_EDGE('',*,*,#1962,.F.);
#2602=ORIENTED_EDGE('',*,*,#1794,.F.);
#2603=ORIENTED_EDGE('',*,*,#1953,.T.);
#2604=ORIENTED_EDGE('',*,*,#1966,.T.);
#2605=ORIENTED_EDGE('',*,*,#1964,.F.);
#2606=ORIENTED_EDGE('',*,*,#1966,.F.);
#2607=ORIENTED_EDGE('',*,*,#1952,.F.);
#2608=ORIENTED_EDGE('',*,*,#1955,.F.);
#2609=ORIENTED_EDGE('',*,*,#1957,.F.);
#2610=ORIENTED_EDGE('',*,*,#1959,.F.);
#2611=ORIENTED_EDGE('',*,*,#1961,.F.);
#2612=ORIENTED_EDGE('',*,*,#1963,.F.);
#2613=ORIENTED_EDGE('',*,*,#1965,.F.);
#2614=ORIENTED_EDGE('',*,*,#1801,.F.);
#2615=ORIENTED_EDGE('',*,*,#1967,.T.);
#2616=ORIENTED_EDGE('',*,*,#1968,.T.);
#2617=ORIENTED_EDGE('',*,*,#1969,.F.);
#2618=ORIENTED_EDGE('',*,*,#1819,.F.);
#2619=ORIENTED_EDGE('',*,*,#1970,.T.);
#2620=ORIENTED_EDGE('',*,*,#1971,.T.);
#2621=ORIENTED_EDGE('',*,*,#1967,.F.);
#2622=ORIENTED_EDGE('',*,*,#1818,.F.);
#2623=ORIENTED_EDGE('',*,*,#1972,.T.);
#2624=ORIENTED_EDGE('',*,*,#1973,.T.);
#2625=ORIENTED_EDGE('',*,*,#1970,.F.);
#2626=ORIENTED_EDGE('',*,*,#1817,.F.);
#2627=ORIENTED_EDGE('',*,*,#1974,.T.);
#2628=ORIENTED_EDGE('',*,*,#1975,.T.);
#2629=ORIENTED_EDGE('',*,*,#1972,.F.);
#2630=ORIENTED_EDGE('',*,*,#1816,.F.);
#2631=ORIENTED_EDGE('',*,*,#1976,.T.);
#2632=ORIENTED_EDGE('',*,*,#1977,.T.);
#2633=ORIENTED_EDGE('',*,*,#1974,.F.);
#2634=ORIENTED_EDGE('',*,*,#1815,.F.);
#2635=ORIENTED_EDGE('',*,*,#1978,.T.);
#2636=ORIENTED_EDGE('',*,*,#1979,.T.);
#2637=ORIENTED_EDGE('',*,*,#1976,.F.);
#2638=ORIENTED_EDGE('',*,*,#1814,.F.);
#2639=ORIENTED_EDGE('',*,*,#1980,.T.);
#2640=ORIENTED_EDGE('',*,*,#1981,.T.);
#2641=ORIENTED_EDGE('',*,*,#1978,.F.);
#2642=ORIENTED_EDGE('',*,*,#1813,.F.);
#2643=ORIENTED_EDGE('',*,*,#1982,.T.);
#2644=ORIENTED_EDGE('',*,*,#1983,.T.);
#2645=ORIENTED_EDGE('',*,*,#1980,.F.);
#2646=ORIENTED_EDGE('',*,*,#1812,.F.);
#2647=ORIENTED_EDGE('',*,*,#1984,.T.);
#2648=ORIENTED_EDGE('',*,*,#1985,.T.);
#2649=ORIENTED_EDGE('',*,*,#1982,.F.);
#2650=ORIENTED_EDGE('',*,*,#1811,.F.);
#2651=ORIENTED_EDGE('',*,*,#1986,.T.);
#2652=ORIENTED_EDGE('',*,*,#1987,.T.);
#2653=ORIENTED_EDGE('',*,*,#1984,.F.);
#2654=ORIENTED_EDGE('',*,*,#1810,.F.);
#2655=ORIENTED_EDGE('',*,*,#1988,.T.);
#2656=ORIENTED_EDGE('',*,*,#1989,.T.);
#2657=ORIENTED_EDGE('',*,*,#1986,.F.);
#2658=ORIENTED_EDGE('',*,*,#1809,.F.);
#2659=ORIENTED_EDGE('',*,*,#1990,.T.);
#2660=ORIENTED_EDGE('',*,*,#1991,.T.);
#2661=ORIENTED_EDGE('',*,*,#1988,.F.);
#2662=ORIENTED_EDGE('',*,*,#1808,.F.);
#2663=ORIENTED_EDGE('',*,*,#1992,.T.);
#2664=ORIENTED_EDGE('',*,*,#1993,.T.);
#2665=ORIENTED_EDGE('',*,*,#1990,.F.);
#2666=ORIENTED_EDGE('',*,*,#1807,.F.);
#2667=ORIENTED_EDGE('',*,*,#1994,.T.);
#2668=ORIENTED_EDGE('',*,*,#1995,.T.);
#2669=ORIENTED_EDGE('',*,*,#1992,.F.);
#2670=ORIENTED_EDGE('',*,*,#1806,.F.);
#2671=ORIENTED_EDGE('',*,*,#1996,.T.);
#2672=ORIENTED_EDGE('',*,*,#1997,.T.);
#2673=ORIENTED_EDGE('',*,*,#1994,.F.);
#2674=ORIENTED_EDGE('',*,*,#1805,.F.);
#2675=ORIENTED_EDGE('',*,*,#1998,.T.);
#2676=ORIENTED_EDGE('',*,*,#1999,.T.);
#2677=ORIENTED_EDGE('',*,*,#1996,.F.);
#2678=ORIENTED_EDGE('',*,*,#1804,.F.);
#2679=ORIENTED_EDGE('',*,*,#2000,.T.);
#2680=ORIENTED_EDGE('',*,*,#2001,.T.);
#2681=ORIENTED_EDGE('',*,*,#1998,.F.);
#2682=ORIENTED_EDGE('',*,*,#1803,.F.);
#2683=ORIENTED_EDGE('',*,*,#2002,.T.);
#2684=ORIENTED_EDGE('',*,*,#2003,.T.);
#2685=ORIENTED_EDGE('',*,*,#2000,.F.);
#2686=ORIENTED_EDGE('',*,*,#1802,.F.);
#2687=ORIENTED_EDGE('',*,*,#1969,.T.);
#2688=ORIENTED_EDGE('',*,*,#2004,.T.);
#2689=ORIENTED_EDGE('',*,*,#2002,.F.);
#2690=ORIENTED_EDGE('',*,*,#2004,.F.);
#2691=ORIENTED_EDGE('',*,*,#1968,.F.);
#2692=ORIENTED_EDGE('',*,*,#1971,.F.);
#2693=ORIENTED_EDGE('',*,*,#1973,.F.);
#2694=ORIENTED_EDGE('',*,*,#1975,.F.);
#2695=ORIENTED_EDGE('',*,*,#1977,.F.);
#2696=ORIENTED_EDGE('',*,*,#1979,.F.);
#2697=ORIENTED_EDGE('',*,*,#1981,.F.);
#2698=ORIENTED_EDGE('',*,*,#1983,.F.);
#2699=ORIENTED_EDGE('',*,*,#1985,.F.);
#2700=ORIENTED_EDGE('',*,*,#1987,.F.);
#2701=ORIENTED_EDGE('',*,*,#1989,.F.);
#2702=ORIENTED_EDGE('',*,*,#1991,.F.);
#2703=ORIENTED_EDGE('',*,*,#1993,.F.);
#2704=ORIENTED_EDGE('',*,*,#1995,.F.);
#2705=ORIENTED_EDGE('',*,*,#1997,.F.);
#2706=ORIENTED_EDGE('',*,*,#1999,.F.);
#2707=ORIENTED_EDGE('',*,*,#2001,.F.);
#2708=ORIENTED_EDGE('',*,*,#2003,.F.);
#2709=ORIENTED_EDGE('',*,*,#2005,.F.);
#2710=ORIENTED_EDGE('',*,*,#2006,.T.);
#2711=ORIENTED_EDGE('',*,*,#2007,.T.);
#2712=ORIENTED_EDGE('',*,*,#2008,.F.);
#2713=ORIENTED_EDGE('',*,*,#2009,.F.);
#2714=ORIENTED_EDGE('',*,*,#2010,.T.);
#2715=ORIENTED_EDGE('',*,*,#2011,.T.);
#2716=ORIENTED_EDGE('',*,*,#2006,.F.);
#2717=ORIENTED_EDGE('',*,*,#2012,.F.);
#2718=ORIENTED_EDGE('',*,*,#2013,.T.);
#2719=ORIENTED_EDGE('',*,*,#2014,.T.);
#2720=ORIENTED_EDGE('',*,*,#2010,.F.);
#2721=ORIENTED_EDGE('',*,*,#2015,.F.);
#2722=ORIENTED_EDGE('',*,*,#2016,.T.);
#2723=ORIENTED_EDGE('',*,*,#2017,.T.);
#2724=ORIENTED_EDGE('',*,*,#2013,.F.);
#2725=ORIENTED_EDGE('',*,*,#2018,.F.);
#2726=ORIENTED_EDGE('',*,*,#2019,.T.);
#2727=ORIENTED_EDGE('',*,*,#2020,.T.);
#2728=ORIENTED_EDGE('',*,*,#2016,.F.);
#2729=ORIENTED_EDGE('',*,*,#2021,.F.);
#2730=ORIENTED_EDGE('',*,*,#2022,.T.);
#2731=ORIENTED_EDGE('',*,*,#2023,.T.);
#2732=ORIENTED_EDGE('',*,*,#2019,.F.);
#2733=ORIENTED_EDGE('',*,*,#2024,.F.);
#2734=ORIENTED_EDGE('',*,*,#2025,.T.);
#2735=ORIENTED_EDGE('',*,*,#2026,.T.);
#2736=ORIENTED_EDGE('',*,*,#2022,.F.);
#2737=ORIENTED_EDGE('',*,*,#2027,.F.);
#2738=ORIENTED_EDGE('',*,*,#2008,.T.);
#2739=ORIENTED_EDGE('',*,*,#2028,.T.);
#2740=ORIENTED_EDGE('',*,*,#2025,.F.);
#2741=ORIENTED_EDGE('',*,*,#1820,.F.);
#2742=ORIENTED_EDGE('',*,*,#2029,.T.);
#2743=ORIENTED_EDGE('',*,*,#2030,.T.);
#2744=ORIENTED_EDGE('',*,*,#2031,.F.);
#2745=ORIENTED_EDGE('',*,*,#1829,.F.);
#2746=ORIENTED_EDGE('',*,*,#2032,.T.);
#2747=ORIENTED_EDGE('',*,*,#2033,.T.);
#2748=ORIENTED_EDGE('',*,*,#2029,.F.);
#2749=ORIENTED_EDGE('',*,*,#1828,.F.);
#2750=ORIENTED_EDGE('',*,*,#2034,.T.);
#2751=ORIENTED_EDGE('',*,*,#2035,.T.);
#2752=ORIENTED_EDGE('',*,*,#2032,.F.);
#2753=ORIENTED_EDGE('',*,*,#1827,.F.);
#2754=ORIENTED_EDGE('',*,*,#2036,.T.);
#2755=ORIENTED_EDGE('',*,*,#2037,.T.);
#2756=ORIENTED_EDGE('',*,*,#2034,.F.);
#2757=ORIENTED_EDGE('',*,*,#1826,.F.);
#2758=ORIENTED_EDGE('',*,*,#2038,.T.);
#2759=ORIENTED_EDGE('',*,*,#2039,.T.);
#2760=ORIENTED_EDGE('',*,*,#2036,.F.);
#2761=ORIENTED_EDGE('',*,*,#1825,.F.);
#2762=ORIENTED_EDGE('',*,*,#2040,.T.);
#2763=ORIENTED_EDGE('',*,*,#2041,.T.);
#2764=ORIENTED_EDGE('',*,*,#2038,.F.);
#2765=ORIENTED_EDGE('',*,*,#1824,.F.);
#2766=ORIENTED_EDGE('',*,*,#2042,.T.);
#2767=ORIENTED_EDGE('',*,*,#2043,.T.);
#2768=ORIENTED_EDGE('',*,*,#2040,.F.);
#2769=ORIENTED_EDGE('',*,*,#1823,.F.);
#2770=ORIENTED_EDGE('',*,*,#2044,.T.);
#2771=ORIENTED_EDGE('',*,*,#2045,.T.);
#2772=ORIENTED_EDGE('',*,*,#2042,.F.);
#2773=ORIENTED_EDGE('',*,*,#1822,.F.);
#2774=ORIENTED_EDGE('',*,*,#2046,.T.);
#2775=ORIENTED_EDGE('',*,*,#2047,.T.);
#2776=ORIENTED_EDGE('',*,*,#2044,.F.);
#2777=ORIENTED_EDGE('',*,*,#1821,.F.);
#2778=ORIENTED_EDGE('',*,*,#2031,.T.);
#2779=ORIENTED_EDGE('',*,*,#2048,.T.);
#2780=ORIENTED_EDGE('',*,*,#2046,.F.);
#2781=ORIENTED_EDGE('',*,*,#2048,.F.);
#2782=ORIENTED_EDGE('',*,*,#2030,.F.);
#2783=ORIENTED_EDGE('',*,*,#2033,.F.);
#2784=ORIENTED_EDGE('',*,*,#2035,.F.);
#2785=ORIENTED_EDGE('',*,*,#2037,.F.);
#2786=ORIENTED_EDGE('',*,*,#2039,.F.);
#2787=ORIENTED_EDGE('',*,*,#2041,.F.);
#2788=ORIENTED_EDGE('',*,*,#2043,.F.);
#2789=ORIENTED_EDGE('',*,*,#2045,.F.);
#2790=ORIENTED_EDGE('',*,*,#2047,.F.);
#2791=ORIENTED_EDGE('',*,*,#2028,.F.);
#2792=ORIENTED_EDGE('',*,*,#2007,.F.);
#2793=ORIENTED_EDGE('',*,*,#2011,.F.);
#2794=ORIENTED_EDGE('',*,*,#2014,.F.);
#2795=ORIENTED_EDGE('',*,*,#2017,.F.);
#2796=ORIENTED_EDGE('',*,*,#2020,.F.);
#2797=ORIENTED_EDGE('',*,*,#2023,.F.);
#2798=ORIENTED_EDGE('',*,*,#2026,.F.);
#2799=ORIENTED_EDGE('',*,*,#1830,.F.);
#2800=ORIENTED_EDGE('',*,*,#2049,.T.);
#2801=ORIENTED_EDGE('',*,*,#2050,.T.);
#2802=ORIENTED_EDGE('',*,*,#2051,.F.);
#2803=ORIENTED_EDGE('',*,*,#1833,.F.);
#2804=ORIENTED_EDGE('',*,*,#2052,.T.);
#2805=ORIENTED_EDGE('',*,*,#2053,.T.);
#2806=ORIENTED_EDGE('',*,*,#2049,.F.);
#2807=ORIENTED_EDGE('',*,*,#1832,.F.);
#2808=ORIENTED_EDGE('',*,*,#2054,.T.);
#2809=ORIENTED_EDGE('',*,*,#2055,.T.);
#2810=ORIENTED_EDGE('',*,*,#2052,.F.);
#2811=ORIENTED_EDGE('',*,*,#1831,.F.);
#2812=ORIENTED_EDGE('',*,*,#2051,.T.);
#2813=ORIENTED_EDGE('',*,*,#2056,.T.);
#2814=ORIENTED_EDGE('',*,*,#2054,.F.);
#2815=ORIENTED_EDGE('',*,*,#2056,.F.);
#2816=ORIENTED_EDGE('',*,*,#2050,.F.);
#2817=ORIENTED_EDGE('',*,*,#2053,.F.);
#2818=ORIENTED_EDGE('',*,*,#2055,.F.);
#2819=ORIENTED_EDGE('',*,*,#2005,.T.);
#2820=ORIENTED_EDGE('',*,*,#2027,.T.);
#2821=ORIENTED_EDGE('',*,*,#2024,.T.);
#2822=ORIENTED_EDGE('',*,*,#2021,.T.);
#2823=ORIENTED_EDGE('',*,*,#2018,.T.);
#2824=ORIENTED_EDGE('',*,*,#2015,.T.);
#2825=ORIENTED_EDGE('',*,*,#2012,.T.);
#2826=ORIENTED_EDGE('',*,*,#2009,.T.);
#2827=ORIENTED_EDGE('',*,*,#1874,.F.);
#2828=ORIENTED_EDGE('',*,*,#2057,.T.);
#2829=ORIENTED_EDGE('',*,*,#1887,.F.);
#2830=ORIENTED_EDGE('',*,*,#2058,.F.);
#2831=ORIENTED_EDGE('',*,*,#1877,.F.);
#2832=ORIENTED_EDGE('',*,*,#2059,.T.);
#2833=ORIENTED_EDGE('',*,*,#1888,.F.);
#2834=ORIENTED_EDGE('',*,*,#2057,.F.);
#2835=ORIENTED_EDGE('',*,*,#1876,.F.);
#2836=ORIENTED_EDGE('',*,*,#2060,.T.);
#2837=ORIENTED_EDGE('',*,*,#1889,.F.);
#2838=ORIENTED_EDGE('',*,*,#2059,.F.);
#2839=ORIENTED_EDGE('',*,*,#1875,.F.);
#2840=ORIENTED_EDGE('',*,*,#2058,.T.);
#2841=ORIENTED_EDGE('',*,*,#1890,.F.);
#2842=ORIENTED_EDGE('',*,*,#2060,.F.);
#2843=ORIENTED_EDGE('',*,*,#1870,.F.);
#2844=ORIENTED_EDGE('',*,*,#2061,.T.);
#2845=ORIENTED_EDGE('',*,*,#1891,.F.);
#2846=ORIENTED_EDGE('',*,*,#2062,.F.);
#2847=ORIENTED_EDGE('',*,*,#1873,.F.);
#2848=ORIENTED_EDGE('',*,*,#2063,.T.);
#2849=ORIENTED_EDGE('',*,*,#1892,.F.);
#2850=ORIENTED_EDGE('',*,*,#2061,.F.);
#2851=ORIENTED_EDGE('',*,*,#1872,.F.);
#2852=ORIENTED_EDGE('',*,*,#2064,.T.);
#2853=ORIENTED_EDGE('',*,*,#1893,.F.);
#2854=ORIENTED_EDGE('',*,*,#2063,.F.);
#2855=ORIENTED_EDGE('',*,*,#1871,.F.);
#2856=ORIENTED_EDGE('',*,*,#2062,.T.);
#2857=ORIENTED_EDGE('',*,*,#1894,.F.);
#2858=ORIENTED_EDGE('',*,*,#2064,.F.);
#2859=ORIENTED_EDGE('',*,*,#1866,.F.);
#2860=ORIENTED_EDGE('',*,*,#2065,.T.);
#2861=ORIENTED_EDGE('',*,*,#1895,.F.);
#2862=ORIENTED_EDGE('',*,*,#2066,.F.);
#2863=ORIENTED_EDGE('',*,*,#1869,.F.);
#2864=ORIENTED_EDGE('',*,*,#2067,.T.);
#2865=ORIENTED_EDGE('',*,*,#1896,.F.);
#2866=ORIENTED_EDGE('',*,*,#2065,.F.);
#2867=ORIENTED_EDGE('',*,*,#1868,.F.);
#2868=ORIENTED_EDGE('',*,*,#2068,.T.);
#2869=ORIENTED_EDGE('',*,*,#1897,.F.);
#2870=ORIENTED_EDGE('',*,*,#2067,.F.);
#2871=ORIENTED_EDGE('',*,*,#1867,.F.);
#2872=ORIENTED_EDGE('',*,*,#2066,.T.);
#2873=ORIENTED_EDGE('',*,*,#1898,.F.);
#2874=ORIENTED_EDGE('',*,*,#2068,.F.);
#2875=ORIENTED_EDGE('',*,*,#1862,.F.);
#2876=ORIENTED_EDGE('',*,*,#2069,.T.);
#2877=ORIENTED_EDGE('',*,*,#1899,.F.);
#2878=ORIENTED_EDGE('',*,*,#2070,.F.);
#2879=ORIENTED_EDGE('',*,*,#1865,.F.);
#2880=ORIENTED_EDGE('',*,*,#2071,.T.);
#2881=ORIENTED_EDGE('',*,*,#1900,.F.);
#2882=ORIENTED_EDGE('',*,*,#2069,.F.);
#2883=ORIENTED_EDGE('',*,*,#1864,.F.);
#2884=ORIENTED_EDGE('',*,*,#2072,.T.);
#2885=ORIENTED_EDGE('',*,*,#1901,.F.);
#2886=ORIENTED_EDGE('',*,*,#2071,.F.);
#2887=ORIENTED_EDGE('',*,*,#1863,.F.);
#2888=ORIENTED_EDGE('',*,*,#2070,.T.);
#2889=ORIENTED_EDGE('',*,*,#1902,.F.);
#2890=ORIENTED_EDGE('',*,*,#2072,.F.);
#2891=ORIENTED_EDGE('',*,*,#1858,.F.);
#2892=ORIENTED_EDGE('',*,*,#2073,.T.);
#2893=ORIENTED_EDGE('',*,*,#1903,.F.);
#2894=ORIENTED_EDGE('',*,*,#2074,.F.);
#2895=ORIENTED_EDGE('',*,*,#1861,.F.);
#2896=ORIENTED_EDGE('',*,*,#2075,.T.);
#2897=ORIENTED_EDGE('',*,*,#1904,.F.);
#2898=ORIENTED_EDGE('',*,*,#2073,.F.);
#2899=ORIENTED_EDGE('',*,*,#1860,.F.);
#2900=ORIENTED_EDGE('',*,*,#2076,.T.);
#2901=ORIENTED_EDGE('',*,*,#1905,.F.);
#2902=ORIENTED_EDGE('',*,*,#2075,.F.);
#2903=ORIENTED_EDGE('',*,*,#1859,.F.);
#2904=ORIENTED_EDGE('',*,*,#2074,.T.);
#2905=ORIENTED_EDGE('',*,*,#1906,.F.);
#2906=ORIENTED_EDGE('',*,*,#2076,.F.);
#2907=ORIENTED_EDGE('',*,*,#1854,.F.);
#2908=ORIENTED_EDGE('',*,*,#2077,.T.);
#2909=ORIENTED_EDGE('',*,*,#1907,.F.);
#2910=ORIENTED_EDGE('',*,*,#2078,.F.);
#2911=ORIENTED_EDGE('',*,*,#1857,.F.);
#2912=ORIENTED_EDGE('',*,*,#2079,.T.);
#2913=ORIENTED_EDGE('',*,*,#1908,.F.);
#2914=ORIENTED_EDGE('',*,*,#2077,.F.);
#2915=ORIENTED_EDGE('',*,*,#1856,.F.);
#2916=ORIENTED_EDGE('',*,*,#2080,.T.);
#2917=ORIENTED_EDGE('',*,*,#1909,.F.);
#2918=ORIENTED_EDGE('',*,*,#2079,.F.);
#2919=ORIENTED_EDGE('',*,*,#1855,.F.);
#2920=ORIENTED_EDGE('',*,*,#2078,.T.);
#2921=ORIENTED_EDGE('',*,*,#1910,.F.);
#2922=ORIENTED_EDGE('',*,*,#2080,.F.);
#2923=ORIENTED_EDGE('',*,*,#1850,.F.);
#2924=ORIENTED_EDGE('',*,*,#2081,.T.);
#2925=ORIENTED_EDGE('',*,*,#1911,.F.);
#2926=ORIENTED_EDGE('',*,*,#2082,.F.);
#2927=ORIENTED_EDGE('',*,*,#1853,.F.);
#2928=ORIENTED_EDGE('',*,*,#2083,.T.);
#2929=ORIENTED_EDGE('',*,*,#1912,.F.);
#2930=ORIENTED_EDGE('',*,*,#2081,.F.);
#2931=ORIENTED_EDGE('',*,*,#1852,.F.);
#2932=ORIENTED_EDGE('',*,*,#2084,.T.);
#2933=ORIENTED_EDGE('',*,*,#1913,.F.);
#2934=ORIENTED_EDGE('',*,*,#2083,.F.);
#2935=ORIENTED_EDGE('',*,*,#1851,.F.);
#2936=ORIENTED_EDGE('',*,*,#2082,.T.);
#2937=ORIENTED_EDGE('',*,*,#1914,.F.);
#2938=ORIENTED_EDGE('',*,*,#2084,.F.);
#2939=ORIENTED_EDGE('',*,*,#1846,.F.);
#2940=ORIENTED_EDGE('',*,*,#2085,.T.);
#2941=ORIENTED_EDGE('',*,*,#1915,.F.);
#2942=ORIENTED_EDGE('',*,*,#2086,.F.);
#2943=ORIENTED_EDGE('',*,*,#1849,.F.);
#2944=ORIENTED_EDGE('',*,*,#2087,.T.);
#2945=ORIENTED_EDGE('',*,*,#1916,.F.);
#2946=ORIENTED_EDGE('',*,*,#2085,.F.);
#2947=ORIENTED_EDGE('',*,*,#1848,.F.);
#2948=ORIENTED_EDGE('',*,*,#2088,.T.);
#2949=ORIENTED_EDGE('',*,*,#1917,.F.);
#2950=ORIENTED_EDGE('',*,*,#2087,.F.);
#2951=ORIENTED_EDGE('',*,*,#1847,.F.);
#2952=ORIENTED_EDGE('',*,*,#2086,.T.);
#2953=ORIENTED_EDGE('',*,*,#1918,.F.);
#2954=ORIENTED_EDGE('',*,*,#2088,.F.);
#2955=ORIENTED_EDGE('',*,*,#1842,.F.);
#2956=ORIENTED_EDGE('',*,*,#2089,.T.);
#2957=ORIENTED_EDGE('',*,*,#1919,.F.);
#2958=ORIENTED_EDGE('',*,*,#2090,.F.);
#2959=ORIENTED_EDGE('',*,*,#1845,.F.);
#2960=ORIENTED_EDGE('',*,*,#2091,.T.);
#2961=ORIENTED_EDGE('',*,*,#1920,.F.);
#2962=ORIENTED_EDGE('',*,*,#2089,.F.);
#2963=ORIENTED_EDGE('',*,*,#1844,.F.);
#2964=ORIENTED_EDGE('',*,*,#2092,.T.);
#2965=ORIENTED_EDGE('',*,*,#1921,.F.);
#2966=ORIENTED_EDGE('',*,*,#2091,.F.);
#2967=ORIENTED_EDGE('',*,*,#1843,.F.);
#2968=ORIENTED_EDGE('',*,*,#2090,.T.);
#2969=ORIENTED_EDGE('',*,*,#1922,.F.);
#2970=ORIENTED_EDGE('',*,*,#2092,.F.);
#2971=ORIENTED_EDGE('',*,*,#1838,.F.);
#2972=ORIENTED_EDGE('',*,*,#2093,.T.);
#2973=ORIENTED_EDGE('',*,*,#1923,.F.);
#2974=ORIENTED_EDGE('',*,*,#2094,.F.);
#2975=ORIENTED_EDGE('',*,*,#1841,.F.);
#2976=ORIENTED_EDGE('',*,*,#2095,.T.);
#2977=ORIENTED_EDGE('',*,*,#1924,.F.);
#2978=ORIENTED_EDGE('',*,*,#2093,.F.);
#2979=ORIENTED_EDGE('',*,*,#1840,.F.);
#2980=ORIENTED_EDGE('',*,*,#2096,.T.);
#2981=ORIENTED_EDGE('',*,*,#1925,.F.);
#2982=ORIENTED_EDGE('',*,*,#2095,.F.);
#2983=ORIENTED_EDGE('',*,*,#1839,.F.);
#2984=ORIENTED_EDGE('',*,*,#2094,.T.);
#2985=ORIENTED_EDGE('',*,*,#1926,.F.);
#2986=ORIENTED_EDGE('',*,*,#2096,.F.);
#2987=ORIENTED_EDGE('',*,*,#1834,.F.);
#2988=ORIENTED_EDGE('',*,*,#2097,.T.);
#2989=ORIENTED_EDGE('',*,*,#1927,.F.);
#2990=ORIENTED_EDGE('',*,*,#2098,.F.);
#2991=ORIENTED_EDGE('',*,*,#1837,.F.);
#2992=ORIENTED_EDGE('',*,*,#2099,.T.);
#2993=ORIENTED_EDGE('',*,*,#1928,.F.);
#2994=ORIENTED_EDGE('',*,*,#2097,.F.);
#2995=ORIENTED_EDGE('',*,*,#1836,.F.);
#2996=ORIENTED_EDGE('',*,*,#2100,.T.);
#2997=ORIENTED_EDGE('',*,*,#1929,.F.);
#2998=ORIENTED_EDGE('',*,*,#2099,.F.);
#2999=ORIENTED_EDGE('',*,*,#1835,.F.);
#3000=ORIENTED_EDGE('',*,*,#2098,.T.);
#3001=ORIENTED_EDGE('',*,*,#1930,.F.);
#3002=ORIENTED_EDGE('',*,*,#2100,.F.);
#3003=ORIENTED_EDGE('',*,*,#1774,.F.);
#3004=ORIENTED_EDGE('',*,*,#1886,.F.);
#3005=ORIENTED_EDGE('',*,*,#2101,.T.);
#3006=ORIENTED_EDGE('',*,*,#1878,.T.);
#3007=ORIENTED_EDGE('',*,*,#1880,.F.);
#3008=ORIENTED_EDGE('',*,*,#2102,.F.);
#3009=ORIENTED_EDGE('',*,*,#2103,.F.);
#3010=ORIENTED_EDGE('',*,*,#1884,.T.);
#3011=ORIENTED_EDGE('',*,*,#1883,.F.);
#3012=ORIENTED_EDGE('',*,*,#1781,.F.);
#3013=ORIENTED_EDGE('',*,*,#2104,.T.);
#3014=ORIENTED_EDGE('',*,*,#2102,.T.);
#3015=ORIENTED_EDGE('',*,*,#1780,.F.);
#3016=ORIENTED_EDGE('',*,*,#1879,.T.);
#3017=ORIENTED_EDGE('',*,*,#2101,.F.);
#3018=ORIENTED_EDGE('',*,*,#1885,.F.);
#3019=ORIENTED_EDGE('',*,*,#2103,.T.);
#3020=ORIENTED_EDGE('',*,*,#2104,.F.);
#3021=CYLINDRICAL_SURFACE('',#3229,2.);
#3022=CYLINDRICAL_SURFACE('',#3238,2.);
#3023=CYLINDRICAL_SURFACE('',#3253,2.);
#3024=CYLINDRICAL_SURFACE('',#3255,2.);
#3025=CYLINDRICAL_SURFACE('',#3273,2.);
#3026=CYLINDRICAL_SURFACE('',#3276,2.);
#3027=CYLINDRICAL_SURFACE('',#3377,0.999999999999998);
#3028=CYLINDRICAL_SURFACE('',#3379,0.999999999999974);
#3029=CYLINDRICAL_SURFACE('',#3381,0.999999999999998);
#3030=CYLINDRICAL_SURFACE('',#3383,1.);
#3031=CYLINDRICAL_SURFACE('',#3385,0.999999999999998);
#3032=CYLINDRICAL_SURFACE('',#3387,1.);
#3033=CYLINDRICAL_SURFACE('',#3389,0.999999999999995);
#3034=CYLINDRICAL_SURFACE('',#3391,0.999999999999998);
#3035=CYLINDRICAL_SURFACE('',#3393,1.);
#3036=CYLINDRICAL_SURFACE('',#3395,0.999999999999993);
#3037=CYLINDRICAL_SURFACE('',#3397,1.);
#3038=CYLINDRICAL_SURFACE('',#3399,1.);
#3039=CYLINDRICAL_SURFACE('',#3401,1.);
#3040=CYLINDRICAL_SURFACE('',#3403,1.);
#3041=CYLINDRICAL_SURFACE('',#3405,1.);
#3042=CYLINDRICAL_SURFACE('',#3407,0.999999999999995);
#3043=CYLINDRICAL_SURFACE('',#3409,1.);
#3044=CYLINDRICAL_SURFACE('',#3411,1.);
#3045=CYLINDRICAL_SURFACE('',#3413,1.);
#3046=CYLINDRICAL_SURFACE('',#3415,0.999999999999993);
#3047=CYLINDRICAL_SURFACE('',#3417,1.);
#3048=CYLINDRICAL_SURFACE('',#3419,1.);
#3049=ADVANCED_FACE('',(#253),#3021,.T.);
#3050=ADVANCED_FACE('',(#254),#150,.F.);
#3051=ADVANCED_FACE('',(#255),#151,.F.);
#3052=ADVANCED_FACE('',(#256),#152,.T.);
#3053=ADVANCED_FACE('',(#257),#153,.T.);
#3054=ADVANCED_FACE('',(#258),#3022,.T.);
#3055=ADVANCED_FACE('',(#259,#116,#117),#154,.T.);
#3056=ADVANCED_FACE('',(#260),#155,.T.);
#3057=ADVANCED_FACE('',(#261),#156,.T.);
#3058=ADVANCED_FACE('',(#262),#157,.T.);
#3059=ADVANCED_FACE('',(#263),#3023,.T.);
#3060=ADVANCED_FACE('',(#264,#118,#119),#158,.T.);
#3061=ADVANCED_FACE('',(#265),#3024,.T.);
#3062=ADVANCED_FACE('',(#266),#159,.F.);
#3063=ADVANCED_FACE('',(#267),#160,.F.);
#3064=ADVANCED_FACE('',(#268),#161,.F.);
#3065=ADVANCED_FACE('',(#269),#162,.F.);
#3066=ADVANCED_FACE('',(#270),#163,.T.);
#3067=ADVANCED_FACE('',(#271),#164,.T.);
#3068=ADVANCED_FACE('',(#272),#165,.T.);
#3069=ADVANCED_FACE('',(#273),#166,.F.);
#3070=ADVANCED_FACE('',(#274),#167,.F.);
#3071=ADVANCED_FACE('',(#275),#168,.T.);
#3072=ADVANCED_FACE('',(#276),#169,.T.);
#3073=ADVANCED_FACE('',(#277),#170,.T.);
#3074=ADVANCED_FACE('',(#278),#114,.F.);
#3075=ADVANCED_FACE('',(#279,#120,#121),#171,.F.);
#3076=ADVANCED_FACE('',(#280),#3025,.F.);
#3077=ADVANCED_FACE('',(#281),#115,.F.);
#3078=ADVANCED_FACE('',(#282),#3026,.F.);
#3079=ADVANCED_FACE('',(#283),#172,.T.);
#3080=ADVANCED_FACE('',(#284),#173,.T.);
#3081=ADVANCED_FACE('',(#285),#174,.F.);
#3082=ADVANCED_FACE('',(#286),#175,.T.);
#3083=ADVANCED_FACE('',(#287),#176,.T.);
#3084=ADVANCED_FACE('',(#288),#177,.F.);
#3085=ADVANCED_FACE('',(#289),#178,.T.);
#3086=ADVANCED_FACE('',(#290),#179,.T.);
#3087=ADVANCED_FACE('',(#291),#180,.T.);
#3088=ADVANCED_FACE('',(#292),#181,.T.);
#3089=ADVANCED_FACE('',(#293),#182,.T.);
#3090=ADVANCED_FACE('',(#294),#183,.T.);
#3091=ADVANCED_FACE('',(#295),#184,.T.);
#3092=ADVANCED_FACE('',(#296),#185,.T.);
#3093=ADVANCED_FACE('',(#297),#186,.T.);
#3094=ADVANCED_FACE('',(#298),#187,.T.);
#3095=ADVANCED_FACE('',(#299,#122,#123,#124,#125,#126,#127,#128,#129,#130,
#131,#132,#133,#134,#135,#136,#137),#188,.T.);
#3096=ADVANCED_FACE('',(#300),#189,.T.);
#3097=ADVANCED_FACE('',(#301),#190,.T.);
#3098=ADVANCED_FACE('',(#302),#191,.T.);
#3099=ADVANCED_FACE('',(#303,#138,#139,#140,#141,#142,#143,#144,#145,#146,
#147,#148),#192,.T.);
#3100=ADVANCED_FACE('',(#304),#193,.F.);
#3101=ADVANCED_FACE('',(#305),#194,.F.);
#3102=ADVANCED_FACE('',(#306),#195,.F.);
#3103=ADVANCED_FACE('',(#307),#196,.F.);
#3104=ADVANCED_FACE('',(#308),#197,.F.);
#3105=ADVANCED_FACE('',(#309),#198,.F.);
#3106=ADVANCED_FACE('',(#310),#199,.F.);
#3107=ADVANCED_FACE('',(#311),#200,.F.);
#3108=ADVANCED_FACE('',(#312),#201,.F.);
#3109=ADVANCED_FACE('',(#313),#202,.F.);
#3110=ADVANCED_FACE('',(#314),#203,.F.);
#3111=ADVANCED_FACE('',(#315),#204,.F.);
#3112=ADVANCED_FACE('',(#316),#205,.F.);
#3113=ADVANCED_FACE('',(#317),#206,.F.);
#3114=ADVANCED_FACE('',(#318),#207,.F.);
#3115=ADVANCED_FACE('',(#319),#208,.F.);
#3116=ADVANCED_FACE('',(#320),#209,.F.);
#3117=ADVANCED_FACE('',(#321),#210,.F.);
#3118=ADVANCED_FACE('',(#322),#211,.F.);
#3119=ADVANCED_FACE('',(#323),#212,.F.);
#3120=ADVANCED_FACE('',(#324),#17,.F.);
#3121=ADVANCED_FACE('',(#325),#18,.F.);
#3122=ADVANCED_FACE('',(#326),#19,.F.);
#3123=ADVANCED_FACE('',(#327),#20,.F.);
#3124=ADVANCED_FACE('',(#328),#213,.F.);
#3125=ADVANCED_FACE('',(#329),#214,.F.);
#3126=ADVANCED_FACE('',(#330),#215,.F.);
#3127=ADVANCED_FACE('',(#331),#21,.F.);
#3128=ADVANCED_FACE('',(#332),#22,.F.);
#3129=ADVANCED_FACE('',(#333),#23,.F.);
#3130=ADVANCED_FACE('',(#334),#24,.F.);
#3131=ADVANCED_FACE('',(#335),#25,.F.);
#3132=ADVANCED_FACE('',(#336),#26,.F.);
#3133=ADVANCED_FACE('',(#337),#27,.F.);
#3134=ADVANCED_FACE('',(#338),#28,.F.);
#3135=ADVANCED_FACE('',(#339),#29,.F.);
#3136=ADVANCED_FACE('',(#340),#216,.F.);
#3137=ADVANCED_FACE('',(#341),#217,.F.);
#3138=ADVANCED_FACE('',(#342),#218,.F.);
#3139=ADVANCED_FACE('',(#343),#219,.T.);
#3140=ADVANCED_FACE('',(#344),#30,.F.);
#3141=ADVANCED_FACE('',(#345),#31,.F.);
#3142=ADVANCED_FACE('',(#346),#32,.F.);
#3143=ADVANCED_FACE('',(#347),#33,.F.);
#3144=ADVANCED_FACE('',(#348),#34,.F.);
#3145=ADVANCED_FACE('',(#349),#35,.F.);
#3146=ADVANCED_FACE('',(#350),#36,.F.);
#3147=ADVANCED_FACE('',(#351),#37,.F.);
#3148=ADVANCED_FACE('',(#352),#38,.F.);
#3149=ADVANCED_FACE('',(#353),#39,.F.);
#3150=ADVANCED_FACE('',(#354),#40,.F.);
#3151=ADVANCED_FACE('',(#355),#41,.F.);
#3152=ADVANCED_FACE('',(#356),#42,.F.);
#3153=ADVANCED_FACE('',(#357),#43,.F.);
#3154=ADVANCED_FACE('',(#358),#44,.F.);
#3155=ADVANCED_FACE('',(#359),#45,.F.);
#3156=ADVANCED_FACE('',(#360),#46,.F.);
#3157=ADVANCED_FACE('',(#361),#47,.F.);
#3158=ADVANCED_FACE('',(#362,#149),#220,.T.);
#3159=ADVANCED_FACE('',(#363),#221,.F.);
#3160=ADVANCED_FACE('',(#364),#222,.F.);
#3161=ADVANCED_FACE('',(#365),#223,.F.);
#3162=ADVANCED_FACE('',(#366),#224,.F.);
#3163=ADVANCED_FACE('',(#367),#225,.F.);
#3164=ADVANCED_FACE('',(#368),#226,.T.);
#3165=ADVANCED_FACE('',(#369),#227,.F.);
#3166=ADVANCED_FACE('',(#370),#3027,.F.);
#3167=ADVANCED_FACE('',(#371),#228,.F.);
#3168=ADVANCED_FACE('',(#372),#3028,.F.);
#3169=ADVANCED_FACE('',(#373),#229,.F.);
#3170=ADVANCED_FACE('',(#374),#3029,.F.);
#3171=ADVANCED_FACE('',(#375),#230,.F.);
#3172=ADVANCED_FACE('',(#376),#3030,.F.);
#3173=ADVANCED_FACE('',(#377),#231,.F.);
#3174=ADVANCED_FACE('',(#378),#3031,.F.);
#3175=ADVANCED_FACE('',(#379),#232,.F.);
#3176=ADVANCED_FACE('',(#380),#3032,.F.);
#3177=ADVANCED_FACE('',(#381),#233,.F.);
#3178=ADVANCED_FACE('',(#382),#3033,.F.);
#3179=ADVANCED_FACE('',(#383),#234,.F.);
#3180=ADVANCED_FACE('',(#384),#3034,.F.);
#3181=ADVANCED_FACE('',(#385),#235,.F.);
#3182=ADVANCED_FACE('',(#386),#3035,.F.);
#3183=ADVANCED_FACE('',(#387),#236,.F.);
#3184=ADVANCED_FACE('',(#388),#3036,.F.);
#3185=ADVANCED_FACE('',(#389),#237,.F.);
#3186=ADVANCED_FACE('',(#390),#3037,.F.);
#3187=ADVANCED_FACE('',(#391),#238,.F.);
#3188=ADVANCED_FACE('',(#392),#3038,.F.);
#3189=ADVANCED_FACE('',(#393),#239,.F.);
#3190=ADVANCED_FACE('',(#394),#3039,.F.);
#3191=ADVANCED_FACE('',(#395),#240,.F.);
#3192=ADVANCED_FACE('',(#396),#3040,.F.);
#3193=ADVANCED_FACE('',(#397),#241,.F.);
#3194=ADVANCED_FACE('',(#398),#3041,.F.);
#3195=ADVANCED_FACE('',(#399),#242,.F.);
#3196=ADVANCED_FACE('',(#400),#3042,.F.);
#3197=ADVANCED_FACE('',(#401),#243,.F.);
#3198=ADVANCED_FACE('',(#402),#3043,.F.);
#3199=ADVANCED_FACE('',(#403),#244,.F.);
#3200=ADVANCED_FACE('',(#404),#3044,.F.);
#3201=ADVANCED_FACE('',(#405),#245,.F.);
#3202=ADVANCED_FACE('',(#406),#3045,.F.);
#3203=ADVANCED_FACE('',(#407),#246,.F.);
#3204=ADVANCED_FACE('',(#408),#3046,.F.);
#3205=ADVANCED_FACE('',(#409),#247,.F.);
#3206=ADVANCED_FACE('',(#410),#3047,.F.);
#3207=ADVANCED_FACE('',(#411),#248,.F.);
#3208=ADVANCED_FACE('',(#412),#3048,.F.);
#3209=ADVANCED_FACE('',(#413),#249,.T.);
#3210=ADVANCED_FACE('',(#414),#250,.T.);
#3211=ADVANCED_FACE('',(#415),#251,.T.);
#3212=ADVANCED_FACE('',(#416),#252,.T.);
#3213=CLOSED_SHELL('',(#3049,#3050,#3051,#3052,#3053,#3054,#3055,#3056,
#3057,#3058,#3059,#3060,#3061,#3062,#3063,#3064,#3065,#3066,#3067,#3068,
#3069,#3070,#3071,#3072,#3073,#3074,#3075,#3076,#3077,#3078,#3079,#3080,
#3081,#3082,#3083,#3084,#3085,#3086,#3087,#3088,#3089,#3090,#3091));
#3214=CLOSED_SHELL('',(#3092,#3093,#3094,#3095,#3096,#3097,#3098,#3099,
#3100,#3101,#3102,#3103,#3104,#3105,#3106,#3107,#3108,#3109,#3110,#3111,
#3112,#3113,#3114,#3115,#3116,#3117,#3118,#3119,#3120,#3121,#3122,#3123,
#3124,#3125,#3126,#3127,#3128,#3129,#3130,#3131,#3132,#3133,#3134,#3135,
#3136,#3137,#3138,#3139,#3140,#3141,#3142,#3143,#3144,#3145,#3146,#3147,
#3148,#3149,#3150,#3151,#3152,#3153,#3154,#3155,#3156,#3157,#3158,#3159,
#3160,#3161,#3162,#3163,#3164,#3165,#3166,#3167,#3168,#3169,#3170,#3171,
#3172,#3173,#3174,#3175,#3176,#3177,#3178,#3179,#3180,#3181,#3182,#3183,
#3184,#3185,#3186,#3187,#3188,#3189,#3190,#3191,#3192,#3193,#3194,#3195,
#3196,#3197,#3198,#3199,#3200,#3201,#3202,#3203,#3204,#3205,#3206,#3207,
#3208,#3209,#3210,#3211,#3212));
#3215=DERIVED_UNIT_ELEMENT(#3217,1.);
#3216=DERIVED_UNIT_ELEMENT(#5616,-3.);
#3217=(
MASS_UNIT()
NAMED_UNIT(*)
SI_UNIT(.KILO.,.GRAM.)
);
#3218=DERIVED_UNIT((#3215,#3216));
#3219=MEASURE_REPRESENTATION_ITEM('density measure',
POSITIVE_RATIO_MEASURE(1060.),#3218);
#3220=PROPERTY_DEFINITION_REPRESENTATION(#3225,#3222);
#3221=PROPERTY_DEFINITION_REPRESENTATION(#3226,#3223);
#3222=REPRESENTATION('material name',(#3224),#5613);
#3223=REPRESENTATION('density',(#3219),#5613);
#3224=DESCRIPTIVE_REPRESENTATION_ITEM('ABS Plastic','ABS Plastic');
#3225=PROPERTY_DEFINITION('material property','material name',#5628);
#3226=PROPERTY_DEFINITION('material property','density of part',#5628);
#3227=AXIS2_PLACEMENT_3D('',#4155,#3425,#3426);
#3228=AXIS2_PLACEMENT_3D('',#4156,#3427,#3428);
#3229=AXIS2_PLACEMENT_3D('',#4157,#3429,#3430);
#3230=AXIS2_PLACEMENT_3D('',#4160,#3431,#3432);
#3231=AXIS2_PLACEMENT_3D('',#4164,#3434,#3435);
#3232=AXIS2_PLACEMENT_3D('',#4168,#3437,#3438);
#3233=AXIS2_PLACEMENT_3D('',#4170,#3439,#3440);
#3234=AXIS2_PLACEMENT_3D('',#4172,#3442,#3443);
#3235=AXIS2_PLACEMENT_3D('',#4184,#3450,#3451);
#3236=AXIS2_PLACEMENT_3D('',#4190,#3455,#3456);
#3237=AXIS2_PLACEMENT_3D('',#4192,#3458,#3459);
#3238=AXIS2_PLACEMENT_3D('',#4200,#3464,#3465);
#3239=AXIS2_PLACEMENT_3D('',#4203,#3466,#3467);
#3240=AXIS2_PLACEMENT_3D('',#4207,#3469,#3470);
#3241=AXIS2_PLACEMENT_3D('',#4210,#3472,#3473);
#3242=AXIS2_PLACEMENT_3D('',#4211,#3474,#3475);
#3243=AXIS2_PLACEMENT_3D('',#4212,#3476,#3477);
#3244=AXIS2_PLACEMENT_3D('',#4216,#3479,#3480);
#3245=AXIS2_PLACEMENT_3D('',#4220,#3482,#3483);
#3246=AXIS2_PLACEMENT_3D('',#4223,#3485,#3486);
#3247=AXIS2_PLACEMENT_3D('',#4225,#3487,#3488);
#3248=AXIS2_PLACEMENT_3D('',#4226,#3489,#3490);
#3249=AXIS2_PLACEMENT_3D('',#4230,#3493,#3494);
#3250=AXIS2_PLACEMENT_3D('',#4234,#3497,#3498);
#3251=AXIS2_PLACEMENT_3D('',#4238,#3500,#3501);
#3252=AXIS2_PLACEMENT_3D('',#4241,#3503,#3504);
#3253=AXIS2_PLACEMENT_3D('',#4245,#3507,#3508);
#3254=AXIS2_PLACEMENT_3D('',#4247,#3510,#3511);
#3255=AXIS2_PLACEMENT_3D('',#4265,#3521,#3522);
#3256=AXIS2_PLACEMENT_3D('',#4267,#3524,#3525);
#3257=AXIS2_PLACEMENT_3D('',#4271,#3528,#3529);
#3258=AXIS2_PLACEMENT_3D('',#4275,#3532,#3533);
#3259=AXIS2_PLACEMENT_3D('',#4286,#3540,#3541);
#3260=AXIS2_PLACEMENT_3D('',#4287,#3542,#3543);
#3261=AXIS2_PLACEMENT_3D('',#4301,#3551,#3552);
#3262=AXIS2_PLACEMENT_3D('',#4309,#3557,#3558);
#3263=AXIS2_PLACEMENT_3D('',#4321,#3565,#3566);
#3264=AXIS2_PLACEMENT_3D('',#4324,#3569,#3570);
#3265=AXIS2_PLACEMENT_3D('',#4330,#3574,#3575);
#3266=AXIS2_PLACEMENT_3D('',#4338,#3581,#3582);
#3267=AXIS2_PLACEMENT_3D('',#4345,#3587,#3588);
#3268=AXIS2_PLACEMENT_3D('',#4351,#3592,#3593);
#3269=AXIS2_PLACEMENT_3D('',#4353,#3594,#3595);
#3270=AXIS2_PLACEMENT_3D('',#4356,#3597,#3598);
#3271=AXIS2_PLACEMENT_3D('',#4357,#3599,#3600);
#3272=AXIS2_PLACEMENT_3D('',#4365,#3605,#3606);
#3273=AXIS2_PLACEMENT_3D('',#4366,#3607,#3608);
#3274=AXIS2_PLACEMENT_3D('',#4368,#3610,#3611);
#3275=AXIS2_PLACEMENT_3D('',#4370,#3612,#3613);
#3276=AXIS2_PLACEMENT_3D('',#4372,#3615,#3616);
#3277=AXIS2_PLACEMENT_3D('',#4374,#3618,#3619);
#3278=AXIS2_PLACEMENT_3D('',#4378,#3622,#3623);
#3279=AXIS2_PLACEMENT_3D('',#4380,#3625,#3626);
#3280=AXIS2_PLACEMENT_3D('',#4381,#3627,#3628);
#3281=AXIS2_PLACEMENT_3D('',#4385,#3631,#3632);
#3282=AXIS2_PLACEMENT_3D('',#4387,#3634,#3635);
#3283=AXIS2_PLACEMENT_3D('',#4388,#3636,#3637);
#3284=AXIS2_PLACEMENT_3D('',#4390,#3639,#3640);
#3285=AXIS2_PLACEMENT_3D('',#4392,#3642,#3643);
#3286=AXIS2_PLACEMENT_3D('',#4394,#3645,#3646);
#3287=AXIS2_PLACEMENT_3D('',#4396,#3648,#3649);
#3288=AXIS2_PLACEMENT_3D('',#4397,#3650,#3651);
#3289=AXIS2_PLACEMENT_3D('',#4398,#3652,#3653);
#3290=AXIS2_PLACEMENT_3D('',#4399,#3654,#3655);
#3291=AXIS2_PLACEMENT_3D('',#4408,#3660,#3661);
#3292=AXIS2_PLACEMENT_3D('',#4414,#3665,#3666);
#3293=AXIS2_PLACEMENT_3D('',#4422,#3671,#3672);
#3294=AXIS2_PLACEMENT_3D('',#4628,#3706,#3707);
#3295=AXIS2_PLACEMENT_3D('',#4631,#3709,#3710);
#3296=AXIS2_PLACEMENT_3D('',#4636,#3712,#3713);
#3297=AXIS2_PLACEMENT_3D('',#4639,#3715,#3716);
#3298=AXIS2_PLACEMENT_3D('',#4644,#3718,#3719);
#3299=AXIS2_PLACEMENT_3D('',#4647,#3721,#3722);
#3300=AXIS2_PLACEMENT_3D('',#4652,#3724,#3725);
#3301=AXIS2_PLACEMENT_3D('',#4655,#3727,#3728);
#3302=AXIS2_PLACEMENT_3D('',#4660,#3730,#3731);
#3303=AXIS2_PLACEMENT_3D('',#4663,#3733,#3734);
#3304=AXIS2_PLACEMENT_3D('',#4668,#3736,#3737);
#3305=AXIS2_PLACEMENT_3D('',#4671,#3739,#3740);
#3306=AXIS2_PLACEMENT_3D('',#4676,#3742,#3743);
#3307=AXIS2_PLACEMENT_3D('',#4679,#3745,#3746);
#3308=AXIS2_PLACEMENT_3D('',#4684,#3748,#3749);
#3309=AXIS2_PLACEMENT_3D('',#4687,#3751,#3752);
#3310=AXIS2_PLACEMENT_3D('',#4692,#3754,#3755);
#3311=AXIS2_PLACEMENT_3D('',#4695,#3757,#3758);
#3312=AXIS2_PLACEMENT_3D('',#4700,#3760,#3761);
#3313=AXIS2_PLACEMENT_3D('',#4703,#3763,#3764);
#3314=AXIS2_PLACEMENT_3D('',#4708,#3766,#3767);
#3315=AXIS2_PLACEMENT_3D('',#4711,#3769,#3770);
#3316=AXIS2_PLACEMENT_3D('',#4712,#3771,#3772);
#3317=AXIS2_PLACEMENT_3D('',#4716,#3775,#3776);
#3318=AXIS2_PLACEMENT_3D('',#4722,#3780,#3781);
#3319=AXIS2_PLACEMENT_3D('',#4724,#3783,#3784);
#3320=AXIS2_PLACEMENT_3D('',#4734,#3789,#3790);
#3321=AXIS2_PLACEMENT_3D('',#4737,#3792,#3793);
#3322=AXIS2_PLACEMENT_3D('',#4742,#3795,#3796);
#3323=AXIS2_PLACEMENT_3D('',#4745,#3798,#3799);
#3324=AXIS2_PLACEMENT_3D('',#4750,#3801,#3802);
#3325=AXIS2_PLACEMENT_3D('',#4753,#3804,#3805);
#3326=AXIS2_PLACEMENT_3D('',#4758,#3807,#3808);
#3327=AXIS2_PLACEMENT_3D('',#4761,#3810,#3811);
#3328=AXIS2_PLACEMENT_3D('',#4766,#3813,#3814);
#3329=AXIS2_PLACEMENT_3D('',#4769,#3816,#3817);
#3330=AXIS2_PLACEMENT_3D('',#4774,#3819,#3820);
#3331=AXIS2_PLACEMENT_3D('',#4777,#3822,#3823);
#3332=AXIS2_PLACEMENT_3D('',#4782,#3825,#3826);
#3333=AXIS2_PLACEMENT_3D('',#4785,#3828,#3829);
#3334=AXIS2_PLACEMENT_3D('',#4790,#3831,#3832);
#3335=AXIS2_PLACEMENT_3D('',#4793,#3834,#3835);
#3336=AXIS2_PLACEMENT_3D('',#4798,#3837,#3838);
#3337=AXIS2_PLACEMENT_3D('',#4801,#3840,#3841);
#3338=AXIS2_PLACEMENT_3D('',#4806,#3843,#3844);
#3339=AXIS2_PLACEMENT_3D('',#4809,#3846,#3847);
#3340=AXIS2_PLACEMENT_3D('',#4814,#3849,#3850);
#3341=AXIS2_PLACEMENT_3D('',#4817,#3852,#3853);
#3342=AXIS2_PLACEMENT_3D('',#4818,#3854,#3855);
#3343=AXIS2_PLACEMENT_3D('',#4824,#3859,#3860);
#3344=AXIS2_PLACEMENT_3D('',#4828,#3863,#3864);
#3345=AXIS2_PLACEMENT_3D('',#4832,#3867,#3868);
#3346=AXIS2_PLACEMENT_3D('',#4836,#3871,#3872);
#3347=AXIS2_PLACEMENT_3D('',#4840,#3875,#3876);
#3348=AXIS2_PLACEMENT_3D('',#4844,#3879,#3880);
#3349=AXIS2_PLACEMENT_3D('',#4848,#3883,#3884);
#3350=AXIS2_PLACEMENT_3D('',#4852,#3887,#3888);
#3351=AXIS2_PLACEMENT_3D('',#4856,#3891,#3892);
#3352=AXIS2_PLACEMENT_3D('',#4858,#3894,#3895);
#3353=AXIS2_PLACEMENT_3D('',#4859,#3896,#3897);
#3354=AXIS2_PLACEMENT_3D('',#4865,#3901,#3902);
#3355=AXIS2_PLACEMENT_3D('',#4869,#3905,#3906);
#3356=AXIS2_PLACEMENT_3D('',#4873,#3909,#3910);
#3357=AXIS2_PLACEMENT_3D('',#4877,#3913,#3914);
#3358=AXIS2_PLACEMENT_3D('',#4881,#3917,#3918);
#3359=AXIS2_PLACEMENT_3D('',#4885,#3921,#3922);
#3360=AXIS2_PLACEMENT_3D('',#4889,#3925,#3926);
#3361=AXIS2_PLACEMENT_3D('',#4891,#3928,#3929);
#3362=AXIS2_PLACEMENT_3D('',#4962,#3935,#3936);
#3363=AXIS2_PLACEMENT_3D('',#4966,#3939,#3940);
#3364=AXIS2_PLACEMENT_3D('',#4970,#3943,#3944);
#3365=AXIS2_PLACEMENT_3D('',#5127,#3956,#3957);
#3366=AXIS2_PLACEMENT_3D('',#5131,#3960,#3961);
#3367=AXIS2_PLACEMENT_3D('',#5135,#3964,#3965);
#3368=AXIS2_PLACEMENT_3D('',#5137,#3967,#3968);
#3369=AXIS2_PLACEMENT_3D('',#5492,#3987,#3988);
#3370=AXIS2_PLACEMENT_3D('',#5493,#3989,#3990);
#3371=AXIS2_PLACEMENT_3D('',#5499,#3994,#3995);
#3372=AXIS2_PLACEMENT_3D('',#5503,#3998,#3999);
#3373=AXIS2_PLACEMENT_3D('',#5507,#4002,#4003);
#3374=AXIS2_PLACEMENT_3D('',#5509,#4005,#4006);
#3375=AXIS2_PLACEMENT_3D('',#5510,#4007,#4008);
#3376=AXIS2_PLACEMENT_3D('',#5511,#4009,#4010);
#3377=AXIS2_PLACEMENT_3D('',#5514,#4013,#4014);
#3378=AXIS2_PLACEMENT_3D('',#5516,#4016,#4017);
#3379=AXIS2_PLACEMENT_3D('',#5518,#4019,#4020);
#3380=AXIS2_PLACEMENT_3D('',#5519,#4021,#4022);
#3381=AXIS2_PLACEMENT_3D('',#5522,#4025,#4026);
#3382=AXIS2_PLACEMENT_3D('',#5524,#4028,#4029);
#3383=AXIS2_PLACEMENT_3D('',#5526,#4031,#4032);
#3384=AXIS2_PLACEMENT_3D('',#5527,#4033,#4034);
#3385=AXIS2_PLACEMENT_3D('',#5530,#4037,#4038);
#3386=AXIS2_PLACEMENT_3D('',#5532,#4040,#4041);
#3387=AXIS2_PLACEMENT_3D('',#5534,#4043,#4044);
#3388=AXIS2_PLACEMENT_3D('',#5535,#4045,#4046);
#3389=AXIS2_PLACEMENT_3D('',#5538,#4049,#4050);
#3390=AXIS2_PLACEMENT_3D('',#5540,#4052,#4053);
#3391=AXIS2_PLACEMENT_3D('',#5542,#4055,#4056);
#3392=AXIS2_PLACEMENT_3D('',#5543,#4057,#4058);
#3393=AXIS2_PLACEMENT_3D('',#5546,#4061,#4062);
#3394=AXIS2_PLACEMENT_3D('',#5548,#4064,#4065);
#3395=AXIS2_PLACEMENT_3D('',#5550,#4067,#4068);
#3396=AXIS2_PLACEMENT_3D('',#5551,#4069,#4070);
#3397=AXIS2_PLACEMENT_3D('',#5554,#4073,#4074);
#3398=AXIS2_PLACEMENT_3D('',#5556,#4076,#4077);
#3399=AXIS2_PLACEMENT_3D('',#5558,#4079,#4080);
#3400=AXIS2_PLACEMENT_3D('',#5559,#4081,#4082);
#3401=AXIS2_PLACEMENT_3D('',#5562,#4085,#4086);
#3402=AXIS2_PLACEMENT_3D('',#5564,#4088,#4089);
#3403=AXIS2_PLACEMENT_3D('',#5566,#4091,#4092);
#3404=AXIS2_PLACEMENT_3D('',#5567,#4093,#4094);
#3405=AXIS2_PLACEMENT_3D('',#5570,#4097,#4098);
#3406=AXIS2_PLACEMENT_3D('',#5572,#4100,#4101);
#3407=AXIS2_PLACEMENT_3D('',#5574,#4103,#4104);
#3408=AXIS2_PLACEMENT_3D('',#5575,#4105,#4106);
#3409=AXIS2_PLACEMENT_3D('',#5578,#4109,#4110);
#3410=AXIS2_PLACEMENT_3D('',#5580,#4112,#4113);
#3411=AXIS2_PLACEMENT_3D('',#5582,#4115,#4116);
#3412=AXIS2_PLACEMENT_3D('',#5583,#4117,#4118);
#3413=AXIS2_PLACEMENT_3D('',#5586,#4121,#4122);
#3414=AXIS2_PLACEMENT_3D('',#5588,#4124,#4125);
#3415=AXIS2_PLACEMENT_3D('',#5590,#4127,#4128);
#3416=AXIS2_PLACEMENT_3D('',#5591,#4129,#4130);
#3417=AXIS2_PLACEMENT_3D('',#5594,#4133,#4134);
#3418=AXIS2_PLACEMENT_3D('',#5596,#4136,#4137);
#3419=AXIS2_PLACEMENT_3D('',#5598,#4139,#4140);
#3420=AXIS2_PLACEMENT_3D('',#5599,#4141,#4142);
#3421=AXIS2_PLACEMENT_3D('',#5601,#4144,#4145);
#3422=AXIS2_PLACEMENT_3D('',#5605,#4148,#4149);
#3423=AXIS2_PLACEMENT_3D('',#5607,#4151,#4152);
#3424=AXIS2_PLACEMENT_3D('',#5608,#4153,#4154);
#3425=DIRECTION('axis',(0.,0.,1.));
#3426=DIRECTION('refdir',(1.,0.,0.));
#3427=DIRECTION('axis',(0.,0.,1.));
#3428=DIRECTION('refdir',(1.,0.,0.));
#3429=DIRECTION('center_axis',(0.,0.,-1.));
#3430=DIRECTION('ref_axis',(-0.707106781171999,-0.707106781201096,0.));
#3431=DIRECTION('center_axis',(0.,0.,1.));
#3432=DIRECTION('ref_axis',(-0.707106781171999,-0.707106781201096,0.));
#3433=DIRECTION('',(0.,0.,1.));
#3434=DIRECTION('center_axis',(0.,0.,-1.));
#3435=DIRECTION('ref_axis',(-0.707106781171999,-0.707106781201096,0.));
#3436=DIRECTION('',(0.,0.,-1.));
#3437=DIRECTION('center_axis',(-7.77142362543188E-14,-0.707106781186653,
0.707106781186442));
#3438=DIRECTION('ref_axis',(-7.77195767048352E-14,-0.707106781186441,-0.707106781186654));
#3439=DIRECTION('center_axis',(-7.77142362543132E-14,-0.707106781186603,
-0.707106781186492));
#3440=DIRECTION('ref_axis',(-7.77195767048407E-14,-0.707106781186492,0.707106781186603));
#3441=DIRECTION('',(0.,0.,-1.));
#3442=DIRECTION('center_axis',(-7.77142362543132E-14,-0.707106781186603,
-0.707106781186492));
#3443=DIRECTION('ref_axis',(7.80353999657388E-14,0.707106781186492,-0.707106781186603));
#3444=DIRECTION('',(1.,-1.09904526900308E-13,0.));
#3445=DIRECTION('',(7.80353999657388E-14,0.707106781186492,-0.707106781186603));
#3446=DIRECTION('',(1.,-1.09904526900308E-13,0.));
#3447=DIRECTION('',(1.,1.86420107702052E-12,0.));
#3448=DIRECTION('',(1.,-1.09904526900308E-13,0.));
#3449=DIRECTION('',(-2.9096828250696E-11,0.707106781186492,-0.707106781186603));
#3450=DIRECTION('center_axis',(-7.77142362543188E-14,-0.707106781186653,
0.707106781186442));
#3451=DIRECTION('ref_axis',(-7.80353999657332E-14,-0.707106781186442,-0.707106781186653));
#3452=DIRECTION('',(2.90968282506939E-11,-0.707106781186442,-0.707106781186653));
#3453=DIRECTION('',(-1.,1.09904526900308E-13,0.));
#3454=DIRECTION('',(-7.80353999657332E-14,-0.707106781186442,-0.707106781186653));
#3455=DIRECTION('center_axis',(-1.,-4.11491291341781E-11,0.));
#3456=DIRECTION('ref_axis',(-4.11491291341781E-11,1.,0.));
#3457=DIRECTION('',(4.11491291341781E-11,-1.,0.));
#3458=DIRECTION('center_axis',(-1.,-4.11491291341781E-11,0.));
#3459=DIRECTION('ref_axis',(-4.11491291341781E-11,1.,0.));
#3460=DIRECTION('',(-4.11491291341781E-11,1.,0.));
#3461=DIRECTION('',(-2.9096828250696E-11,0.707106781186491,0.707106781186604));
#3462=DIRECTION('',(0.,0.,1.));
#3463=DIRECTION('',(-4.11491291341781E-11,1.,0.));
#3464=DIRECTION('center_axis',(0.,0.,-1.));
#3465=DIRECTION('ref_axis',(-0.707106781201121,0.707106781171974,0.));
#3466=DIRECTION('center_axis',(7.77142362543188E-14,0.707106781186654,0.707106781186441));
#3467=DIRECTION('ref_axis',(7.78177074835029E-14,0.707106781186441,-0.707106781186654));
#3468=DIRECTION('',(0.,0.,1.));
#3469=DIRECTION('center_axis',(0.,0.,-1.));
#3470=DIRECTION('ref_axis',(-0.707106781201121,0.707106781171974,0.));
#3471=DIRECTION('',(0.,0.,-1.));
#3472=DIRECTION('center_axis',(0.,0.,1.));
#3473=DIRECTION('ref_axis',(-0.707106781201121,0.707106781171974,0.));
#3474=DIRECTION('center_axis',(7.77142362543133E-14,0.707106781186604,-0.707106781186491));
#3475=DIRECTION('ref_axis',(7.77195767048407E-14,0.707106781186491,0.707106781186604));
#3476=DIRECTION('center_axis',(0.,0.,-1.));
#3477=DIRECTION('ref_axis',(1.,0.,0.));
#3478=DIRECTION('',(1.,7.18152296517725E-14,0.));
#3479=DIRECTION('center_axis',(0.,0.,1.));
#3480=DIRECTION('ref_axis',(0.707106781186533,0.707106781186562,0.));
#3481=DIRECTION('',(-3.0486673445367E-14,-1.,0.));
#3482=DIRECTION('center_axis',(0.,0.,1.));
#3483=DIRECTION('ref_axis',(0.707106781186537,-0.707106781186558,0.));
#3484=DIRECTION('',(-1.,0.,0.));
#3485=DIRECTION('center_axis',(0.,0.,1.));
#3486=DIRECTION('ref_axis',(1.,0.,0.));
#3487=DIRECTION('center_axis',(0.,0.,1.));
#3488=DIRECTION('ref_axis',(1.,0.,0.));
#3489=DIRECTION('center_axis',(-7.18152296517725E-14,1.,0.));
#3490=DIRECTION('ref_axis',(1.,7.18152296517725E-14,0.));
#3491=DIRECTION('',(-1.,-7.18152296517725E-14,0.));
#3492=DIRECTION('',(0.,0.,1.));
#3493=DIRECTION('center_axis',(-1.,-4.11491291341781E-11,0.));
#3494=DIRECTION('ref_axis',(-4.11491291341781E-11,1.,0.));
#3495=DIRECTION('',(2.90968282506939E-11,-0.707106781186441,0.707106781186654));
#3496=DIRECTION('',(4.11491291341781E-11,-1.,0.));
#3497=DIRECTION('center_axis',(0.,0.,1.));
#3498=DIRECTION('ref_axis',(1.,0.,0.));
#3499=DIRECTION('',(1.,0.,0.));
#3500=DIRECTION('center_axis',(0.,0.,-1.));
#3501=DIRECTION('ref_axis',(0.707106781186537,-0.707106781186558,0.));
#3502=DIRECTION('',(3.0486673445367E-14,1.,0.));
#3503=DIRECTION('center_axis',(0.,0.,-1.));
#3504=DIRECTION('ref_axis',(0.707106781186533,0.707106781186562,0.));
#3505=DIRECTION('',(1.,-1.09904526900308E-13,0.));
#3506=DIRECTION('',(-1.09904526900308E-13,-1.,0.));
#3507=DIRECTION('center_axis',(0.,0.,-1.));
#3508=DIRECTION('ref_axis',(0.707106781186533,0.707106781186562,0.));
#3509=DIRECTION('',(0.,0.,-1.));
#3510=DIRECTION('center_axis',(1.,-3.0486673445367E-14,0.));
#3511=DIRECTION('ref_axis',(-3.0486673445367E-14,-1.,0.));
#3512=DIRECTION('',(0.,0.,1.));
#3513=DIRECTION('',(0.,0.,1.));
#3514=DIRECTION('',(-2.62369947187442E-14,1.,0.));
#3515=DIRECTION('',(0.,0.,1.));
#3516=DIRECTION('',(3.0486673445367E-14,1.,0.));
#3517=DIRECTION('',(3.0486673445367E-14,1.,0.));
#3518=DIRECTION('',(0.,0.,1.));
#3519=DIRECTION('',(-2.62369947187442E-14,1.,0.));
#3520=DIRECTION('',(0.,0.,1.));
#3521=DIRECTION('center_axis',(0.,0.,-1.));
#3522=DIRECTION('ref_axis',(0.707106781186537,-0.707106781186558,0.));
#3523=DIRECTION('',(0.,0.,-1.));
#3524=DIRECTION('center_axis',(7.77142362543188E-14,0.707106781186654,0.707106781186441));
#3525=DIRECTION('ref_axis',(-7.80353999657331E-14,-0.707106781186441,0.707106781186654));
#3526=DIRECTION('',(1.,-1.09904526900308E-13,0.));
#3527=DIRECTION('',(-7.80353999657331E-14,-0.707106781186441,0.707106781186654));
#3528=DIRECTION('center_axis',(7.77142362543133E-14,0.707106781186604,-0.707106781186491));
#3529=DIRECTION('ref_axis',(7.80353999657387E-14,0.707106781186491,0.707106781186604));
#3530=DIRECTION('',(1.,-1.09904526900308E-13,0.));
#3531=DIRECTION('',(7.80353999657387E-14,0.707106781186491,0.707106781186604));
#3532=DIRECTION('center_axis',(0.,0.,-1.));
#3533=DIRECTION('ref_axis',(1.10797370924479E-13,1.,0.));
#3534=DIRECTION('',(1.19173306947105E-14,-1.,0.));
#3535=DIRECTION('',(-1.,-3.14065919271614E-17,0.));
#3536=DIRECTION('',(-1.27043242311961E-14,1.,0.));
#3537=DIRECTION('',(-3.00888845463117E-7,0.999999999999955,0.));
#3538=DIRECTION('',(-1.27043242311961E-14,1.,0.));
#3539=DIRECTION('',(1.10797370924479E-13,1.,0.));
#3540=DIRECTION('center_axis',(1.,-1.09904526900308E-13,0.));
#3541=DIRECTION('ref_axis',(0.,0.,-1.));
#3542=DIRECTION('center_axis',(1.,1.19173306947105E-14,0.));
#3543=DIRECTION('ref_axis',(1.19173306947105E-14,-1.,0.));
#3544=DIRECTION('',(0.,0.,-1.));
#3545=DIRECTION('',(-1.19173306947105E-14,1.,0.));
#3546=DIRECTION('',(0.,0.,-1.));
#3547=DIRECTION('',(1.19173306947105E-14,-1.,0.));
#3548=DIRECTION('',(0.,0.,1.));
#3549=DIRECTION('',(-1.19173306947105E-14,1.,0.));
#3550=DIRECTION('',(0.,0.,1.));
#3551=DIRECTION('center_axis',(-1.86420107702052E-12,1.,0.));
#3552=DIRECTION('ref_axis',(1.,1.86420107702052E-12,0.));
#3553=DIRECTION('',(0.,0.,-1.));
#3554=DIRECTION('',(1.,1.86420107702052E-12,0.));
#3555=DIRECTION('',(0.,0.,1.));
#3556=DIRECTION('',(-1.,-1.86420107702052E-12,0.));
#3557=DIRECTION('center_axis',(-1.,-1.27043242311961E-14,0.));
#3558=DIRECTION('ref_axis',(-1.27043242311961E-14,1.,0.));
#3559=DIRECTION('',(0.,0.,1.));
#3560=DIRECTION('',(1.27043242311961E-14,-1.,0.));
#3561=DIRECTION('',(0.,0.,1.));
#3562=DIRECTION('',(1.27043242311961E-14,-1.,0.));
#3563=DIRECTION('',(0.,0.,-1.));
#3564=DIRECTION('',(-1.27043242311961E-14,1.,0.));
#3565=DIRECTION('center_axis',(0.,0.,1.));
#3566=DIRECTION('ref_axis',(1.,0.,0.));
#3567=DIRECTION('',(1.,6.93889254683946E-17,0.));
#3568=DIRECTION('',(-1.,-5.55111512312164E-15,0.));
#3569=DIRECTION('center_axis',(0.,0.,1.));
#3570=DIRECTION('ref_axis',(1.,0.,0.));
#3571=DIRECTION('',(-1.,0.,0.));
#3572=DIRECTION('',(1.27043242311961E-14,-1.,0.));
#3573=DIRECTION('',(1.,4.55413484701208E-12,0.));
#3574=DIRECTION('center_axis',(-0.999999999999955,-3.00888845463117E-7,
0.));
#3575=DIRECTION('ref_axis',(-3.00888845463117E-7,0.999999999999955,0.));
#3576=DIRECTION('',(0.,0.,1.));
#3577=DIRECTION('',(0.,0.,1.));
#3578=DIRECTION('',(0.,0.,-1.));
#3579=DIRECTION('',(-3.00888845463117E-7,0.999999999999955,0.));
#3580=DIRECTION('',(0.,0.,1.));
#3581=DIRECTION('center_axis',(-1.,-1.27043242311961E-14,0.));
#3582=DIRECTION('ref_axis',(-1.27043242311961E-14,1.,0.));
#3583=DIRECTION('',(0.,0.,-1.));
#3584=DIRECTION('',(-1.27043242311961E-14,1.,0.));
#3585=DIRECTION('',(1.27043242311961E-14,-1.,0.));
#3586=DIRECTION('',(0.,0.,1.));
#3587=DIRECTION('center_axis',(3.14065919271614E-17,-1.,0.));
#3588=DIRECTION('ref_axis',(-1.,-3.14065919271614E-17,0.));
#3589=DIRECTION('',(1.,3.14065919271614E-17,0.));
#3590=DIRECTION('',(0.,0.,-1.));
#3591=DIRECTION('',(-1.,-3.14065919271614E-17,0.));
#3592=DIRECTION('center_axis',(0.,0.,1.));
#3593=DIRECTION('ref_axis',(1.,0.,0.));
#3594=DIRECTION('center_axis',(0.,0.,-1.));
#3595=DIRECTION('ref_axis',(1.,0.,0.));
#3596=DIRECTION('',(-0.707106781186534,8.65956056235477E-17,0.707106781186561));
#3597=DIRECTION('center_axis',(0.,0.,1.));
#3598=DIRECTION('ref_axis',(1.,0.,0.));
#3599=DIRECTION('center_axis',(0.,0.,-1.));
#3600=DIRECTION('ref_axis',(1.,0.,0.));
#3601=DIRECTION('',(-1.,1.33670852164869E-12,0.));
#3602=DIRECTION('',(1.,0.,0.));
#3603=DIRECTION('',(0.,-1.,0.));
#3604=DIRECTION('',(-1.39888101102775E-12,-1.,0.));
#3605=DIRECTION('center_axis',(0.,0.,1.));
#3606=DIRECTION('ref_axis',(1.,0.,0.));
#3607=DIRECTION('center_axis',(0.,0.,-1.));
#3608=DIRECTION('ref_axis',(1.,0.,0.));
#3609=DIRECTION('',(0.,0.,1.));
#3610=DIRECTION('center_axis',(0.,0.,1.));
#3611=DIRECTION('ref_axis',(1.,0.,0.));
#3612=DIRECTION('center_axis',(0.,0.,-1.));
#3613=DIRECTION('ref_axis',(1.,0.,0.));
#3614=DIRECTION('',(-0.707106781186534,8.65956056235477E-17,0.707106781186561));
#3615=DIRECTION('center_axis',(0.,0.,-1.));
#3616=DIRECTION('ref_axis',(1.,0.,0.));
#3617=DIRECTION('',(0.,0.,1.));
#3618=DIRECTION('center_axis',(-1.33670852164869E-12,-1.,0.));
#3619=DIRECTION('ref_axis',(-1.,1.33670852164869E-12,0.));
#3620=DIRECTION('',(-1.,1.33670852164869E-12,0.));
#3621=DIRECTION('',(0.,0.,-1.));
#3622=DIRECTION('center_axis',(1.,-1.39888101102775E-12,0.));
#3623=DIRECTION('ref_axis',(-1.39888101102775E-12,-1.,0.));
#3624=DIRECTION('',(-1.39888101102775E-12,-1.,0.));
#3625=DIRECTION('center_axis',(0.,0.,-1.));
#3626=DIRECTION('ref_axis',(1.,0.,0.));
#3627=DIRECTION('center_axis',(1.,0.,0.));
#3628=DIRECTION('ref_axis',(0.,-1.,0.));
#3629=DIRECTION('',(0.,1.,0.));
#3630=DIRECTION('',(0.,0.,-1.));
#3631=DIRECTION('center_axis',(0.,1.,0.));
#3632=DIRECTION('ref_axis',(1.,0.,0.));
#3633=DIRECTION('',(-1.,0.,0.));
#3634=DIRECTION('center_axis',(0.,0.,-1.));
#3635=DIRECTION('ref_axis',(1.,0.,0.));
#3636=DIRECTION('center_axis',(6.93889254683946E-17,-1.,0.));
#3637=DIRECTION('ref_axis',(1.,6.93889254683946E-17,0.));
#3638=DIRECTION('',(-1.,-6.93889254683946E-17,0.));
#3639=DIRECTION('center_axis',(0.,1.,0.));
#3640=DIRECTION('ref_axis',(-1.,0.,0.));
#3641=DIRECTION('',(1.,0.,0.));
#3642=DIRECTION('center_axis',(0.,0.,1.));
#3643=DIRECTION('ref_axis',(1.,0.,0.));
#3644=DIRECTION('',(-1.,-4.55413484701208E-12,0.));
#3645=DIRECTION('center_axis',(-5.55111512312164E-15,1.,0.));
#3646=DIRECTION('ref_axis',(-1.,-5.55111512312164E-15,0.));
#3647=DIRECTION('',(1.,5.55111512312164E-15,0.));
#3648=DIRECTION('center_axis',(4.55413484701208E-12,-1.,0.));
#3649=DIRECTION('ref_axis',(1.,4.55413484701208E-12,0.));
#3650=DIRECTION('center_axis',(0.,0.,1.));
#3651=DIRECTION('ref_axis',(1.,0.,0.));
#3652=DIRECTION('center_axis',(0.,-1.,0.));
#3653=DIRECTION('ref_axis',(-1.,0.,0.));
#3654=DIRECTION('center_axis',(0.70710678118662,0.499999999999986,0.499999999999912));
#3655=DIRECTION('ref_axis',(0.577350269189519,0.,-0.816496580927802));
#3656=DIRECTION('',(-7.77142362542954E-14,-0.707106781186441,0.707106781186654));
#3657=DIRECTION('',(0.577350269189575,-0.816496580927762,0.));
#3658=DIRECTION('',(7.77142362542954E-14,0.707106781186441,-0.707106781186654));
#3659=DIRECTION('',(-0.577350269189571,0.816496580927765,0.));
#3660=DIRECTION('center_axis',(0.70710678118659,0.499999999999971,-0.499999999999969));
#3661=DIRECTION('ref_axis',(-0.577350269189579,0.,-0.816496580927759));
#3662=DIRECTION('',(-7.77142362543009E-14,-0.707106781186491,-0.707106781186604));
#3663=DIRECTION('',(-0.57735026918958,0.816496580927758,0.));
#3664=DIRECTION('',(7.77142362543009E-14,0.707106781186491,0.707106781186604));
#3665=DIRECTION('center_axis',(1.,-1.09904526900308E-13,0.));
#3666=DIRECTION('ref_axis',(0.,0.,-1.));
#3667=DIRECTION('',(-1.10358720976765E-13,-1.,0.));
#3668=DIRECTION('',(7.77142362542955E-14,0.707106781186442,0.707106781186653));
#3669=DIRECTION('',(-7.7714236254301E-14,-0.707106781186492,0.707106781186603));
#3670=DIRECTION('',(1.10797370924479E-13,1.,0.));
#3671=DIRECTION('center_axis',(0.,0.,1.));
#3672=DIRECTION('ref_axis',(-1.10358720976765E-13,-1.,0.));
#3673=DIRECTION('',(1.,-1.09904526900308E-13,0.));
#3674=DIRECTION('',(-1.10358720976765E-13,-1.,0.));
#3675=DIRECTION('',(-1.,1.09904526900308E-13,0.));
#3676=DIRECTION('',(-0.577350269189776,-0.81649658092762,0.));
#3677=DIRECTION('',(-1.19203558610463E-13,-1.,0.));
#3678=DIRECTION('',(-1.,1.18349774425042E-13,0.));
#3679=DIRECTION('',(1.16970791804412E-13,1.,0.));
#3680=DIRECTION('',(0.826700083488607,0.562642845826667,0.));
#3681=DIRECTION('',(-1.,1.17995976258903E-13,0.));
#3682=DIRECTION('',(1.18924431993369E-13,1.,0.));
#3683=DIRECTION('',(1.,-1.18571819029967E-13,0.));
#3684=DIRECTION('',(-1.18924431993369E-13,-1.,0.));
#3685=DIRECTION('',(-0.826141784760585,-0.56346228930834,0.));
#3686=DIRECTION('',(1.,-1.18085042303096E-13,0.));
#3687=DIRECTION('',(5.918497818673E-14,-1.,0.));
#3688=DIRECTION('',(-1.,-6.02476944961079E-14,0.));
#3689=DIRECTION('',(-5.95718103064846E-14,1.,0.));
#3690=DIRECTION('',(1.,5.97980848356892E-14,0.));
#3691=DIRECTION('',(5.91849837837083E-14,-1.,0.));
#3692=DIRECTION('',(1.,5.98550997421066E-14,0.));
#3693=DIRECTION('',(6.03608396255684E-14,-1.,0.));
#3694=DIRECTION('',(-1.,-5.98550997421066E-14,0.));
#3695=DIRECTION('',(-1.,-5.96999900277569E-14,0.));
#3696=DIRECTION('',(-6.04943729675215E-14,1.,0.));
#3697=DIRECTION('',(1.,6.0003419300839E-14,0.));
#3698=DIRECTION('',(-1.,-5.96307272554922E-14,0.));
#3699=DIRECTION('',(-6.04943861241063E-14,1.,0.));
#3700=DIRECTION('',(1.,5.96999900277569E-14,0.));
#3701=DIRECTION('',(-1.17587788365164E-13,-1.,0.));
#3702=DIRECTION('',(-1.,1.18349774425042E-13,0.));
#3703=DIRECTION('',(1.17587788365164E-13,1.,0.));
#3704=DIRECTION('',(1.,-1.18349774425042E-13,0.));
#3705=DIRECTION('',(-0.707106781186548,0.707106781186547,0.));
#3706=DIRECTION('center_axis',(0.,0.,-1.));
#3707=DIRECTION('ref_axis',(0.707106781186546,0.707106781186549,0.));
#3708=DIRECTION('',(0.707106781186548,-0.707106781186547,0.));
#3709=DIRECTION('center_axis',(0.,0.,-1.));
#3710=DIRECTION('ref_axis',(-0.707106781186546,-0.707106781186549,0.));
#3711=DIRECTION('',(-0.707106781186547,0.707106781186548,0.));
#3712=DIRECTION('center_axis',(0.,0.,-1.));
#3713=DIRECTION('ref_axis',(0.707106781186542,0.707106781186553,0.));
#3714=DIRECTION('',(0.707106781186547,-0.707106781186548,0.));
#3715=DIRECTION('center_axis',(0.,0.,-1.));
#3716=DIRECTION('ref_axis',(-0.707106781186547,-0.707106781186548,0.));
#3717=DIRECTION('',(-0.707106781186418,0.707106781186677,0.));
#3718=DIRECTION('center_axis',(0.,0.,-1.));
#3719=DIRECTION('ref_axis',(0.707106781186677,0.707106781186418,0.));
#3720=DIRECTION('',(0.707106781186418,-0.707106781186677,0.));
#3721=DIRECTION('center_axis',(0.,0.,-1.));
#3722=DIRECTION('ref_axis',(-0.707106781186675,-0.70710678118642,0.));
#3723=DIRECTION('',(-0.707106781186417,0.707106781186678,0.));
#3724=DIRECTION('center_axis',(0.,0.,-1.));
#3725=DIRECTION('ref_axis',(0.707106781186679,0.707106781186417,0.));
#3726=DIRECTION('',(0.707106781186417,-0.707106781186678,0.));
#3727=DIRECTION('center_axis',(0.,0.,-1.));
#3728=DIRECTION('ref_axis',(-0.707106781186676,-0.707106781186419,0.));
#3729=DIRECTION('',(-0.707106781186482,0.707106781186613,0.));
#3730=DIRECTION('center_axis',(0.,0.,-1.));
#3731=DIRECTION('ref_axis',(0.707106781186613,0.707106781186482,0.));
#3732=DIRECTION('',(0.707106781186483,-0.707106781186613,0.));
#3733=DIRECTION('center_axis',(0.,0.,-1.));
#3734=DIRECTION('ref_axis',(-0.707106781186612,-0.707106781186483,0.));
#3735=DIRECTION('',(-0.707106781186548,0.707106781186547,0.));
#3736=DIRECTION('center_axis',(0.,0.,-1.));
#3737=DIRECTION('ref_axis',(0.707106781186545,0.70710678118655,0.));
#3738=DIRECTION('',(0.707106781186548,-0.707106781186547,0.));
#3739=DIRECTION('center_axis',(0.,0.,-1.));
#3740=DIRECTION('ref_axis',(-0.707106781186544,-0.707106781186551,0.));
#3741=DIRECTION('',(-0.707106781186547,0.707106781186548,0.));
#3742=DIRECTION('center_axis',(0.,0.,-1.));
#3743=DIRECTION('ref_axis',(0.707106781186542,0.707106781186553,0.));
#3744=DIRECTION('',(0.707106781186548,-0.707106781186548,0.));
#3745=DIRECTION('center_axis',(0.,0.,-1.));
#3746=DIRECTION('ref_axis',(-0.707106781186548,-0.707106781186548,0.));
#3747=DIRECTION('',(-0.707106781186417,0.707106781186678,0.));
#3748=DIRECTION('center_axis',(0.,0.,-1.));
#3749=DIRECTION('ref_axis',(0.707106781186676,0.707106781186419,0.));
#3750=DIRECTION('',(0.707106781186418,-0.707106781186677,0.));
#3751=DIRECTION('center_axis',(0.,0.,-1.));
#3752=DIRECTION('ref_axis',(-0.707106781186683,-0.707106781186412,0.));
#3753=DIRECTION('',(-0.707106781186416,0.707106781186679,0.));
#3754=DIRECTION('center_axis',(0.,0.,-1.));
#3755=DIRECTION('ref_axis',(0.707106781186679,0.707106781186417,0.));
#3756=DIRECTION('',(0.707106781186417,-0.707106781186679,0.));
#3757=DIRECTION('center_axis',(0.,0.,-1.));
#3758=DIRECTION('ref_axis',(-0.707106781186676,-0.707106781186419,0.));
#3759=DIRECTION('',(-0.707106781186418,0.707106781186677,0.));
#3760=DIRECTION('center_axis',(0.,0.,-1.));
#3761=DIRECTION('ref_axis',(0.707106781186679,0.707106781186417,0.));
#3762=DIRECTION('',(0.707106781186417,-0.707106781186678,0.));
#3763=DIRECTION('center_axis',(0.,0.,-1.));
#3764=DIRECTION('ref_axis',(-0.707106781186681,-0.707106781186414,0.));
#3765=DIRECTION('',(-0.707106781186546,0.707106781186549,0.));
#3766=DIRECTION('center_axis',(0.,0.,-1.));
#3767=DIRECTION('ref_axis',(0.707106781186529,0.707106781186566,0.));
#3768=DIRECTION('',(0.707106781186547,-0.707106781186548,0.));
#3769=DIRECTION('center_axis',(0.,0.,-1.));
#3770=DIRECTION('ref_axis',(-0.707106781186545,-0.70710678118655,0.));
#3771=DIRECTION('center_axis',(7.77142362543188E-14,0.707106781186654,0.707106781186441));
#3772=DIRECTION('ref_axis',(-7.80353999657331E-14,-0.707106781186441,0.707106781186654));
#3773=DIRECTION('',(-1.,1.09904526900308E-13,0.));
#3774=DIRECTION('',(-7.74150552605424E-14,-0.707106781186441,0.707106781186654));
#3775=DIRECTION('center_axis',(0.707106781186478,-0.500000000000128,-0.499999999999971));
#3776=DIRECTION('ref_axis',(-0.577350269189641,0.,-0.816496580927715));
#3777=DIRECTION('',(7.7714236254301E-14,0.707106781186492,-0.707106781186603));
#3778=DIRECTION('',(0.577350269189762,0.81649658092763,0.));
#3779=DIRECTION('',(-0.57735026918975,-0.816496580927639,0.));
#3780=DIRECTION('center_axis',(0.70710678118649,-0.500000000000154,0.499999999999927));
#3781=DIRECTION('ref_axis',(0.577350269189601,0.,-0.816496580927744));
#3782=DIRECTION('',(-7.77142362542955E-14,-0.707106781186442,-0.707106781186653));
#3783=DIRECTION('center_axis',(0.,0.,-1.));
#3784=DIRECTION('ref_axis',(1.10797370924479E-13,1.,0.));
#3785=DIRECTION('',(1.,-1.09904526900308E-13,0.));
#3786=DIRECTION('',(1.10797370924479E-13,1.,0.));
#3787=DIRECTION('',(-1.,1.09904526900308E-13,0.));
#3788=DIRECTION('',(0.707106781186546,-0.707106781186549,0.));
#3789=DIRECTION('center_axis',(0.,0.,1.));
#3790=DIRECTION('ref_axis',(-0.707106781186545,-0.70710678118655,0.));
#3791=DIRECTION('',(-0.707106781186547,0.707106781186548,0.));
#3792=DIRECTION('center_axis',(0.,0.,1.));
#3793=DIRECTION('ref_axis',(0.707106781186529,0.707106781186566,0.));
#3794=DIRECTION('',(0.707106781186418,-0.707106781186677,0.));
#3795=DIRECTION('center_axis',(0.,0.,1.));
#3796=DIRECTION('ref_axis',(-0.707106781186681,-0.707106781186414,0.));
#3797=DIRECTION('',(-0.707106781186417,0.707106781186678,0.));
#3798=DIRECTION('center_axis',(0.,0.,1.));
#3799=DIRECTION('ref_axis',(0.707106781186679,0.707106781186417,0.));
#3800=DIRECTION('',(0.707106781186416,-0.707106781186679,0.));
#3801=DIRECTION('center_axis',(0.,0.,1.));
#3802=DIRECTION('ref_axis',(-0.707106781186676,-0.707106781186419,0.));
#3803=DIRECTION('',(-0.707106781186417,0.707106781186679,0.));
#3804=DIRECTION('center_axis',(0.,0.,1.));
#3805=DIRECTION('ref_axis',(0.707106781186679,0.707106781186417,0.));
#3806=DIRECTION('',(0.707106781186417,-0.707106781186678,0.));
#3807=DIRECTION('center_axis',(0.,0.,1.));
#3808=DIRECTION('ref_axis',(-0.707106781186683,-0.707106781186412,0.));
#3809=DIRECTION('',(-0.707106781186418,0.707106781186677,0.));
#3810=DIRECTION('center_axis',(0.,0.,1.));
#3811=DIRECTION('ref_axis',(0.707106781186676,0.707106781186419,0.));
#3812=DIRECTION('',(0.707106781186547,-0.707106781186548,0.));
#3813=DIRECTION('center_axis',(0.,0.,1.));
#3814=DIRECTION('ref_axis',(-0.707106781186548,-0.707106781186548,0.));
#3815=DIRECTION('',(-0.707106781186548,0.707106781186548,0.));
#3816=DIRECTION('center_axis',(0.,0.,1.));
#3817=DIRECTION('ref_axis',(0.707106781186542,0.707106781186553,0.));
#3818=DIRECTION('',(0.707106781186548,-0.707106781186547,0.));
#3819=DIRECTION('center_axis',(0.,0.,1.));
#3820=DIRECTION('ref_axis',(-0.707106781186544,-0.707106781186551,0.));
#3821=DIRECTION('',(-0.707106781186548,0.707106781186547,0.));
#3822=DIRECTION('center_axis',(0.,0.,1.));
#3823=DIRECTION('ref_axis',(0.707106781186545,0.70710678118655,0.));
#3824=DIRECTION('',(0.707106781186482,-0.707106781186613,0.));
#3825=DIRECTION('center_axis',(0.,0.,1.));
#3826=DIRECTION('ref_axis',(-0.707106781186612,-0.707106781186483,0.));
#3827=DIRECTION('',(-0.707106781186483,0.707106781186613,0.));
#3828=DIRECTION('center_axis',(0.,0.,1.));
#3829=DIRECTION('ref_axis',(0.707106781186613,0.707106781186482,0.));
#3830=DIRECTION('',(0.707106781186417,-0.707106781186678,0.));
#3831=DIRECTION('center_axis',(0.,0.,1.));
#3832=DIRECTION('ref_axis',(-0.707106781186676,-0.707106781186419,0.));
#3833=DIRECTION('',(-0.707106781186417,0.707106781186678,0.));
#3834=DIRECTION('center_axis',(0.,0.,1.));
#3835=DIRECTION('ref_axis',(0.707106781186679,0.707106781186417,0.));
#3836=DIRECTION('',(0.707106781186418,-0.707106781186677,0.));
#3837=DIRECTION('center_axis',(0.,0.,1.));
#3838=DIRECTION('ref_axis',(-0.707106781186675,-0.70710678118642,0.));
#3839=DIRECTION('',(-0.707106781186418,0.707106781186677,0.));
#3840=DIRECTION('center_axis',(0.,0.,1.));
#3841=DIRECTION('ref_axis',(0.707106781186677,0.707106781186418,0.));
#3842=DIRECTION('',(0.707106781186547,-0.707106781186548,0.));
#3843=DIRECTION('center_axis',(0.,0.,1.));
#3844=DIRECTION('ref_axis',(-0.707106781186547,-0.707106781186548,0.));
#3845=DIRECTION('',(-0.707106781186547,0.707106781186548,0.));
#3846=DIRECTION('center_axis',(0.,0.,1.));
#3847=DIRECTION('ref_axis',(0.707106781186542,0.707106781186553,0.));
#3848=DIRECTION('',(0.707106781186548,-0.707106781186547,0.));
#3849=DIRECTION('center_axis',(0.,0.,1.));
#3850=DIRECTION('ref_axis',(-0.707106781186546,-0.707106781186549,0.));
#3851=DIRECTION('',(-0.707106781186548,0.707106781186547,0.));
#3852=DIRECTION('center_axis',(0.,0.,1.));
#3853=DIRECTION('ref_axis',(0.707106781186546,0.707106781186549,0.));
#3854=DIRECTION('center_axis',(1.,-1.19203558610463E-13,0.));
#3855=DIRECTION('ref_axis',(-1.19203558610463E-13,-1.,1.22464679914735E-16));
#3856=DIRECTION('',(0.,0.,-1.));
#3857=DIRECTION('',(-1.19203558610463E-13,-1.,1.22464679914735E-16));
#3858=DIRECTION('',(0.,0.,-1.));
#3859=DIRECTION('center_axis',(1.18085042303096E-13,1.,0.));
#3860=DIRECTION('ref_axis',(1.,-1.18085042303096E-13,1.22464679914735E-16));
#3861=DIRECTION('',(0.,0.,-1.));
#3862=DIRECTION('',(1.,-1.18085042303096E-13,1.22464679914735E-16));
#3863=DIRECTION('center_axis',(0.56346228930834,-0.826141784760585,0.));
#3864=DIRECTION('ref_axis',(-0.826141784760585,-0.56346228930834,-3.21689603307032E-17));
#3865=DIRECTION('',(0.,0.,-1.));
#3866=DIRECTION('',(-0.826141784760585,-0.56346228930834,-3.21689603307032E-17));
#3867=DIRECTION('center_axis',(1.,-1.18924431993369E-13,0.));
#3868=DIRECTION('ref_axis',(-1.18924431993369E-13,-1.,1.22464679914735E-16));
#3869=DIRECTION('',(0.,0.,-1.));
#3870=DIRECTION('',(-1.18924431993369E-13,-1.,1.22464679914735E-16));
#3871=DIRECTION('center_axis',(1.18571819029967E-13,1.,0.));
#3872=DIRECTION('ref_axis',(1.,-1.18571819029967E-13,1.22464679914735E-16));
#3873=DIRECTION('',(0.,0.,-1.));
#3874=DIRECTION('',(1.,-1.18571819029967E-13,1.22464679914735E-16));
#3875=DIRECTION('center_axis',(-1.,1.18924431993369E-13,0.));
#3876=DIRECTION('ref_axis',(1.18924431993369E-13,1.,-1.22464679914735E-16));
#3877=DIRECTION('',(0.,0.,-1.));
#3878=DIRECTION('',(1.18924431993369E-13,1.,-1.22464679914735E-16));
#3879=DIRECTION('center_axis',(-1.17995976258903E-13,-1.,0.));
#3880=DIRECTION('ref_axis',(-1.,1.17995976258903E-13,-1.22464679914735E-16));
#3881=DIRECTION('',(0.,0.,-1.));
#3882=DIRECTION('',(-1.,1.17995976258903E-13,-1.22464679914735E-16));
#3883=DIRECTION('center_axis',(-0.562642845826667,0.826700083488607,0.));
#3884=DIRECTION('ref_axis',(0.826700083488607,0.562642845826667,3.23376850894185E-17));
#3885=DIRECTION('',(0.,0.,-1.));
#3886=DIRECTION('',(0.826700083488607,0.562642845826667,3.23376850894185E-17));
#3887=DIRECTION('center_axis',(-1.,1.16970791804412E-13,0.));
#3888=DIRECTION('ref_axis',(1.16970791804412E-13,1.,-1.22464679914735E-16));
#3889=DIRECTION('',(0.,0.,-1.));
#3890=DIRECTION('',(1.16970791804412E-13,1.,-1.22464679914735E-16));
#3891=DIRECTION('center_axis',(-1.18349774425042E-13,-1.,0.));
#3892=DIRECTION('ref_axis',(-1.,1.18349774425042E-13,-1.22464679914735E-16));
#3893=DIRECTION('',(-1.,1.18349774425042E-13,-1.22464679914735E-16));
#3894=DIRECTION('center_axis',(0.,0.,-1.));
#3895=DIRECTION('ref_axis',(-1.,0.,0.));
#3896=DIRECTION('center_axis',(1.,5.918497818673E-14,0.));
#3897=DIRECTION('ref_axis',(5.918497818673E-14,-1.,1.22464679914735E-16));
#3898=DIRECTION('',(0.,0.,-1.));
#3899=DIRECTION('',(5.918497818673E-14,-1.,1.22464679914735E-16));
#3900=DIRECTION('',(0.,0.,-1.));
#3901=DIRECTION('center_axis',(5.98550997421066E-14,-1.,0.));
#3902=DIRECTION('ref_axis',(-1.,-5.98550997421066E-14,-1.22464679914735E-16));
#3903=DIRECTION('',(0.,0.,-1.));
#3904=DIRECTION('',(-1.,-5.98550997421066E-14,-1.22464679914735E-16));
#3905=DIRECTION('center_axis',(1.,6.03608396255684E-14,0.));
#3906=DIRECTION('ref_axis',(6.03608396255684E-14,-1.,1.22464679914735E-16));
#3907=DIRECTION('',(0.,0.,-1.));
#3908=DIRECTION('',(6.03608396255684E-14,-1.,1.22464679914735E-16));
#3909=DIRECTION('center_axis',(-5.98550997421066E-14,1.,0.));
#3910=DIRECTION('ref_axis',(1.,5.98550997421066E-14,1.22464679914735E-16));
#3911=DIRECTION('',(0.,0.,-1.));
#3912=DIRECTION('',(1.,5.98550997421066E-14,1.22464679914735E-16));
#3913=DIRECTION('center_axis',(1.,5.91849837837083E-14,0.));
#3914=DIRECTION('ref_axis',(5.91849837837083E-14,-1.,1.22464679914735E-16));
#3915=DIRECTION('',(0.,0.,-1.));
#3916=DIRECTION('',(5.91849837837083E-14,-1.,1.22464679914735E-16));
#3917=DIRECTION('center_axis',(-5.97980848356892E-14,1.,0.));
#3918=DIRECTION('ref_axis',(1.,5.97980848356892E-14,1.22464679914735E-16));
#3919=DIRECTION('',(0.,0.,-1.));
#3920=DIRECTION('',(1.,5.97980848356892E-14,1.22464679914735E-16));
#3921=DIRECTION('center_axis',(-1.,-5.95718103064846E-14,0.));
#3922=DIRECTION('ref_axis',(-5.95718103064846E-14,1.,-1.22464679914735E-16));
#3923=DIRECTION('',(0.,0.,-1.));
#3924=DIRECTION('',(-5.95718103064846E-14,1.,-1.22464679914735E-16));
#3925=DIRECTION('center_axis',(6.02476944961079E-14,-1.,0.));
#3926=DIRECTION('ref_axis',(-1.,-6.02476944961079E-14,-1.22464679914735E-16));
#3927=DIRECTION('',(-1.,-6.02476944961079E-14,-1.22464679914735E-16));
#3928=DIRECTION('center_axis',(0.,0.,-1.));
#3929=DIRECTION('ref_axis',(-1.,0.,0.));
#3930=DIRECTION('',(0.,0.,-1.));
#3931=DIRECTION('',(0.,0.,-1.));
#3932=DIRECTION('',(0.,0.,-1.));
#3933=DIRECTION('',(0.,0.,-1.));
#3934=DIRECTION('',(0.,0.,-1.));
#3935=DIRECTION('center_axis',(-5.96999900277569E-14,1.,0.));
#3936=DIRECTION('ref_axis',(1.,5.96999900277569E-14,1.22464679914735E-16));
#3937=DIRECTION('',(0.,0.,-1.));
#3938=DIRECTION('',(1.,5.96999900277569E-14,1.22464679914735E-16));
#3939=DIRECTION('center_axis',(-1.,-6.04943861241063E-14,0.));
#3940=DIRECTION('ref_axis',(-6.04943861241063E-14,1.,-1.22464679914735E-16));
#3941=DIRECTION('',(0.,0.,-1.));
#3942=DIRECTION('',(-6.04943861241063E-14,1.,-1.22464679914735E-16));
#3943=DIRECTION('center_axis',(5.96307272554922E-14,-1.,0.));
#3944=DIRECTION('ref_axis',(-1.,-5.96307272554922E-14,-1.22464679914735E-16));
#3945=DIRECTION('',(0.,0.,-1.));
#3946=DIRECTION('',(-1.,-5.96307272554922E-14,-1.22464679914735E-16));
#3947=DIRECTION('',(0.,0.,-1.));
#3948=DIRECTION('',(0.,0.,-1.));
#3949=DIRECTION('',(0.,0.,-1.));
#3950=DIRECTION('',(0.,0.,-1.));
#3951=DIRECTION('',(0.,0.,-1.));
#3952=DIRECTION('',(0.,0.,-1.));
#3953=DIRECTION('',(0.,0.,-1.));
#3954=DIRECTION('',(0.,0.,-1.));
#3955=DIRECTION('',(0.,0.,-1.));
#3956=DIRECTION('center_axis',(-6.0003419300839E-14,1.,0.));
#3957=DIRECTION('ref_axis',(1.,6.0003419300839E-14,1.22464679914735E-16));
#3958=DIRECTION('',(0.,0.,-1.));
#3959=DIRECTION('',(1.,6.0003419300839E-14,1.22464679914735E-16));
#3960=DIRECTION('center_axis',(-1.,-6.04943729675215E-14,0.));
#3961=DIRECTION('ref_axis',(-6.04943729675215E-14,1.,-1.22464679914735E-16));
#3962=DIRECTION('',(0.,0.,-1.));
#3963=DIRECTION('',(-6.04943729675215E-14,1.,-1.22464679914735E-16));
#3964=DIRECTION('center_axis',(5.96999900277569E-14,-1.,0.));
#3965=DIRECTION('ref_axis',(-1.,-5.96999900277569E-14,-1.22464679914735E-16));
#3966=DIRECTION('',(-1.,-5.96999900277569E-14,-1.22464679914735E-16));
#3967=DIRECTION('center_axis',(-1.22464679914743E-16,1.22464679914728E-16,
1.));
#3968=DIRECTION('ref_axis',(-1.,0.,-1.22464679914743E-16));
#3969=DIRECTION('',(0.,0.,-1.));
#3970=DIRECTION('',(0.,0.,-1.));
#3971=DIRECTION('',(0.,0.,-1.));
#3972=DIRECTION('',(0.,0.,-1.));
#3973=DIRECTION('',(0.,0.,-1.));
#3974=DIRECTION('',(0.,0.,-1.));
#3975=DIRECTION('',(0.,0.,-1.));
#3976=DIRECTION('',(0.,0.,-1.));
#3977=DIRECTION('',(0.,0.,-1.));
#3978=DIRECTION('',(0.,0.,-1.));
#3979=DIRECTION('',(0.,0.,-1.));
#3980=DIRECTION('',(0.,0.,-1.));
#3981=DIRECTION('',(0.,0.,-1.));
#3982=DIRECTION('',(0.,0.,-1.));
#3983=DIRECTION('',(0.,0.,-1.));
#3984=DIRECTION('',(0.,0.,-1.));
#3985=DIRECTION('',(0.,0.,-1.));
#3986=DIRECTION('',(0.,0.,-1.));
#3987=DIRECTION('center_axis',(7.75904049814427E-16,2.22134666709016E-15,
1.));
#3988=DIRECTION('ref_axis',(-1.,0.,7.75904049814427E-16));
#3989=DIRECTION('center_axis',(1.,-1.17587788365164E-13,0.));
#3990=DIRECTION('ref_axis',(-1.17587788365164E-13,-1.,1.22464679914735E-16));
#3991=DIRECTION('',(0.,0.,-1.));
#3992=DIRECTION('',(-1.17587788365164E-13,-1.,1.22464679914735E-16));
#3993=DIRECTION('',(0.,0.,-1.));
#3994=DIRECTION('center_axis',(1.18349774425042E-13,1.,0.));
#3995=DIRECTION('ref_axis',(1.,-1.18349774425042E-13,1.22464679914735E-16));
#3996=DIRECTION('',(0.,0.,-1.));
#3997=DIRECTION('',(1.,-1.18349774425042E-13,1.22464679914735E-16));
#3998=DIRECTION('center_axis',(-1.,1.17587788365164E-13,0.));
#3999=DIRECTION('ref_axis',(1.17587788365164E-13,1.,-1.22464679914735E-16));
#4000=DIRECTION('',(0.,0.,-1.));
#4001=DIRECTION('',(1.17587788365164E-13,1.,-1.22464679914735E-16));
#4002=DIRECTION('center_axis',(-1.18349774425042E-13,-1.,0.));
#4003=DIRECTION('ref_axis',(-1.,1.18349774425042E-13,-1.22464679914735E-16));
#4004=DIRECTION('',(-1.,1.18349774425042E-13,-1.22464679914735E-16));
#4005=DIRECTION('center_axis',(0.,0.,-1.));
#4006=DIRECTION('ref_axis',(-1.,0.,0.));
#4007=DIRECTION('center_axis',(0.,0.,1.));
#4008=DIRECTION('ref_axis',(-1.10358720976765E-13,-1.,0.));
#4009=DIRECTION('center_axis',(-0.707106781186549,-0.707106781186546,0.));
#4010=DIRECTION('ref_axis',(-0.707106781186546,0.707106781186549,0.));
#4011=DIRECTION('',(0.,0.,-1.));
#4012=DIRECTION('',(0.,0.,-1.));
#4013=DIRECTION('center_axis',(0.,0.,-1.));
#4014=DIRECTION('ref_axis',(-0.707106781186545,-0.70710678118655,0.));
#4015=DIRECTION('',(0.,0.,-1.));
#4016=DIRECTION('center_axis',(0.707106781186548,0.707106781186547,0.));
#4017=DIRECTION('ref_axis',(0.707106781186547,-0.707106781186548,0.));
#4018=DIRECTION('',(0.,0.,-1.));
#4019=DIRECTION('center_axis',(0.,0.,-1.));
#4020=DIRECTION('ref_axis',(0.707106781186529,0.707106781186566,0.));
#4021=DIRECTION('center_axis',(-0.707106781186677,-0.707106781186418,0.));
#4022=DIRECTION('ref_axis',(-0.707106781186418,0.707106781186677,0.));
#4023=DIRECTION('',(0.,0.,-1.));
#4024=DIRECTION('',(0.,0.,-1.));
#4025=DIRECTION('center_axis',(0.,0.,-1.));
#4026=DIRECTION('ref_axis',(-0.707106781186681,-0.707106781186414,0.));
#4027=DIRECTION('',(0.,0.,-1.));
#4028=DIRECTION('center_axis',(0.707106781186678,0.707106781186417,0.));
#4029=DIRECTION('ref_axis',(0.707106781186417,-0.707106781186678,0.));
#4030=DIRECTION('',(0.,0.,-1.));
#4031=DIRECTION('center_axis',(0.,0.,-1.));
#4032=DIRECTION('ref_axis',(0.707106781186679,0.707106781186417,0.));
#4033=DIRECTION('center_axis',(-0.707106781186679,-0.707106781186416,0.));
#4034=DIRECTION('ref_axis',(-0.707106781186416,0.707106781186679,0.));
#4035=DIRECTION('',(0.,0.,-1.));
#4036=DIRECTION('',(0.,0.,-1.));
#4037=DIRECTION('center_axis',(0.,0.,-1.));
#4038=DIRECTION('ref_axis',(-0.707106781186676,-0.707106781186419,0.));
#4039=DIRECTION('',(0.,0.,-1.));
#4040=DIRECTION('center_axis',(0.707106781186679,0.707106781186417,0.));
#4041=DIRECTION('ref_axis',(0.707106781186417,-0.707106781186679,0.));
#4042=DIRECTION('',(0.,0.,-1.));
#4043=DIRECTION('center_axis',(0.,0.,-1.));
#4044=DIRECTION('ref_axis',(0.707106781186679,0.707106781186417,0.));
#4045=DIRECTION('center_axis',(-0.707106781186678,-0.707106781186417,0.));
#4046=DIRECTION('ref_axis',(-0.707106781186417,0.707106781186678,0.));
#4047=DIRECTION('',(0.,0.,-1.));
#4048=DIRECTION('',(0.,0.,-1.));
#4049=DIRECTION('center_axis',(0.,0.,-1.));
#4050=DIRECTION('ref_axis',(0.707106788636992,-0.707106773736103,0.));
#4051=DIRECTION('',(0.,0.,-1.));
#4052=DIRECTION('center_axis',(0.707106781186677,0.707106781186418,0.));
#4053=DIRECTION('ref_axis',(0.707106781186418,-0.707106781186677,0.));
#4054=DIRECTION('',(0.,0.,-1.));
#4055=DIRECTION('center_axis',(0.,0.,-1.));
#4056=DIRECTION('ref_axis',(0.707106781186676,0.707106781186419,0.));
#4057=DIRECTION('center_axis',(-0.707106781186548,-0.707106781186547,0.));
#4058=DIRECTION('ref_axis',(-0.707106781186547,0.707106781186548,0.));
#4059=DIRECTION('',(0.,0.,-1.));
#4060=DIRECTION('',(0.,0.,-1.));
#4061=DIRECTION('center_axis',(0.,0.,-1.));
#4062=DIRECTION('ref_axis',(-0.707106781186548,-0.707106781186548,0.));
#4063=DIRECTION('',(0.,0.,-1.));
#4064=DIRECTION('center_axis',(0.707106781186548,0.707106781186548,0.));
#4065=DIRECTION('ref_axis',(0.707106781186548,-0.707106781186548,0.));
#4066=DIRECTION('',(0.,0.,-1.));
#4067=DIRECTION('center_axis',(0.,0.,-1.));
#4068=DIRECTION('ref_axis',(0.707106781186542,0.707106781186553,0.));
#4069=DIRECTION('center_axis',(-0.707106781186547,-0.707106781186548,0.));
#4070=DIRECTION('ref_axis',(-0.707106781186548,0.707106781186547,0.));
#4071=DIRECTION('',(0.,0.,-1.));
#4072=DIRECTION('',(0.,0.,-1.));
#4073=DIRECTION('center_axis',(0.,0.,-1.));
#4074=DIRECTION('ref_axis',(-0.707106781186544,-0.707106781186551,0.));
#4075=DIRECTION('',(0.,0.,-1.));
#4076=DIRECTION('center_axis',(0.707106781186547,0.707106781186548,0.));
#4077=DIRECTION('ref_axis',(0.707106781186548,-0.707106781186547,0.));
#4078=DIRECTION('',(0.,0.,-1.));
#4079=DIRECTION('center_axis',(0.,0.,-1.));
#4080=DIRECTION('ref_axis',(0.707106781186545,0.70710678118655,0.));
#4081=DIRECTION('center_axis',(-0.707106781186613,-0.707106781186483,0.));
#4082=DIRECTION('ref_axis',(-0.707106781186482,0.707106781186613,0.));
#4083=DIRECTION('',(0.,0.,-1.));
#4084=DIRECTION('',(0.,0.,-1.));
#4085=DIRECTION('center_axis',(0.,0.,-1.));
#4086=DIRECTION('ref_axis',(-0.707106781186612,-0.707106781186483,0.));
#4087=DIRECTION('',(0.,0.,-1.));
#4088=DIRECTION('center_axis',(0.707106781186613,0.707106781186483,0.));
#4089=DIRECTION('ref_axis',(0.707106781186483,-0.707106781186613,0.));
#4090=DIRECTION('',(0.,0.,-1.));
#4091=DIRECTION('center_axis',(0.,0.,-1.));
#4092=DIRECTION('ref_axis',(-0.707106788637062,0.707106773736033,0.));
#4093=DIRECTION('center_axis',(-0.707106781186678,-0.707106781186417,0.));
#4094=DIRECTION('ref_axis',(-0.707106781186417,0.707106781186678,0.));
#4095=DIRECTION('',(0.,0.,-1.));
#4096=DIRECTION('',(0.,0.,-1.));
#4097=DIRECTION('center_axis',(0.,0.,-1.));
#4098=DIRECTION('ref_axis',(-0.707106781186676,-0.707106781186419,0.));
#4099=DIRECTION('',(0.,0.,-1.));
#4100=DIRECTION('center_axis',(0.707106781186678,0.707106781186417,0.));
#4101=DIRECTION('ref_axis',(0.707106781186417,-0.707106781186678,0.));
#4102=DIRECTION('',(0.,0.,-1.));
#4103=DIRECTION('center_axis',(0.,0.,-1.));
#4104=DIRECTION('ref_axis',(0.707106781186679,0.707106781186417,0.));
#4105=DIRECTION('center_axis',(-0.707106781186677,-0.707106781186418,0.));
#4106=DIRECTION('ref_axis',(-0.707106781186418,0.707106781186677,0.));
#4107=DIRECTION('',(0.,0.,-1.));
#4108=DIRECTION('',(0.,0.,-1.));
#4109=DIRECTION('center_axis',(0.,0.,-1.));
#4110=DIRECTION('ref_axis',(-0.707106781186675,-0.70710678118642,0.));
#4111=DIRECTION('',(0.,0.,-1.));
#4112=DIRECTION('center_axis',(0.707106781186677,0.707106781186418,0.));
#4113=DIRECTION('ref_axis',(0.707106781186418,-0.707106781186677,0.));
#4114=DIRECTION('',(0.,0.,-1.));
#4115=DIRECTION('center_axis',(0.,0.,-1.));
#4116=DIRECTION('ref_axis',(0.707106781186677,0.707106781186418,0.));
#4117=DIRECTION('center_axis',(-0.707106781186548,-0.707106781186547,0.));
#4118=DIRECTION('ref_axis',(-0.707106781186547,0.707106781186548,0.));
#4119=DIRECTION('',(0.,0.,-1.));
#4120=DIRECTION('',(0.,0.,-1.));
#4121=DIRECTION('center_axis',(0.,0.,-1.));
#4122=DIRECTION('ref_axis',(-0.707106781186547,-0.707106781186548,0.));
#4123=DIRECTION('',(0.,0.,-1.));
#4124=DIRECTION('center_axis',(0.707106781186548,0.707106781186547,0.));
#4125=DIRECTION('ref_axis',(0.707106781186547,-0.707106781186548,0.));
#4126=DIRECTION('',(0.,0.,-1.));
#4127=DIRECTION('center_axis',(0.,0.,-1.));
#4128=DIRECTION('ref_axis',(0.707106781186542,0.707106781186553,0.));
#4129=DIRECTION('center_axis',(-0.707106781186547,-0.707106781186548,0.));
#4130=DIRECTION('ref_axis',(-0.707106781186548,0.707106781186547,0.));
#4131=DIRECTION('',(0.,0.,-1.));
#4132=DIRECTION('',(0.,0.,-1.));
#4133=DIRECTION('center_axis',(0.,0.,-1.));
#4134=DIRECTION('ref_axis',(-0.707106781186546,-0.707106781186549,0.));
#4135=DIRECTION('',(0.,0.,-1.));
#4136=DIRECTION('center_axis',(0.707106781186547,0.707106781186548,0.));
#4137=DIRECTION('ref_axis',(0.707106781186548,-0.707106781186547,0.));
#4138=DIRECTION('',(0.,0.,-1.));
#4139=DIRECTION('center_axis',(0.,0.,-1.));
#4140=DIRECTION('ref_axis',(0.707106781186546,0.707106781186549,0.));
#4141=DIRECTION('center_axis',(7.77142362543133E-14,0.707106781186604,-0.707106781186491));
#4142=DIRECTION('ref_axis',(7.80353999657387E-14,0.707106781186491,0.707106781186604));
#4143=DIRECTION('',(7.80353999657386E-14,0.707106781186491,0.707106781186604));
#4144=DIRECTION('center_axis',(-7.77142362543132E-14,-0.707106781186603,
-0.707106781186492));
#4145=DIRECTION('ref_axis',(7.80353999657388E-14,0.707106781186492,-0.707106781186603));
#4146=DIRECTION('',(1.,-1.09904526900308E-13,0.));
#4147=DIRECTION('',(7.7415055260548E-14,0.707106781186492,-0.707106781186603));
#4148=DIRECTION('center_axis',(-7.77142362543188E-14,-0.707106781186653,
0.707106781186442));
#4149=DIRECTION('ref_axis',(-7.80353999657332E-14,-0.707106781186442,-0.707106781186653));
#4150=DIRECTION('',(-7.80353999657332E-14,-0.707106781186442,-0.707106781186653));
#4151=DIRECTION('center_axis',(-1.,1.09920071029052E-13,4.38649947713505E-16));
#4152=DIRECTION('ref_axis',(-1.09920071029052E-13,-1.,0.));
#4153=DIRECTION('',(0.,0.,1.));
#4154=DIRECTION('',(1.,0.,0.));
#4155=CARTESIAN_POINT('',(0.,0.,0.));
#4156=CARTESIAN_POINT('',(0.,0.,0.));
#4157=CARTESIAN_POINT('Origin',(-35.3500000000491,-20.501999745759,812.758407592773));
#4158=CARTESIAN_POINT('',(-37.3500000000491,-20.5019997458413,808.758407592773));
#4159=CARTESIAN_POINT('',(-35.3500000000491,-22.501999745759,808.758407592773));
#4160=CARTESIAN_POINT('Origin',(-35.3500000000491,-20.501999745759,808.758407592773));
#4161=CARTESIAN_POINT('',(-35.3500000000491,-22.501999745759,834.158407592773));
#4162=CARTESIAN_POINT('',(-35.3500000000491,-22.501999745759,812.758407592773));
#4163=CARTESIAN_POINT('',(-37.3500000000491,-20.5019997458413,834.158407592773));
#4164=CARTESIAN_POINT('Origin',(-35.3500000000491,-20.501999745759,834.158407592773));
#4165=CARTESIAN_POINT('',(-37.3500000000491,-20.5019997458413,833.406407846792));
#4166=CARTESIAN_POINT('',(-37.3500000000491,-20.5019997458413,812.758407592773));
#4167=CARTESIAN_POINT('',(-37.3345644041353,-20.7499999998598,833.158407592773));
#4168=CARTESIAN_POINT('Origin',(-35.3500000000491,-20.501999745759,833.406407846875));
#4169=CARTESIAN_POINT('',(-37.3500000000491,-20.5019997458413,832.910407338755));
#4170=CARTESIAN_POINT('Origin',(-35.3500000000491,-20.501999745759,832.910407338672));
#4171=CARTESIAN_POINT('',(-37.3500000000491,-20.5019997458413,812.758407592773));
#4172=CARTESIAN_POINT('Origin',(-37.350000000895,-20.7499999998598,833.158407592773));
#4173=CARTESIAN_POINT('',(36.149999999105,-20.7499999998679,833.158407592773));
#4174=CARTESIAN_POINT('',(-37.350000000895,-20.7499999998598,833.158407592773));
#4175=CARTESIAN_POINT('',(36.1499999991051,-19.7499999998681,832.158407592773));
#4176=CARTESIAN_POINT('',(36.1499999991051,-19.7499999998681,832.158407592773));
#4177=CARTESIAN_POINT('',(35.3500000000005,-19.7499999998681,832.158407592773));
#4178=CARTESIAN_POINT('',(-37.3500000008949,-19.7499999998601,832.158407592773));
#4179=CARTESIAN_POINT('',(-35.3499999999995,-19.7499999998603,832.158407592773));
#4180=CARTESIAN_POINT('',(-36.3500000004472,-19.7500000000017,832.158407592773));
#4181=CARTESIAN_POINT('',(-37.3500000008949,-19.7499999998601,832.158407592773));
#4182=CARTESIAN_POINT('',(-37.3500000008949,-19.7499999998601,832.158407592773));
#4183=CARTESIAN_POINT('',(-37.3500000002307,-16.0879999363346,828.496407529247));
#4184=CARTESIAN_POINT('Origin',(-37.3500000008949,-19.7499999998601,834.158407592773));
#4185=CARTESIAN_POINT('',(-37.3500000008949,-19.7499999998601,834.158407592773));
#4186=CARTESIAN_POINT('',(-37.3499999998316,-25.7879999363346,828.120407656297));
#4187=CARTESIAN_POINT('',(36.1499999991051,-19.7499999998681,834.158407592773));
#4188=CARTESIAN_POINT('',(-18.6749999026662,-19.7499999998621,834.158407592773));
#4189=CARTESIAN_POINT('',(36.1499999991051,-19.7499999998681,834.158407592773));
#4190=CARTESIAN_POINT('Origin',(-37.3499999999668,-22.501999745759,812.758407592773));
#4191=CARTESIAN_POINT('',(-37.3499999999668,-22.501999745759,834.158407592773));
#4192=CARTESIAN_POINT('Origin',(-37.3499999999668,-22.501999745759,812.758407592773));
#4193=CARTESIAN_POINT('',(-37.3500000008905,20.7460002540806,832.158407592773));
#4194=CARTESIAN_POINT('',(-37.3500000000234,-21.1259998728095,832.158407592773));
#4195=CARTESIAN_POINT('',(-37.3500000017774,21.4979999998974,832.91040733859));
#4196=CARTESIAN_POINT('',(-37.350000001102,5.08400025412247,816.496407592813));
#4197=CARTESIAN_POINT('',(-37.3500000017774,21.4979999998974,808.758407592773));
#4198=CARTESIAN_POINT('',(-37.3500000017774,21.4979999998974,812.758407592773));
#4199=CARTESIAN_POINT('',(-37.3499999999668,-22.501999745759,808.758407592773));
#4200=CARTESIAN_POINT('Origin',(-35.3500000017774,21.4979999999797,812.758407592773));
#4201=CARTESIAN_POINT('',(-37.3345644058636,21.7460002540804,833.158407592773));
#4202=CARTESIAN_POINT('',(-37.3500000017774,21.4979999998974,833.406407846956));
#4203=CARTESIAN_POINT('Origin',(-35.3500000017774,21.4979999999797,833.406407846874));
#4204=CARTESIAN_POINT('',(-37.3500000017774,21.4979999998974,834.158407592773));
#4205=CARTESIAN_POINT('',(-37.3500000017774,21.4979999998974,812.758407592773));
#4206=CARTESIAN_POINT('',(-35.3500000017775,23.4979999999797,834.158407592773));
#4207=CARTESIAN_POINT('Origin',(-35.3500000017774,21.4979999999797,834.158407592773));
#4208=CARTESIAN_POINT('',(-35.3500000017775,23.4979999999797,808.758407592773));
#4209=CARTESIAN_POINT('',(-35.3500000017775,23.4979999999797,812.758407592773));
#4210=CARTESIAN_POINT('Origin',(-35.3500000017774,21.4979999999797,808.758407592773));
#4211=CARTESIAN_POINT('Origin',(-35.3500000017774,21.4979999999797,832.910407338673));
#4212=CARTESIAN_POINT('Origin',(1.95564751059862E-7,0.498000127112976,808.758407592773));
#4213=CARTESIAN_POINT('',(35.3499999999998,23.4979999999848,808.758407592773));
#4214=CARTESIAN_POINT('',(37.3500000000001,23.497999999985,808.758407592773));
#4215=CARTESIAN_POINT('',(37.35,21.4979999999847,808.758407592773));
#4216=CARTESIAN_POINT('Origin',(35.35,21.4979999999848,808.758407592773));
#4217=CARTESIAN_POINT('',(37.3499999999987,-20.5019997457591,808.758407592773));
#4218=CARTESIAN_POINT('',(37.35,21.7500000000012,808.758407592773));
#4219=CARTESIAN_POINT('',(35.3499999999987,-22.501999745759,808.758407592773));
#4220=CARTESIAN_POINT('Origin',(35.3499999999987,-20.501999745759,808.758407592773));
#4221=CARTESIAN_POINT('',(37.3499999999996,-22.501999745759,808.758407592773));
#4222=CARTESIAN_POINT('',(20.35,0.49800025424101,808.758407592773));
#4223=CARTESIAN_POINT('Origin',(22.35,0.49800025424101,808.758407592773));
#4224=CARTESIAN_POINT('',(-24.3499999999978,0.498000254241004,808.758407592773));
#4225=CARTESIAN_POINT('Origin',(-22.3499999999978,0.498000254241004,808.758407592773));
#4226=CARTESIAN_POINT('Origin',(-37.3500000000187,23.4979999999796,812.758407592773));
#4227=CARTESIAN_POINT('',(35.3499999999998,23.4979999999848,834.158407592773));
#4228=CARTESIAN_POINT('',(37.3500000000001,23.497999999985,834.158407592773));
#4229=CARTESIAN_POINT('',(35.3499999999998,23.4979999999848,812.758407592773));
#4230=CARTESIAN_POINT('Origin',(-37.3499999999668,-22.501999745759,812.758407592773));
#4231=CARTESIAN_POINT('',(-37.3500000008905,20.7460002540806,834.158407592773));
#4232=CARTESIAN_POINT('',(-37.3500000015422,15.7840002541239,839.120407592732));
#4233=CARTESIAN_POINT('',(-37.3499999999668,-22.501999745759,834.158407592773));
#4234=CARTESIAN_POINT('Origin',(1.95564751059862E-7,0.498000127112976,834.158407592773));
#4235=CARTESIAN_POINT('',(35.3499999999987,-22.501999745759,834.158407592773));
#4236=CARTESIAN_POINT('',(37.3499999999996,-22.501999745759,834.158407592773));
#4237=CARTESIAN_POINT('',(37.3499999999987,-20.5019997457591,834.158407592773));
#4238=CARTESIAN_POINT('Origin',(35.3499999999987,-20.501999745759,834.158407592773));
#4239=CARTESIAN_POINT('',(37.35,21.4979999999847,834.158407592773));
#4240=CARTESIAN_POINT('',(37.35,21.7500000000012,834.158407592773));
#4241=CARTESIAN_POINT('Origin',(35.35,21.4979999999848,834.158407592773));
#4242=CARTESIAN_POINT('',(36.1499999991096,20.7460002540726,834.158407592773));
#4243=CARTESIAN_POINT('',(-18.6749999026617,20.7460002540786,834.158407592773));
#4244=CARTESIAN_POINT('',(36.1499999991073,0.49800012710561,834.158407592773));
#4245=CARTESIAN_POINT('Origin',(35.35,21.4979999999848,812.758407592773));
#4246=CARTESIAN_POINT('',(37.35,21.4979999999847,812.758407592773));
#4247=CARTESIAN_POINT('Origin',(37.3500000000001,23.497999999985,812.758407592773));
#4248=CARTESIAN_POINT('',(37.3499999999987,-20.5019997457591,812.758407592773));
#4249=CARTESIAN_POINT('',(37.3500003911482,-0.801999745758989,814.658407592773));
#4250=CARTESIAN_POINT('',(37.3500003911482,-0.801999745758989,828.258407592773));
#4251=CARTESIAN_POINT('',(37.3500003911482,-0.801999745758989,812.758407592773));
#4252=CARTESIAN_POINT('',(37.3500000000015,-17.3229999999509,814.658407592773));
#4253=CARTESIAN_POINT('',(37.35,21.7500000000012,814.658407592773));
#4254=CARTESIAN_POINT('',(37.3500000000015,-17.3229999999509,828.258407592773));
#4255=CARTESIAN_POINT('',(37.3500000000015,-17.3229999999509,812.758407592773));
#4256=CARTESIAN_POINT('',(37.349999999999,-11.0019998093236,828.258407592774));
#4257=CARTESIAN_POINT('',(37.3500003911482,1.79800025424101,828.258407592773));
#4258=CARTESIAN_POINT('',(37.3500000000001,18.318999992532,828.258407592773));
#4259=CARTESIAN_POINT('',(37.349999999999,-11.0019998093236,828.258407592774));
#4260=CARTESIAN_POINT('',(37.3500000000001,18.318999992532,814.658407592773));
#4261=CARTESIAN_POINT('',(37.3500000000001,18.318999992532,812.758407592773));
#4262=CARTESIAN_POINT('',(37.3500003911482,1.79800025424101,814.658407592773));
#4263=CARTESIAN_POINT('',(37.35,21.7500000000012,814.658407592773));
#4264=CARTESIAN_POINT('',(37.3500003911482,1.79800025424101,812.758407592773));
#4265=CARTESIAN_POINT('Origin',(35.3499999999987,-20.501999745759,812.758407592773));
#4266=CARTESIAN_POINT('',(35.3499999999987,-22.501999745759,812.758407592773));
#4267=CARTESIAN_POINT('Origin',(-37.3500000008903,21.7460002540804,833.158407592773));
#4268=CARTESIAN_POINT('',(36.1499999991097,21.7460002540724,833.158407592773));
#4269=CARTESIAN_POINT('',(-37.3500000008903,21.7460002540804,833.158407592773));
#4270=CARTESIAN_POINT('',(36.1499999991096,20.7460002540726,834.158407592773));
#4271=CARTESIAN_POINT('Origin',(-37.3500000008905,20.7460002540806,832.158407592773));
#4272=CARTESIAN_POINT('',(36.1499999991096,20.7460002540726,832.158407592773));
#4273=CARTESIAN_POINT('',(-37.3500000008905,20.7460002540806,832.158407592773));
#4274=CARTESIAN_POINT('',(36.1499999991096,20.7460002540726,832.158407592773));
#4275=CARTESIAN_POINT('Origin',(-37.3500000008949,-19.7499999998601,832.158407592773));
#4276=CARTESIAN_POINT('',(-35.35,19.7500000000001,832.158407592773));
#4277=CARTESIAN_POINT('',(-35.3499999999998,7.00447857240549E-11,832.158407592773));
#4278=CARTESIAN_POINT('',(35.35,19.7500000000001,832.158407592773));
#4279=CARTESIAN_POINT('',(-1.00000000044748,19.7500000000001,832.158407592773));
#4280=CARTESIAN_POINT('',(35.349999217689,1.79800025424101,832.158407592773));
#4281=CARTESIAN_POINT('',(35.3500000000003,-8.97599987280906,832.158407592773));
#4282=CARTESIAN_POINT('',(35.35,-0.801999745758989,832.158407592773));
#4283=CARTESIAN_POINT('',(35.3500028506177,-10.2759889354991,832.158407592773));
#4284=CARTESIAN_POINT('',(35.3500000000005,-19.7499999998636,832.158407592773));
#4285=CARTESIAN_POINT('',(36.1499999991073,0.498000127102217,832.158407592773));
#4286=CARTESIAN_POINT('Origin',(36.1499999991073,0.498000127102216,833.158407592773));
#4287=CARTESIAN_POINT('Origin',(-35.35,19.7500000000001,812.758407592773));
#4288=CARTESIAN_POINT('',(-35.3499999999995,-19.7499999999999,812.758407592773));
#4289=CARTESIAN_POINT('',(-35.3499999999995,-19.7499999999999,812.758407592773));
#4290=CARTESIAN_POINT('',(-35.3499999999999,-17.7499999999999,812.758407592773));
#4291=CARTESIAN_POINT('',(-35.3499999999998,0.50000000000011,812.758407592773));
#4292=CARTESIAN_POINT('',(-35.3499999999999,-17.7499999999999,810.758407592773));
#4293=CARTESIAN_POINT('',(-35.3499999999995,-17.7499999999999,812.758407592773));
#4294=CARTESIAN_POINT('',(-35.3499999999765,17.7500000363346,810.758407592773));
#4295=CARTESIAN_POINT('',(-35.3499999999995,-19.7499999999999,810.758407592773));
#4296=CARTESIAN_POINT('',(-35.3499999999765,17.7500000363346,812.758407592773));
#4297=CARTESIAN_POINT('',(-35.35,17.7500000363346,812.758407592773));
#4298=CARTESIAN_POINT('',(-35.35,19.7500000000001,812.758407592773));
#4299=CARTESIAN_POINT('',(-35.35,19.250000018164,812.758407592773));
#4300=CARTESIAN_POINT('',(-35.35,19.7500000000001,812.758407592773));
#4301=CARTESIAN_POINT('Origin',(-35.3499999999995,-19.7499999999999,812.758407592773));
#4302=CARTESIAN_POINT('',(35.3500000000005,-19.7499999998681,810.758407592773));
#4303=CARTESIAN_POINT('',(35.3500000000005,-19.7499999998681,812.758407592773));
#4304=CARTESIAN_POINT('',(-30.3499999999999,-19.7499999999999,810.758407592773));
#4305=CARTESIAN_POINT('',(35.3500000000005,-19.7499999998681,810.758407592773));
#4306=CARTESIAN_POINT('',(-30.3499999999999,-19.7499999999999,812.758407592773));
#4307=CARTESIAN_POINT('',(-30.3499999999999,-19.7499999999906,812.758407592773));
#4308=CARTESIAN_POINT('',(-34.0999999999988,-19.7499999999975,812.758407592773));
#4309=CARTESIAN_POINT('Origin',(35.3500000000005,-19.7499999998681,812.758407592773));
#4310=CARTESIAN_POINT('',(35.35,-0.801999745758989,828.258407592773));
#4311=CARTESIAN_POINT('',(35.35,-0.801999745758989,812.758407592773));
#4312=CARTESIAN_POINT('',(35.35,-17.3229999999509,828.258407592773));
#4313=CARTESIAN_POINT('',(35.3500000000002,-0.151999809322781,828.258407592774));
#4314=CARTESIAN_POINT('',(35.35,-17.3229999999509,814.658407592773));
#4315=CARTESIAN_POINT('',(35.35,-17.3229999999509,812.758407592773));
#4316=CARTESIAN_POINT('',(35.35,-0.801999745758988,814.658407592773));
#4317=CARTESIAN_POINT('',(35.35,19.7500000000001,814.658407592773));
#4318=CARTESIAN_POINT('',(35.35,-0.80199974575899,810.758407592773));
#4319=CARTESIAN_POINT('',(35.35,-0.801999745758989,812.758407592773));
#4320=CARTESIAN_POINT('',(35.35,19.7500000000001,810.758407592773));
#4321=CARTESIAN_POINT('Origin',(1.95564751059862E-7,0.498000127112976,828.258407592773));
#4322=CARTESIAN_POINT('',(35.35,-0.801999745758989,828.258407592773));
#4323=CARTESIAN_POINT('',(35.35,-17.3229999999509,828.258407592773));
#4324=CARTESIAN_POINT('Origin',(1.95564751059862E-7,0.498000127112976,828.258407592773));
#4325=CARTESIAN_POINT('',(35.349999217689,1.79800025424101,828.258407592773));
#4326=CARTESIAN_POINT('',(37.3500003911482,1.79800025424101,828.258407592773));
#4327=CARTESIAN_POINT('',(35.35,18.3189999925229,828.258407592773));
#4328=CARTESIAN_POINT('',(35.3500000000001,10.1240000635568,828.258407592774));
#4329=CARTESIAN_POINT('',(35.35,18.3189999925229,828.258407592773));
#4330=CARTESIAN_POINT('Origin',(35.35,-0.801999745758989,812.758407592773));
#4331=CARTESIAN_POINT('',(35.349999217689,1.79800025424101,812.758407592773));
#4332=CARTESIAN_POINT('',(35.349999217689,1.79800025424101,814.658407592773));
#4333=CARTESIAN_POINT('',(35.349999217689,1.79800025424101,812.758407592773));
#4334=CARTESIAN_POINT('',(35.349999217689,1.79800025424101,810.758407592773));
#4335=CARTESIAN_POINT('',(35.349999217689,1.79800025424101,812.758407592773));
#4336=CARTESIAN_POINT('',(35.349999217689,1.79800025424101,810.758407592773));
#4337=CARTESIAN_POINT('',(35.35,-0.801999745758989,812.758407592773));
#4338=CARTESIAN_POINT('Origin',(35.3500000000002,1.79800025424101,812.758407592773));
#4339=CARTESIAN_POINT('',(35.35,19.7500000000001,810.758407592773));
#4340=CARTESIAN_POINT('',(35.35,19.7500000000001,812.758407592773));
#4341=CARTESIAN_POINT('',(35.35,19.7500000000001,810.758407592773));
#4342=CARTESIAN_POINT('',(35.35,18.3189999925229,814.658407592773));
#4343=CARTESIAN_POINT('',(35.35,19.7500000000001,814.658407592773));
#4344=CARTESIAN_POINT('',(35.35,18.3189999925229,812.758407592773));
#4345=CARTESIAN_POINT('Origin',(35.35,19.7500000000001,812.758407592773));
#4346=CARTESIAN_POINT('',(-30.3499999999737,19.7500000363278,812.758407592773));
#4347=CARTESIAN_POINT('',(1.25000000000657,19.7500000000001,812.758407592773));
#4348=CARTESIAN_POINT('',(-30.3499999999737,19.7500000363278,810.758407592773));
#4349=CARTESIAN_POINT('',(-30.3499999999737,19.7500000000001,812.758407592773));
#4350=CARTESIAN_POINT('',(-35.35,19.7500000000001,810.758407592773));
#4351=CARTESIAN_POINT('Origin',(22.35,0.49800025424101,810.008407592773));
#4352=CARTESIAN_POINT('',(20.35,0.49800025424101,809.258407592773));
#4353=CARTESIAN_POINT('Origin',(22.35,0.49800025424101,809.258407592773));
#4354=CARTESIAN_POINT('',(18.85,0.498000254241009,810.758407592773));
#4355=CARTESIAN_POINT('',(19.6,0.49800025424101,810.008407592773));
#4356=CARTESIAN_POINT('Origin',(22.35,0.49800025424101,810.758407592773));
#4357=CARTESIAN_POINT('Origin',(1.95564751059862E-7,0.498000127112976,810.758407592773));
#4358=CARTESIAN_POINT('',(-30.3499999999765,17.7500000363279,810.758407592773));
#4359=CARTESIAN_POINT('',(-15.1749999021943,17.7500000363076,810.758407592773));
#4360=CARTESIAN_POINT('',(-30.3499999999999,-17.7499999999999,810.758407592773));
#4361=CARTESIAN_POINT('',(-17.6749999022176,-17.7499999999999,810.758407592773));
#4362=CARTESIAN_POINT('',(-30.3499999999999,-8.62599993644345,810.758407592773));
#4363=CARTESIAN_POINT('',(-30.3499999999871,10.1240000817416,810.758407592773));
#4364=CARTESIAN_POINT('',(-25.8499999999978,0.498000254241004,810.758407592773));
#4365=CARTESIAN_POINT('Origin',(-22.3499999999978,0.498000254241004,810.758407592773));
#4366=CARTESIAN_POINT('Origin',(22.35,0.49800025424101,812.758407592773));
#4367=CARTESIAN_POINT('',(20.35,0.49800025424101,812.758407592773));
#4368=CARTESIAN_POINT('Origin',(-22.3499999999978,0.498000254241004,810.008407592773));
#4369=CARTESIAN_POINT('',(-24.3499999999978,0.498000254241004,809.258407592773));
#4370=CARTESIAN_POINT('Origin',(-22.3499999999978,0.498000254241004,809.258407592773));
#4371=CARTESIAN_POINT('',(-25.0999999999978,0.498000254241004,810.008407592773));
#4372=CARTESIAN_POINT('Origin',(-22.3499999999978,0.498000254241004,812.758407592773));
#4373=CARTESIAN_POINT('',(-24.3499999999978,0.498000254241004,812.758407592773));
#4374=CARTESIAN_POINT('Origin',(-30.3499999999765,17.7500000363279,812.758407592773));
#4375=CARTESIAN_POINT('',(-30.3499999999765,17.7500000363279,812.758407592773));
#4376=CARTESIAN_POINT('',(-30.3499999999765,17.7500000363279,812.758407592773));
#4377=CARTESIAN_POINT('',(-30.3499999999765,17.7500000363279,812.758407592773));
#4378=CARTESIAN_POINT('Origin',(-30.3499999999737,19.7500000363278,812.758407592773));
#4379=CARTESIAN_POINT('',(-30.3499999999737,19.7500000363278,812.758407592773));
#4380=CARTESIAN_POINT('Origin',(-32.8499999999868,18.7500000363279,812.758407592773));
#4381=CARTESIAN_POINT('Origin',(-30.3499999999999,-17.7499999999999,812.758407592773));
#4382=CARTESIAN_POINT('',(-30.3499999999999,-17.7499999999999,812.758407592773));
#4383=CARTESIAN_POINT('',(-30.3499999999999,-19.7499999999999,812.758407592773));
#4384=CARTESIAN_POINT('',(-30.3499999999999,-17.7499999999999,812.758407592773));
#4385=CARTESIAN_POINT('Origin',(-35.3499999999999,-17.7499999999999,812.758407592773));
#4386=CARTESIAN_POINT('',(-30.3499999999999,-17.7499999999999,812.758407592773));
#4387=CARTESIAN_POINT('Origin',(-32.8499999999999,-18.7499999999999,812.758407592773));
#4388=CARTESIAN_POINT('Origin',(35.35,-0.801999745758989,812.758407592773));
#4389=CARTESIAN_POINT('',(35.8499999022093,-0.801999745758989,814.658407592773));
#4390=CARTESIAN_POINT('Origin',(37.3500003911482,1.79800025424101,812.758407592773));
#4391=CARTESIAN_POINT('',(36.8500000977834,1.79800025424101,814.658407592773));
#4392=CARTESIAN_POINT('Origin',(36.3499998044186,6.60027588139656E-11,814.658407592773));
#4393=CARTESIAN_POINT('',(35.8499999021676,18.3189999925252,814.658407592773));
#4394=CARTESIAN_POINT('Origin',(37.3500000000015,-17.3229999999509,812.758407592773));
#4395=CARTESIAN_POINT('',(36.8499999022101,-17.3229999999509,814.658407592773));
#4396=CARTESIAN_POINT('Origin',(35.35,18.3189999925229,812.758407592773));
#4397=CARTESIAN_POINT('Origin',(36.3499998044186,6.60027588139656E-11,814.658407592773));
#4398=CARTESIAN_POINT('Origin',(37.3499999999996,-22.501999745759,812.758407592773));
#4399=CARTESIAN_POINT('Origin',(35.899999999109,16.1865128489161,838.222920251101));
#4400=CARTESIAN_POINT('',(35.6499999991097,21.6045788978351,833.158407592773));
#4401=CARTESIAN_POINT('',(35.6499999991095,20.6045788978354,834.158407592773));
#4402=CARTESIAN_POINT('',(35.6499999991091,16.3632895442128,838.399696946397));
#4403=CARTESIAN_POINT('',(36.1499999991095,19.8974721166488,834.158407592773));
#4404=CARTESIAN_POINT('',(24.5330148200832,36.326370110717,834.158407592773));
#4405=CARTESIAN_POINT('',(36.1499999991096,20.8974721166486,833.158407592773));
#4406=CARTESIAN_POINT('',(36.149999999109,16.0097361536194,838.046143555804));
#4407=CARTESIAN_POINT('',(36.1499999991096,20.8974721166486,833.158407592773));
#4408=CARTESIAN_POINT('Origin',(35.899999999109,15.6865128489155,827.593894934446));
#4409=CARTESIAN_POINT('',(36.1499999991095,19.8974721166488,832.158407592773));
#4410=CARTESIAN_POINT('',(36.149999999109,15.5097361536188,827.770671629743));
#4411=CARTESIAN_POINT('',(35.6499999991095,20.6045788978353,832.158407592773));
#4412=CARTESIAN_POINT('',(34.195864747111,22.6610366927367,832.158407592773));
#4413=CARTESIAN_POINT('',(35.649999999109,15.8632895442122,827.41711823915));
#4414=CARTESIAN_POINT('Origin',(36.1499999991073,0.498000127102216,833.158407592773));
#4415=CARTESIAN_POINT('',(36.1499999991052,-18.9014718624444,834.158407592773));
#4416=CARTESIAN_POINT('',(36.1499999991098,23.4979999999851,834.158407592773));
#4417=CARTESIAN_POINT('',(36.1499999991051,-19.9014718624442,833.158407592773));
#4418=CARTESIAN_POINT('',(36.1499999991057,-14.5137358994151,838.546143555804));
#4419=CARTESIAN_POINT('',(36.1499999991052,-18.9014718624443,832.158407592773));
#4420=CARTESIAN_POINT('',(36.1499999991056,-15.0137358994143,828.270671629743));
#4421=CARTESIAN_POINT('',(36.1499999991073,0.498000127102217,832.158407592773));
#4422=CARTESIAN_POINT('Origin',(-37.3500000008905,20.7460002540806,834.158407592773));
#4423=CARTESIAN_POINT('',(-37.3500000008905,20.6045788978434,834.158407592773));
#4424=CARTESIAN_POINT('',(-37.3500000008905,20.6045788978434,834.158407592773));
#4425=CARTESIAN_POINT('',(-37.3500000008949,-19.6085786436228,834.158407592773));
#4426=CARTESIAN_POINT('',(-37.3500000008902,23.4979999999932,834.158407592773));
#4427=CARTESIAN_POINT('',(35.6499999991051,-19.6085786436308,834.158407592773));
#4428=CARTESIAN_POINT('',(-37.3500000008949,-19.6085786436227,834.158407592773));
#4429=CARTESIAN_POINT('',(34.1958647471055,-21.6650364385327,834.158407592773));
#4430=CARTESIAN_POINT('',(34.1499999991086,10.9759141939416,834.158407592773));
#4431=CARTESIAN_POINT('',(34.1499999991084,9.52298112834839,834.158407592773));
#4432=CARTESIAN_POINT('',(34.1499999991091,15.8609572240069,834.158407592773));
#4433=CARTESIAN_POINT('',(29.1499999991084,9.52298112834899,834.158407592773));
#4434=CARTESIAN_POINT('',(-1.6000000008917,9.52298112835263,834.158407592773));
#4435=CARTESIAN_POINT('',(29.1499999991085,10.9656823116085,834.158407592773));
#4436=CARTESIAN_POINT('',(29.149999999109,15.1344906912109,834.158407592773));
#4437=CARTESIAN_POINT('',(31.9162432184844,12.8483565586346,834.158407592773));
#4438=CARTESIAN_POINT('',(8.70044514062032,-2.9520563838019,834.158407592773));
#4439=CARTESIAN_POINT('',(29.1499999991088,12.8483565586349,834.158407592773));
#4440=CARTESIAN_POINT('',(-2.71687839120351,12.8483565586387,834.158407592773));
#4441=CARTESIAN_POINT('',(29.1499999991089,14.3046997922203,834.158407592773));
#4442=CARTESIAN_POINT('',(29.1499999991092,16.7971784063538,834.158407592773));
#4443=CARTESIAN_POINT('',(34.1499999991089,14.3046997922197,834.158407592773));
#4444=CARTESIAN_POINT('',(-4.10000000089114,14.3046997922242,834.158407592773));
#4445=CARTESIAN_POINT('',(34.1499999991088,12.8483565586343,834.158407592773));
#4446=CARTESIAN_POINT('',(34.1499999991093,17.5253500231459,834.158407592773));
#4447=CARTESIAN_POINT('',(31.4046470156338,10.975914193942,834.158407592773));
#4448=CARTESIAN_POINT('',(11.5884341629454,-2.53954872702987,834.158407592773));
#4449=CARTESIAN_POINT('',(-2.9726764926289,10.975914193946,834.158407592773));
#4450=CARTESIAN_POINT('',(30.3846521011012,-4.52288772632975,834.158407592773));
#4451=CARTESIAN_POINT('',(30.3846521011013,-6.09860401322741,834.158407592773));
#4452=CARTESIAN_POINT('',(30.3846521011004,8.11155626387745,834.158407592773));
#4453=CARTESIAN_POINT('',(29.1499999991077,-6.09860401322748,834.158407592773));
#4454=CARTESIAN_POINT('',(-3.48267394989379,-6.09860401322945,834.158407592773));
#4455=CARTESIAN_POINT('',(29.1499999991074,-1.40215109755899,834.158407592773));
#4456=CARTESIAN_POINT('',(29.1499999991069,7.32369812042856,834.158407592773));
#4457=CARTESIAN_POINT('',(30.384652101101,-1.40215109755892,834.158407592773));
#4458=CARTESIAN_POINT('',(-4.10000000089086,-1.40215109756098,834.158407592773));
#4459=CARTESIAN_POINT('',(30.3846521011011,-2.97786723544497,834.158407592773));
#4460=CARTESIAN_POINT('',(30.3846521011003,9.67192457826287,834.158407592773));
#4461=CARTESIAN_POINT('',(34.1499999991075,-2.97786723544474,834.158407592773));
#4462=CARTESIAN_POINT('',(-3.48267394989398,-2.977867235447,834.158407592773));
#4463=CARTESIAN_POINT('',(34.1499999991076,-4.52288772632952,834.158407592773));
#4464=CARTESIAN_POINT('',(34.1499999991068,8.88406650932011,834.158407592773));
#4465=CARTESIAN_POINT('',(-1.60000000089067,-4.52288772633166,834.158407592773));
#4466=CARTESIAN_POINT('',(32.8422055473943,-8.53891800811175,834.158407592773));
#4467=CARTESIAN_POINT('',(32.1998594036717,-8.31211041381247,834.158407592773));
#4468=CARTESIAN_POINT('Ctrl Pts',(32.8422055473943,-8.53891800811175,834.158407592773));
#4469=CARTESIAN_POINT('Ctrl Pts',(32.7543672984231,-8.47285829117556,834.158407592773));
#4470=CARTESIAN_POINT('Ctrl Pts',(32.5649696506656,-8.33041971634304,834.158407592773));
#4471=CARTESIAN_POINT('Ctrl Pts',(32.327302191588,-8.31850132882653,834.158407592773));
#4472=CARTESIAN_POINT('Ctrl Pts',(32.1998594036717,-8.31211041381247,834.158407592773));
#4473=CARTESIAN_POINT('',(29.1499999991078,-8.31211041381266,834.158407592773));
#4474=CARTESIAN_POINT('',(-2.57507029860849,-8.31211041381455,834.158407592773));
#4475=CARTESIAN_POINT('',(29.1499999991077,-6.77050035169031,834.158407592773));
#4476=CARTESIAN_POINT('',(29.149999999107,6.21694492013601,834.158407592773));
#4477=CARTESIAN_POINT('',(32.128928684296,-6.77050035169013,834.158407592773));
#4478=CARTESIAN_POINT('',(-4.10000000089053,-6.77050035169231,834.158407592773));
#4479=CARTESIAN_POINT('',(32.9656551113743,-6.90863173177126,834.158407592773));
#4480=CARTESIAN_POINT('Ctrl Pts',(32.128928684296,-6.77050035169013,834.158407592773));
#4481=CARTESIAN_POINT('Ctrl Pts',(32.2735178988645,-6.77589377576246,834.158407592773));
#4482=CARTESIAN_POINT('Ctrl Pts',(32.558321638737,-6.78651744054342,834.158407592773));
#4483=CARTESIAN_POINT('Ctrl Pts',(32.8312748407228,-6.86834593988833,834.158407592773));
#4484=CARTESIAN_POINT('Ctrl Pts',(32.9656551113743,-6.90863173177126,834.158407592773));
#4485=CARTESIAN_POINT('',(33.6541513434071,-7.34178315570234,834.158407592773));
#4486=CARTESIAN_POINT('Ctrl Pts',(32.9656551113743,-6.90863173177126,834.158407592773));
#4487=CARTESIAN_POINT('Ctrl Pts',(33.0927548465221,-6.96120929260572,834.158407592773));
#4488=CARTESIAN_POINT('Ctrl Pts',(33.3469380429442,-7.06635768223403,834.158407592773));
#4489=CARTESIAN_POINT('Ctrl Pts',(33.5517512809201,-7.24997858327279,834.158407592773));
#4490=CARTESIAN_POINT('Ctrl Pts',(33.6541513434071,-7.34178315570234,834.158407592773));
#4491=CARTESIAN_POINT('',(34.0682510367055,-7.96081434657451,834.158407592773));
#4492=CARTESIAN_POINT('Ctrl Pts',(33.6541513434071,-7.34178315570234,834.158407592773));
#4493=CARTESIAN_POINT('Ctrl Pts',(33.7440084023972,-7.43843283255337,834.158407592773));
#4494=CARTESIAN_POINT('Ctrl Pts',(33.915363709329,-7.62274150265453,834.158407592773));
#4495=CARTESIAN_POINT('Ctrl Pts',(34.018973306282,-7.85184872625753,834.158407592773));
#4496=CARTESIAN_POINT('Ctrl Pts',(34.0682510367055,-7.96081434657451,834.158407592773));
#4497=CARTESIAN_POINT('',(34.2352662315984,-9.04198776652689,834.158407592773));
#4498=CARTESIAN_POINT('Ctrl Pts',(34.0682510367055,-7.96081434657451,834.158407592773));
#4499=CARTESIAN_POINT('Ctrl Pts',(34.1169010960861,-8.12483750342428,834.158407592773));
#4500=CARTESIAN_POINT('Ctrl Pts',(34.2214634351068,-8.47736831535187,834.158407592773));
#4501=CARTESIAN_POINT('Ctrl Pts',(34.2304570859298,-8.84526406711706,834.158407592773));
#4502=CARTESIAN_POINT('Ctrl Pts',(34.2352662315984,-9.04198776652689,834.158407592773));
#4503=CARTESIAN_POINT('',(34.184133194985,-9.83837242891665,834.158407592773));
#4504=CARTESIAN_POINT('Ctrl Pts',(34.2352662315984,-9.04198776652689,834.158407592773));
#4505=CARTESIAN_POINT('Ctrl Pts',(34.2327873354925,-9.16928837143653,834.158407592773));
#4506=CARTESIAN_POINT('Ctrl Pts',(34.2276035300726,-9.43549620649771,834.158407592773));
#4507=CARTESIAN_POINT('Ctrl Pts',(34.1990384511932,-9.70023286078988,834.158407592773));
#4508=CARTESIAN_POINT('Ctrl Pts',(34.184133194985,-9.83837242891665,834.158407592773));
#4509=CARTESIAN_POINT('',(33.9813331595084,-10.5597230391729,834.158407592773));
#4510=CARTESIAN_POINT('Ctrl Pts',(34.184133194985,-9.83837242891665,834.158407592773));
#4511=CARTESIAN_POINT('Ctrl Pts',(34.1649612294815,-9.97219406580851,834.158407592773));
#4512=CARTESIAN_POINT('Ctrl Pts',(34.1291985397025,-10.2218200984141,834.158407592773));
#4513=CARTESIAN_POINT('Ctrl Pts',(34.0281914933344,-10.4526420660737,834.158407592773));
#4514=CARTESIAN_POINT('Ctrl Pts',(33.9813331595084,-10.5597230391729,834.158407592773));
#4515=CARTESIAN_POINT('',(33.5501799812934,-11.0900777178037,834.158407592773));
#4516=CARTESIAN_POINT('Ctrl Pts',(33.9813331595084,-10.5597230391729,834.158407592773));
#4517=CARTESIAN_POINT('Ctrl Pts',(33.924099994146,-10.6554481076104,834.158407592773));
#4518=CARTESIAN_POINT('Ctrl Pts',(33.8060164639558,-10.8529481748747,834.158407592773));
#4519=CARTESIAN_POINT('Ctrl Pts',(33.6371827445469,-11.0094366564931,834.158407592773));
#4520=CARTESIAN_POINT('Ctrl Pts',(33.5501799812934,-11.0900777178037,834.158407592773));
#4521=CARTESIAN_POINT('',(32.9741815558097,-11.4192045824755,834.158407592773));
#4522=CARTESIAN_POINT('Ctrl Pts',(33.5501799812934,-11.0900777178037,834.158407592773));
#4523=CARTESIAN_POINT('Ctrl Pts',(33.4587451462134,-11.1631473244304,834.158407592773));
#4524=CARTESIAN_POINT('Ctrl Pts',(33.2837677721504,-11.3029794560264,834.158407592773));
#4525=CARTESIAN_POINT('Ctrl Pts',(33.0742265320072,-11.3816456105465,834.158407592773));
#4526=CARTESIAN_POINT('Ctrl Pts',(32.9741815558097,-11.4192045824755,834.158407592773));
#4527=CARTESIAN_POINT('',(32.1289286842963,-11.5624514939416,834.158407592773));
#4528=CARTESIAN_POINT('Ctrl Pts',(32.9741815558097,-11.4192045824755,834.158407592773));
#4529=CARTESIAN_POINT('Ctrl Pts',(32.8251808974795,-11.4609097268186,834.158407592773));
#4530=CARTESIAN_POINT('Ctrl Pts',(32.5483032158344,-11.5384075299008,834.158407592773));
#4531=CARTESIAN_POINT('Ctrl Pts',(32.2614246530645,-11.5548551139303,834.158407592773));
#4532=CARTESIAN_POINT('Ctrl Pts',(32.1289286842963,-11.5624514939416,834.158407592773));
#4533=CARTESIAN_POINT('',(29.149999999108,-11.5624514939418,834.158407592773));
#4534=CARTESIAN_POINT('',(-2.6105356582961,-11.5624514939437,834.158407592773));
#4535=CARTESIAN_POINT('',(29.1499999991079,-10.0208417670956,834.158407592773));
#4536=CARTESIAN_POINT('',(29.1499999991071,4.59177438007143,834.158407592773));
#4537=CARTESIAN_POINT('',(32.1998594036718,-10.0208417670954,834.158407592773));
#4538=CARTESIAN_POINT('',(-4.10000000089034,-10.0208417670976,834.158407592773));
#4539=CARTESIAN_POINT('',(32.8388217917105,-9.79403402378443,834.158407592773));
#4540=CARTESIAN_POINT('Ctrl Pts',(32.1998594036718,-10.0208417670954,834.158407592773));
#4541=CARTESIAN_POINT('Ctrl Pts',(32.3257790229967,-10.0141381503869,834.158407592773));
#4542=CARTESIAN_POINT('Ctrl Pts',(32.5620868006424,-10.0015577695451,834.158407592773));
#4543=CARTESIAN_POINT('Ctrl Pts',(32.7507092330161,-9.86010968757466,834.158407592773));
#4544=CARTESIAN_POINT('Ctrl Pts',(32.8388217917105,-9.79403402378443,834.158407592773));
#4545=CARTESIAN_POINT('',(33.0688265791555,-9.16477065255525,834.158407592773));
#4546=CARTESIAN_POINT('Ctrl Pts',(32.8388217917105,-9.79403402378443,834.158407592773));
#4547=CARTESIAN_POINT('Ctrl Pts',(32.905838093577,-9.70741016056291,834.158407592773));
#4548=CARTESIAN_POINT('Ctrl Pts',(33.0486632684268,-9.52279734149955,834.158407592773));
#4549=CARTESIAN_POINT('Ctrl Pts',(33.061835180162,-9.28891234071319,834.158407592773));
#4550=CARTESIAN_POINT('Ctrl Pts',(33.0688265791555,-9.16477065255525,834.158407592773));
#4551=CARTESIAN_POINT('Ctrl Pts',(33.0688265791555,-9.16477065255525,834.158407592773));
#4552=CARTESIAN_POINT('Ctrl Pts',(33.0619186345988,-9.04160130484142,834.158407592773));
#4553=CARTESIAN_POINT('Ctrl Pts',(33.0488987343487,-8.80945517107486,834.158407592773));
#4554=CARTESIAN_POINT('Ctrl Pts',(32.9082367575669,-8.62534512518486,834.158407592773));
#4555=CARTESIAN_POINT('Ctrl Pts',(32.8422055473943,-8.53891800811175,834.158407592773));
#4556=CARTESIAN_POINT('',(33.965825223031,-16.3356442349183,834.158407592773));
#4557=CARTESIAN_POINT('',(33.1131652823115,-17.2343480931747,834.158407592773));
#4558=CARTESIAN_POINT('Ctrl Pts',(33.965825223031,-16.3356442349183,834.158407592773));
#4559=CARTESIAN_POINT('Ctrl Pts',(33.8605937348528,-16.5130114794282,834.158407592773));
#4560=CARTESIAN_POINT('Ctrl Pts',(33.6446938566033,-16.8769098444334,834.158407592773));
#4561=CARTESIAN_POINT('Ctrl Pts',(33.2932912078836,-17.1132183957259,834.158407592773));
#4562=CARTESIAN_POINT('Ctrl Pts',(33.1131652823115,-17.2343480931747,834.158407592773));
#4563=CARTESIAN_POINT('',(31.6534111729289,-17.5788228558529,834.158407592773));
#4564=CARTESIAN_POINT('Ctrl Pts',(33.1131652823115,-17.2343480931747,834.158407592773));
#4565=CARTESIAN_POINT('Ctrl Pts',(32.8978111778973,-17.3346971125415,834.158407592773));
#4566=CARTESIAN_POINT('Ctrl Pts',(32.4358910413738,-17.5499390409549,834.158407592773));
#4567=CARTESIAN_POINT('Ctrl Pts',(31.9257283541382,-17.5687707645816,834.158407592773));
#4568=CARTESIAN_POINT('Ctrl Pts',(31.6534111729289,-17.5788228558529,834.158407592773));
#4569=CARTESIAN_POINT('',(29.7468624344492,-16.8966946350565,834.158407592773));
#4570=CARTESIAN_POINT('Ctrl Pts',(31.6534111729289,-17.5788228558529,834.158407592773));
#4571=CARTESIAN_POINT('Ctrl Pts',(31.2767277879957,-17.5587778301647,834.158407592773));
#4572=CARTESIAN_POINT('Ctrl Pts',(30.5703783782362,-17.5211897850589,834.158407592773));
#4573=CARTESIAN_POINT('Ctrl Pts',(30.0089099083635,-17.0954125563845,834.158407592773));
#4574=CARTESIAN_POINT('Ctrl Pts',(29.7468624344492,-16.8966946350565,834.158407592773));
#4575=CARTESIAN_POINT('',(29.0647343626641,-14.996967424654,834.158407592773));
#4576=CARTESIAN_POINT('Ctrl Pts',(29.7468624344492,-16.8966946350565,834.158407592773));
#4577=CARTESIAN_POINT('Ctrl Pts',(29.5481339985322,-16.6352462163319,834.158407592773));
#4578=CARTESIAN_POINT('Ctrl Pts',(29.123036394491,-16.0759850523854,834.158407592773));
#4579=CARTESIAN_POINT('Ctrl Pts',(29.0849929284245,-15.3719003194954,834.158407592773));
#4580=CARTESIAN_POINT('Ctrl Pts',(29.0647343626641,-14.996967424654,834.158407592773));
#4581=CARTESIAN_POINT('',(29.7349251142166,-13.0733657973041,834.158407592773));
#4582=CARTESIAN_POINT('Ctrl Pts',(29.0647343626641,-14.996967424654,834.158407592773));
#4583=CARTESIAN_POINT('Ctrl Pts',(29.0831787076482,-14.6149395198512,834.158407592773));
#4584=CARTESIAN_POINT('Ctrl Pts',(29.1174746272406,-13.9045863836198,834.158407592773));
#4585=CARTESIAN_POINT('Ctrl Pts',(29.5397496100913,-13.3361138238998,834.158407592773));
#4586=CARTESIAN_POINT('Ctrl Pts',(29.7349251142166,-13.0733657973041,834.158407592773));
#4587=CARTESIAN_POINT('',(31.6124830475471,-12.3980585830439,834.158407592773));
#4588=CARTESIAN_POINT('Ctrl Pts',(29.7349251142166,-13.0733657973041,834.158407592773));
#4589=CARTESIAN_POINT('Ctrl Pts',(29.9926165517852,-12.8766350240502,834.158407592773));
#4590=CARTESIAN_POINT('Ctrl Pts',(30.5447652679091,-12.455105131947,834.158407592773));
#4591=CARTESIAN_POINT('Ctrl Pts',(31.241121075587,-12.4178998925155,834.158407592773));
#4592=CARTESIAN_POINT('Ctrl Pts',(31.6124830475471,-12.3980585830439,834.158407592773));
#4593=CARTESIAN_POINT('',(33.0500684013984,-12.6930795209635,834.158407592773));
#4594=CARTESIAN_POINT('Ctrl Pts',(31.6124830475471,-12.3980585830439,834.158407592773));
#4595=CARTESIAN_POINT('Ctrl Pts',(31.8820358586624,-12.4056611346714,834.158407592773));
#4596=CARTESIAN_POINT('Ctrl Pts',(32.3794264170679,-12.4196896932445,834.158407592773));
#4597=CARTESIAN_POINT('Ctrl Pts',(32.8393794945423,-12.6071913641025,834.158407592773));
#4598=CARTESIAN_POINT('Ctrl Pts',(33.0500684013984,-12.6930795209635,834.158407592773));
#4599=CARTESIAN_POINT('',(33.9231924048088,-13.545739461683,834.158407592773));
#4600=CARTESIAN_POINT('Ctrl Pts',(33.0500684013984,-12.6930795209635,834.158407592773));
#4601=CARTESIAN_POINT('Ctrl Pts',(33.2268223214811,-12.8025608113532,834.158407592773));
#4602=CARTESIAN_POINT('Ctrl Pts',(33.5810910396288,-13.0219946795774,834.158407592773));
#4603=CARTESIAN_POINT('Ctrl Pts',(33.8089954564148,-13.3709080756046,834.158407592773));
#4604=CARTESIAN_POINT('Ctrl Pts',(33.9231924048088,-13.545739461683,834.158407592773));
#4605=CARTESIAN_POINT('',(34.2352662315988,-14.935575832628,834.158407592773));
#4606=CARTESIAN_POINT('Ctrl Pts',(33.9231924048088,-13.545739461683,834.158407592773));
#4607=CARTESIAN_POINT('Ctrl Pts',(34.0140985147456,-13.7514851846854,834.158407592773));
#4608=CARTESIAN_POINT('Ctrl Pts',(34.2093642670581,-14.1934257034813,834.158407592773));
#4609=CARTESIAN_POINT('Ctrl Pts',(34.2262445671998,-14.6770846518405,834.158407592773));
#4610=CARTESIAN_POINT('Ctrl Pts',(34.2352662315988,-14.935575832628,834.158407592773));
#4611=CARTESIAN_POINT('Ctrl Pts',(34.2352662315988,-14.935575832628,834.158407592773));
#4612=CARTESIAN_POINT('Ctrl Pts',(34.2281886980283,-15.1963274205124,834.158407592773));
#4613=CARTESIAN_POINT('Ctrl Pts',(34.2151007347769,-15.6785161895218,834.158407592773));
#4614=CARTESIAN_POINT('Ctrl Pts',(34.0442743857345,-16.1288403471666,834.158407592773));
#4615=CARTESIAN_POINT('Ctrl Pts',(33.965825223031,-16.3356442349183,834.158407592773));
#4616=CARTESIAN_POINT('',(34.1499999991082,8.40429057057051,834.158407592773));
#4617=CARTESIAN_POINT('',(34.1499999991081,6.85585957641749,834.158407592773));
#4618=CARTESIAN_POINT('',(34.149999999109,14.5751454123214,834.158407592773));
#4619=CARTESIAN_POINT('',(29.1499999991081,6.85585957641808,834.158407592773));
#4620=CARTESIAN_POINT('',(-1.60000000089202,6.85585957642172,834.158407592773));
#4621=CARTESIAN_POINT('',(29.1499999991082,8.40429057057111,834.158407592773));
#4622=CARTESIAN_POINT('',(29.1499999991089,13.8009299152455,834.158407592773));
#4623=CARTESIAN_POINT('',(-4.10000000089184,8.40429057057504,834.158407592773));
#4624=CARTESIAN_POINT('',(-30.6784500718082,-15.765455840186,834.158407592773));
#4625=CARTESIAN_POINT('',(-33.5068772114556,-12.9370287005386,834.158407592773));
#4626=CARTESIAN_POINT('',(-41.4742015776454,-4.96970433434877,834.158407592773));
#4627=CARTESIAN_POINT('',(-32.0926636341813,-11.5228151530667,834.158407592773));
#4628=CARTESIAN_POINT('Origin',(-32.7997704153678,-12.2299219342532,834.158407592773));
#4629=CARTESIAN_POINT('',(-29.2642365094351,-14.3512422778129,834.158407592773));
#4630=CARTESIAN_POINT('',(-41.4742015776454,-2.14127720960258,834.158407592773));
#4631=CARTESIAN_POINT('Origin',(-29.9713432906217,-15.0583490589994,834.158407592773));
#4632=CARTESIAN_POINT('',(-8.05103307383868,-15.765455840186,834.158407592773));
#4633=CARTESIAN_POINT('',(-33.5068772114555,9.6903882974309,834.158407592773));
#4634=CARTESIAN_POINT('',(-24.5036388291683,0.687149915143635,834.158407592773));
#4635=CARTESIAN_POINT('',(-32.0926636341813,11.1046018449028,834.158407592773));
#4636=CARTESIAN_POINT('Origin',(-32.7997704153678,10.3974950637163,834.158407592773));
#4637=CARTESIAN_POINT('',(-6.63681951146559,-14.3512422778129,834.158407592773));
#4638=CARTESIAN_POINT('',(-35.817347328153,14.8292855388746,834.158407592773));
#4639=CARTESIAN_POINT('Origin',(-7.34392629265213,-15.0583490589994,834.158407592773));
#4640=CARTESIAN_POINT('',(-2.3941788243433,1.20510690829129,834.158407592773));
#4641=CARTESIAN_POINT('',(-16.5363144480717,15.3472425320249,834.158407592773));
#4642=CARTESIAN_POINT('',(-16.0183574549242,14.8292855388772,834.158407592773));
#4643=CARTESIAN_POINT('',(-15.1221008856983,16.7614560943977,834.158407592773));
#4644=CARTESIAN_POINT('Origin',(-15.829207666885,16.0543493132112,834.158407592773));
#4645=CARTESIAN_POINT('',(-0.97996524706879,2.61932045576297,834.158407592773));
#4646=CARTESIAN_POINT('',(-21.6752117044151,23.3145669131168,834.158407592773));
#4647=CARTESIAN_POINT('Origin',(-1.68707204315663,1.91221368947771,834.158407592773));
#4648=CARTESIAN_POINT('',(-2.39417882434227,6.86196115778367,834.158407592773));
#4649=CARTESIAN_POINT('',(-10.8794601985793,15.3472425320238,834.158407592773));
#4650=CARTESIAN_POINT('',(-14.6041438925503,19.0719262259962,834.158407592773));
#4651=CARTESIAN_POINT('',(-9.46524663620592,16.7614560943966,834.158407592773));
#4652=CARTESIAN_POINT('Origin',(-10.1723534173926,16.0543493132102,834.158407592773));
#4653=CARTESIAN_POINT('',(-0.979965261968916,8.27617472015651,834.158407592773));
#4654=CARTESIAN_POINT('',(-17.4325710172955,24.7287804754891,834.158407592773));
#4655=CARTESIAN_POINT('Origin',(-1.6870720431556,7.56906793897009,834.158407592773));
#4656=CARTESIAN_POINT('',(-2.39417882434636,-15.7654558401859,834.158407592773));
#4657=CARTESIAN_POINT('',(-33.5068771816504,15.3472425171239,834.158407592773));
#4658=CARTESIAN_POINT('',(-20.2609981420474,2.10136347751842,834.158407592773));
#4659=CARTESIAN_POINT('',(-32.0926636341784,16.761456094398,834.158407592773));
#4660=CARTESIAN_POINT('Origin',(-32.799770415365,16.0543493132115,834.158407592773));
#4661=CARTESIAN_POINT('',(-0.979965261973134,-14.351242277813,834.158407592773));
#4662=CARTESIAN_POINT('',(-34.4031337657768,19.0719262259969,834.158407592773));
#4663=CARTESIAN_POINT('Origin',(-1.68707204315975,-15.0583490589994,834.158407592773));
#4664=CARTESIAN_POINT('',(-25.0215958223158,-15.765455840186,834.158407592773));
#4665=CARTESIAN_POINT('',(-33.5068771965544,-7.28017446594742,834.158407592773));
#4666=CARTESIAN_POINT('',(-37.2315608905261,-3.55549077197566,834.158407592773));
#4667=CARTESIAN_POINT('',(-32.0926636341813,-5.86596090357431,834.158407592773));
#4668=CARTESIAN_POINT('Origin',(-32.7997704153678,-6.57306768476086,834.158407592773));
#4669=CARTESIAN_POINT('',(-23.6073822599427,-14.3512422778129,834.158407592773));
#4670=CARTESIAN_POINT('',(-40.0599880152723,2.10136347751671,834.158407592773));
#4671=CARTESIAN_POINT('Origin',(-24.3144890411293,-15.0583490589994,834.158407592773));
#4672=CARTESIAN_POINT('',(-13.7078873233311,-15.765455840186,834.158407592773));
#4673=CARTESIAN_POINT('',(-33.5068771965544,4.03353403303736,834.158407592773));
#4674=CARTESIAN_POINT('',(-28.7462795162876,-0.72706364722946,834.158407592773));
#4675=CARTESIAN_POINT('',(-32.0926636341813,5.44774759541046,834.158407592773));
#4676=CARTESIAN_POINT('Origin',(-32.7997704153678,4.74064081422391,834.158407592773));
#4677=CARTESIAN_POINT('',(-12.293673760958,-14.3512422778129,834.158407592773));
#4678=CARTESIAN_POINT('',(-37.2315608905261,10.5866448517553,834.158407592773));
#4679=CARTESIAN_POINT('Origin',(-13.0007805421445,-15.0583490589994,834.158407592773));
#4680=CARTESIAN_POINT('',(-2.39417882434436,-4.4517473412011,834.158407592773));
#4681=CARTESIAN_POINT('',(-22.193168697564,15.3472425320259,834.158407592773));
#4682=CARTESIAN_POINT('',(-17.4325710172981,10.5866448517582,834.158407592773));
#4683=CARTESIAN_POINT('',(-20.7789551351907,16.7614560943987,834.158407592773));
#4684=CARTESIAN_POINT('Origin',(-21.4860619163774,16.0543493132123,834.158407592773));
#4685=CARTESIAN_POINT('',(-0.97996527687216,-3.03753376392712,834.158407592773));
#4686=CARTESIAN_POINT('',(-25.9178523915346,21.9003533507445,834.158407592773));
#4687=CARTESIAN_POINT('Origin',(-1.68707204315768,-3.74464056001469,834.158407592773));
#4688=CARTESIAN_POINT('',(-2.39417882434123,12.518815407276,834.158407592773));
#4689=CARTESIAN_POINT('',(-5.2226059490869,15.3472425320228,834.158407592773));
#4690=CARTESIAN_POINT('',(-13.1899303301764,23.3145669131153,834.158407592773));
#4691=CARTESIAN_POINT('',(-3.80839238671354,16.7614560943956,834.158407592773));
#4692=CARTESIAN_POINT('Origin',(-4.51549916790022,16.0543493132092,834.158407592773));
#4693=CARTESIAN_POINT('',(-0.979965261967881,13.9330289696489,834.158407592773));
#4694=CARTESIAN_POINT('',(-13.1899303301759,26.1429940378615,834.158407592773));
#4695=CARTESIAN_POINT('Origin',(-1.68707204315456,13.2259221884625,834.158407592773));
#4696=CARTESIAN_POINT('',(-2.3941788243454,-10.1086015906935,834.158407592773));
#4697=CARTESIAN_POINT('',(-27.8500229470564,15.3472425320269,834.158407592773));
#4698=CARTESIAN_POINT('',(-18.846784579672,6.34400416463916,834.158407592773));
#4699=CARTESIAN_POINT('',(-26.4358093846831,16.7614560943997,834.158407592773));
#4700=CARTESIAN_POINT('Origin',(-27.1429161658697,16.0543493132133,834.158407592773));
#4701=CARTESIAN_POINT('',(-0.979965261972042,-8.69438802832065,834.158407592773));
#4702=CARTESIAN_POINT('',(-30.1604930786541,20.4861397883722,834.158407592773));
#4703=CARTESIAN_POINT('Origin',(-1.68707204315872,-9.40149480950706,834.158407592773));
#4704=CARTESIAN_POINT('',(-19.3647415728234,-15.765455840186,834.158407592773));
#4705=CARTESIAN_POINT('',(-33.5068771965543,-1.62332021645501,834.158407592773));
#4706=CARTESIAN_POINT('',(-32.9889202034068,-2.14127720960254,834.158407592773));
#4707=CARTESIAN_POINT('',(-32.0926636341813,-0.209106654081912,834.158407592773));
#4708=CARTESIAN_POINT('Origin',(-32.7997704153678,-0.91621343526846,834.158407592773));
#4709=CARTESIAN_POINT('',(-17.9505280104503,-14.3512422778129,834.158407592773));
#4710=CARTESIAN_POINT('',(-38.6457744528992,6.34400416463602,834.158407592773));
#4711=CARTESIAN_POINT('Origin',(-18.6576347916369,-15.0583490589994,834.158407592773));
#4712=CARTESIAN_POINT('Origin',(-37.3500000008903,21.6752895759618,833.087696914655));
#4713=CARTESIAN_POINT('',(-37.3500000008904,21.6045788978431,833.158407592773));
#4714=CARTESIAN_POINT('',(-37.3500000008904,21.6045788978431,833.158407592773));
#4715=CARTESIAN_POINT('',(-37.350000000891,16.3632895442208,838.399696946397));
#4716=CARTESIAN_POINT('Origin',(35.8999999991056,-15.1905125947109,828.093894934446));
#4717=CARTESIAN_POINT('',(35.649999999105,-20.6085786436306,833.158407592773));
#4718=CARTESIAN_POINT('',(35.6499999991051,-19.6085786436308,832.158407592773));
#4719=CARTESIAN_POINT('',(35.6499999991056,-15.3672892900075,827.91711823915));
#4720=CARTESIAN_POINT('',(24.5330148200753,-35.33036985651,832.158407592773));
#4721=CARTESIAN_POINT('',(36.1499999991051,-19.9014718624442,833.158407592773));
#4722=CARTESIAN_POINT('Origin',(35.8999999991057,-14.6905125947117,838.722920251101));
#4723=CARTESIAN_POINT('',(35.6499999991056,-14.8672892900083,838.899696946397));
#4724=CARTESIAN_POINT('Origin',(-37.3500000008949,-19.7499999998601,832.158407592773));
#4725=CARTESIAN_POINT('',(-37.3500000008949,-19.6085786436228,832.158407592773));
#4726=CARTESIAN_POINT('',(-37.3500000008949,-19.6085786436228,832.158407592773));
#4727=CARTESIAN_POINT('',(-37.3500000008905,20.6045788978434,832.158407592773));
#4728=CARTESIAN_POINT('',(-37.3500000008927,0.498000127110295,832.158407592773));
#4729=CARTESIAN_POINT('',(-37.3500000008905,20.6045788978433,832.158407592773));
#4730=CARTESIAN_POINT('',(-33.5068771965543,-1.62332021645501,832.158407592773));
#4731=CARTESIAN_POINT('',(-19.3647415728234,-15.765455840186,832.158407592773));
#4732=CARTESIAN_POINT('',(-22.8649201399228,-12.2652772730866,832.158407592773));
#4733=CARTESIAN_POINT('',(-17.9505280104503,-14.3512422778129,832.158407592773));
#4734=CARTESIAN_POINT('Origin',(-18.6576347916369,-15.0583490589994,832.158407592773));
#4735=CARTESIAN_POINT('',(-32.0926636341813,-0.209106654081912,832.158407592773));
#4736=CARTESIAN_POINT('',(-28.5217743894152,-3.77999589884805,832.158407592773));
#4737=CARTESIAN_POINT('Origin',(-32.7997704153678,-0.91621343526846,832.158407592773));
#4738=CARTESIAN_POINT('',(-27.8500229470564,15.3472425320269,832.158407592773));
#4739=CARTESIAN_POINT('',(-2.3941788243454,-10.1086015906935,832.158407592773));
#4740=CARTESIAN_POINT('',(-8.72278451618793,-3.77999589884862,832.158407592773));
#4741=CARTESIAN_POINT('',(-0.979965261972042,-8.69438802832065,832.158407592773));
#4742=CARTESIAN_POINT('Origin',(-1.68707204315872,-9.40149480950706,832.158407592773));
#4743=CARTESIAN_POINT('',(-26.4358093846831,16.7614560943997,832.158407592773));
#4744=CARTESIAN_POINT('',(-20.0364930151701,10.3621397248844,832.158407592773));
#4745=CARTESIAN_POINT('Origin',(-27.1429161658697,16.0543493132133,832.158407592773));
#4746=CARTESIAN_POINT('',(-5.2226059490869,15.3472425320228,832.158407592773));
#4747=CARTESIAN_POINT('',(-2.39417882434123,12.518815407276,832.158407592773));
#4748=CARTESIAN_POINT('',(-3.06593026669238,13.1905668496274,832.158407592773));
#4749=CARTESIAN_POINT('',(-0.979965261967881,13.9330289696489,832.158407592773));
#4750=CARTESIAN_POINT('Origin',(-1.68707204315456,13.2259221884625,832.158407592773));
#4751=CARTESIAN_POINT('',(-3.80839238671354,16.7614560943956,832.158407592773));
#4752=CARTESIAN_POINT('',(-3.06593026669187,16.0189939743737,832.158407592773));
#4753=CARTESIAN_POINT('Origin',(-4.51549916790022,16.0543493132092,832.158407592773));
#4754=CARTESIAN_POINT('',(-22.193168697564,15.3472425320259,832.158407592773));
#4755=CARTESIAN_POINT('',(-2.39417882434436,-4.4517473412011,832.158407592773));
#4756=CARTESIAN_POINT('',(-7.30857095381405,0.462644788270399,832.158407592773));
#4757=CARTESIAN_POINT('',(-0.979965276872159,-3.03753376392712,832.158407592773));
#4758=CARTESIAN_POINT('Origin',(-1.68707204315768,-3.74464056001469,832.158407592773));
#4759=CARTESIAN_POINT('',(-20.7789551351907,16.7614560943987,832.158407592773));
#4760=CARTESIAN_POINT('',(-15.7938523280505,11.7763532872567,832.158407592773));
#4761=CARTESIAN_POINT('Origin',(-21.4860619163774,16.0543493132123,832.158407592773));
#4762=CARTESIAN_POINT('',(-33.5068771965544,4.03353403303736,832.158407592773));
#4763=CARTESIAN_POINT('',(-13.7078873233311,-15.765455840186,832.158407592773));
#4764=CARTESIAN_POINT('',(-18.6222794528035,-10.8510637107135,832.158407592773));
#4765=CARTESIAN_POINT('',(-12.293673760958,-14.3512422778129,832.158407592773));
#4766=CARTESIAN_POINT('Origin',(-13.0007805421445,-15.0583490589994,832.158407592773));
#4767=CARTESIAN_POINT('',(-32.0926636341813,5.44774759541046,832.158407592773));
#4768=CARTESIAN_POINT('',(-27.1075608270421,0.462644788271239,832.158407592773));
#4769=CARTESIAN_POINT('Origin',(-32.7997704153678,4.74064081422391,832.158407592773));
#4770=CARTESIAN_POINT('',(-33.5068771965544,-7.28017446594742,832.158407592773));
#4771=CARTESIAN_POINT('',(-25.0215958223158,-15.765455840186,832.158407592773));
#4772=CARTESIAN_POINT('',(-27.1075608270421,-13.6794908354597,832.158407592773));
#4773=CARTESIAN_POINT('',(-23.6073822599427,-14.3512422778129,832.158407592773));
#4774=CARTESIAN_POINT('Origin',(-24.3144890411293,-15.0583490589994,832.158407592773));
#4775=CARTESIAN_POINT('',(-32.0926636341813,-5.86596090357431,832.158407592773));
#4776=CARTESIAN_POINT('',(-29.9359879517883,-8.02263658596734,832.158407592773));
#4777=CARTESIAN_POINT('Origin',(-32.7997704153678,-6.57306768476086,832.158407592773));
#4778=CARTESIAN_POINT('',(-33.5068771816504,15.3472425171239,832.158407592773));
#4779=CARTESIAN_POINT('',(-2.39417882434636,-15.7654558401859,832.158407592773));
#4780=CARTESIAN_POINT('',(-10.1369980785634,-8.0226365859675,832.158407592773));
#4781=CARTESIAN_POINT('',(-0.979965261973135,-14.351242277813,832.158407592773));
#4782=CARTESIAN_POINT('Origin',(-1.68707204315975,-15.0583490589994,832.158407592773));
#4783=CARTESIAN_POINT('',(-32.0926636341784,16.761456094398,832.158407592773));
#4784=CARTESIAN_POINT('',(-24.2791337022928,8.94792616251095,832.158407592773));
#4785=CARTESIAN_POINT('Origin',(-32.799770415365,16.0543493132115,832.158407592773));
#4786=CARTESIAN_POINT('',(-10.8794601985793,15.3472425320238,832.158407592773));
#4787=CARTESIAN_POINT('',(-2.39417882434227,6.86196115778367,832.158407592773));
#4788=CARTESIAN_POINT('',(-4.48014382906629,8.94792616250845,832.158407592773));
#4789=CARTESIAN_POINT('',(-0.979965261968916,8.27617472015651,832.158407592773));
#4790=CARTESIAN_POINT('Origin',(-1.6870720431556,7.56906793897009,832.158407592773));
#4791=CARTESIAN_POINT('',(-9.46524663620592,16.7614560943966,832.158407592773));
#4792=CARTESIAN_POINT('',(-7.30857095381142,14.6047804120014,832.158407592773));
#4793=CARTESIAN_POINT('Origin',(-10.1723534173926,16.0543493132102,832.158407592773));
#4794=CARTESIAN_POINT('',(-16.5363144480717,15.3472425320249,832.158407592773));
#4795=CARTESIAN_POINT('',(-2.3941788243433,1.20510690829129,832.158407592773));
#4796=CARTESIAN_POINT('',(-5.89435739144017,4.70528547538944,832.158407592773));
#4797=CARTESIAN_POINT('',(-0.97996524706879,2.61932045576297,832.158407592773));
#4798=CARTESIAN_POINT('Origin',(-1.68707204315663,1.91221368947771,832.158407592773));
#4799=CARTESIAN_POINT('',(-15.1221008856983,16.7614560943977,832.158407592773));
#4800=CARTESIAN_POINT('',(-11.551211640931,13.190566849629,832.158407592773));
#4801=CARTESIAN_POINT('Origin',(-15.829207666885,16.0543493132112,832.158407592773));
#4802=CARTESIAN_POINT('',(-33.5068772114555,9.6903882974309,832.158407592773));
#4803=CARTESIAN_POINT('',(-8.05103307383868,-15.765455840186,832.158407592773));
#4804=CARTESIAN_POINT('',(-14.3796387656842,-9.43685014834043,832.158407592773));
#4805=CARTESIAN_POINT('',(-6.63681951146558,-14.3512422778129,832.158407592773));
#4806=CARTESIAN_POINT('Origin',(-7.34392629265213,-15.0583490589994,832.158407592773));
#4807=CARTESIAN_POINT('',(-32.0926636341813,11.1046018449028,832.158407592773));
#4808=CARTESIAN_POINT('',(-25.693347264669,4.70528547539052,832.158407592773));
#4809=CARTESIAN_POINT('Origin',(-32.7997704153678,10.3974950637163,832.158407592773));
#4810=CARTESIAN_POINT('',(-33.5068772114556,-12.9370287005386,832.158407592773));
#4811=CARTESIAN_POINT('',(-30.6784500718082,-15.765455840186,832.158407592773));
#4812=CARTESIAN_POINT('',(-31.3502015141614,-15.0937043978328,832.158407592773));
#4813=CARTESIAN_POINT('',(-29.2642365094351,-14.3512422778129,832.158407592773));
#4814=CARTESIAN_POINT('Origin',(-29.9713432906217,-15.0583490589994,832.158407592773));
#4815=CARTESIAN_POINT('',(-32.0926636341813,-11.5228151530667,832.158407592773));
#4816=CARTESIAN_POINT('',(-31.3502015141614,-12.2652772730866,832.158407592773));
#4817=CARTESIAN_POINT('Origin',(-32.7997704153678,-12.2299219342532,832.158407592773));
#4818=CARTESIAN_POINT('Origin',(34.1499999991086,10.9759141939416,834.158407592773));
#4819=CARTESIAN_POINT('',(34.1499999991086,10.9759141939416,833.158407592774));
#4820=CARTESIAN_POINT('',(34.1499999991086,10.9759141939416,834.158407592773));
#4821=CARTESIAN_POINT('',(34.1499999991084,9.52298112834839,833.158407592774));
#4822=CARTESIAN_POINT('',(34.1499999991086,10.9759141939416,833.158407592774));
#4823=CARTESIAN_POINT('',(34.1499999991084,9.52298112834839,834.158407592773));
#4824=CARTESIAN_POINT('Origin',(31.4046470156338,10.975914193942,834.158407592773));
#4825=CARTESIAN_POINT('',(31.4046470156338,10.975914193942,833.158407592774));
#4826=CARTESIAN_POINT('',(31.4046470156338,10.975914193942,834.158407592773));
#4827=CARTESIAN_POINT('',(31.4046470156338,10.975914193942,833.158407592774));
#4828=CARTESIAN_POINT('Origin',(34.1499999991088,12.8483565586343,834.158407592773));
#4829=CARTESIAN_POINT('',(34.1499999991088,12.8483565586343,833.158407592774));
#4830=CARTESIAN_POINT('',(34.1499999991088,12.8483565586343,834.158407592773));
#4831=CARTESIAN_POINT('',(34.1499999991088,12.8483565586343,833.158407592774));
#4832=CARTESIAN_POINT('Origin',(34.1499999991089,14.3046997922197,834.158407592773));
#4833=CARTESIAN_POINT('',(34.1499999991089,14.3046997922197,833.158407592774));
#4834=CARTESIAN_POINT('',(34.1499999991089,14.3046997922197,834.158407592773));
#4835=CARTESIAN_POINT('',(34.1499999991089,14.3046997922197,833.158407592774));
#4836=CARTESIAN_POINT('Origin',(29.1499999991089,14.3046997922203,834.158407592773));
#4837=CARTESIAN_POINT('',(29.1499999991089,14.3046997922203,833.158407592774));
#4838=CARTESIAN_POINT('',(29.1499999991089,14.3046997922203,834.158407592773));
#4839=CARTESIAN_POINT('',(29.1499999991089,14.3046997922203,833.158407592774));
#4840=CARTESIAN_POINT('Origin',(29.1499999991088,12.8483565586349,834.158407592773));
#4841=CARTESIAN_POINT('',(29.1499999991088,12.8483565586349,833.158407592774));
#4842=CARTESIAN_POINT('',(29.1499999991088,12.8483565586349,834.158407592773));
#4843=CARTESIAN_POINT('',(29.1499999991088,12.8483565586349,833.158407592774));
#4844=CARTESIAN_POINT('Origin',(31.9162432184844,12.8483565586346,834.158407592773));
#4845=CARTESIAN_POINT('',(31.9162432184844,12.8483565586346,833.158407592774));
#4846=CARTESIAN_POINT('',(31.9162432184844,12.8483565586346,834.158407592773));
#4847=CARTESIAN_POINT('',(31.9162432184844,12.8483565586346,833.158407592774));
#4848=CARTESIAN_POINT('Origin',(29.1499999991085,10.9656823116085,834.158407592773));
#4849=CARTESIAN_POINT('',(29.1499999991085,10.9656823116085,833.158407592774));
#4850=CARTESIAN_POINT('',(29.1499999991085,10.9656823116085,834.158407592773));
#4851=CARTESIAN_POINT('',(29.1499999991085,10.9656823116085,833.158407592774));
#4852=CARTESIAN_POINT('Origin',(29.1499999991084,9.52298112834899,834.158407592773));
#4853=CARTESIAN_POINT('',(29.1499999991084,9.52298112834899,833.158407592774));
#4854=CARTESIAN_POINT('',(29.1499999991084,9.52298112834899,834.158407592773));
#4855=CARTESIAN_POINT('',(29.1499999991084,9.52298112834899,833.158407592774));
#4856=CARTESIAN_POINT('Origin',(34.1499999991084,9.52298112834839,834.158407592773));
#4857=CARTESIAN_POINT('',(34.1499999991084,9.52298112834839,833.158407592774));
#4858=CARTESIAN_POINT('Origin',(31.6499999991087,11.9138404602843,833.158407592774));
#4859=CARTESIAN_POINT('Origin',(30.3846521011012,-4.52288772632975,834.158407592773));
#4860=CARTESIAN_POINT('',(30.3846521011012,-4.52288772632975,833.158407592774));
#4861=CARTESIAN_POINT('',(30.3846521011012,-4.52288772632975,834.158407592773));
#4862=CARTESIAN_POINT('',(30.3846521011013,-6.09860401322741,833.158407592774));
#4863=CARTESIAN_POINT('',(30.3846521011012,-4.52288772632975,833.158407592774));
#4864=CARTESIAN_POINT('',(30.3846521011013,-6.09860401322741,834.158407592773));
#4865=CARTESIAN_POINT('Origin',(34.1499999991076,-4.52288772632952,834.158407592773));
#4866=CARTESIAN_POINT('',(34.1499999991076,-4.52288772632952,833.158407592774));
#4867=CARTESIAN_POINT('',(34.1499999991076,-4.52288772632952,834.158407592773));
#4868=CARTESIAN_POINT('',(34.1499999991076,-4.52288772632952,833.158407592774));
#4869=CARTESIAN_POINT('Origin',(34.1499999991075,-2.97786723544474,834.158407592773));
#4870=CARTESIAN_POINT('',(34.1499999991075,-2.97786723544474,833.158407592774));
#4871=CARTESIAN_POINT('',(34.1499999991075,-2.97786723544474,834.158407592773));
#4872=CARTESIAN_POINT('',(34.1499999991075,-2.97786723544474,833.158407592774));
#4873=CARTESIAN_POINT('Origin',(30.3846521011011,-2.97786723544497,834.158407592773));
#4874=CARTESIAN_POINT('',(30.3846521011011,-2.97786723544497,833.158407592774));
#4875=CARTESIAN_POINT('',(30.3846521011011,-2.97786723544497,834.158407592773));
#4876=CARTESIAN_POINT('',(30.3846521011011,-2.97786723544497,833.158407592774));
#4877=CARTESIAN_POINT('Origin',(30.384652101101,-1.40215109755892,834.158407592773));
#4878=CARTESIAN_POINT('',(30.384652101101,-1.40215109755892,833.158407592774));
#4879=CARTESIAN_POINT('',(30.384652101101,-1.40215109755892,834.158407592773));
#4880=CARTESIAN_POINT('',(30.384652101101,-1.40215109755892,833.158407592774));
#4881=CARTESIAN_POINT('Origin',(29.1499999991074,-1.40215109755899,834.158407592773));
#4882=CARTESIAN_POINT('',(29.1499999991074,-1.40215109755899,833.158407592774));
#4883=CARTESIAN_POINT('',(29.1499999991074,-1.40215109755899,834.158407592773));
#4884=CARTESIAN_POINT('',(29.1499999991074,-1.40215109755899,833.158407592774));
#4885=CARTESIAN_POINT('Origin',(29.1499999991077,-6.09860401322748,834.158407592773));
#4886=CARTESIAN_POINT('',(29.1499999991077,-6.09860401322748,833.158407592774));
#4887=CARTESIAN_POINT('',(29.1499999991077,-6.09860401322748,834.158407592773));
#4888=CARTESIAN_POINT('',(29.1499999991077,-6.09860401322748,833.158407592774));
#4889=CARTESIAN_POINT('Origin',(30.3846521011013,-6.09860401322741,834.158407592773));
#4890=CARTESIAN_POINT('',(30.3846521011013,-6.09860401322741,833.158407592774));
#4891=CARTESIAN_POINT('Origin',(31.6499999991075,-3.7503775553932,833.158407592774));
#4892=CARTESIAN_POINT('Ctrl Pts',(32.8422055473943,-8.53891800811175,834.158407592773));
#4893=CARTESIAN_POINT('Ctrl Pts',(32.8422055473943,-8.53891800811175,833.158407592774));
#4894=CARTESIAN_POINT('Ctrl Pts',(32.7543672984231,-8.47285829117556,834.158407592773));
#4895=CARTESIAN_POINT('Ctrl Pts',(32.7543672984231,-8.47285829117556,833.158407592774));
#4896=CARTESIAN_POINT('Ctrl Pts',(32.5649696506656,-8.33041971634304,834.158407592773));
#4897=CARTESIAN_POINT('Ctrl Pts',(32.5649696506656,-8.33041971634304,833.158407592774));
#4898=CARTESIAN_POINT('Ctrl Pts',(32.327302191588,-8.31850132882653,834.158407592773));
#4899=CARTESIAN_POINT('Ctrl Pts',(32.327302191588,-8.31850132882653,833.158407592774));
#4900=CARTESIAN_POINT('Ctrl Pts',(32.1998594036717,-8.31211041381247,834.158407592773));
#4901=CARTESIAN_POINT('Ctrl Pts',(32.1998594036717,-8.31211041381247,833.158407592774));
#4902=CARTESIAN_POINT('',(32.8422055473943,-8.53891800811175,833.158407592774));
#4903=CARTESIAN_POINT('',(32.8422055473943,-8.53891800811175,834.158407592773));
#4904=CARTESIAN_POINT('',(32.1998594036717,-8.31211041381247,833.158407592774));
#4905=CARTESIAN_POINT('Ctrl Pts',(32.8422055473943,-8.53891800811175,833.158407592774));
#4906=CARTESIAN_POINT('Ctrl Pts',(32.7543672984231,-8.47285829117556,833.158407592774));
#4907=CARTESIAN_POINT('Ctrl Pts',(32.5649696506656,-8.33041971634304,833.158407592774));
#4908=CARTESIAN_POINT('Ctrl Pts',(32.327302191588,-8.31850132882653,833.158407592774));
#4909=CARTESIAN_POINT('Ctrl Pts',(32.1998594036717,-8.31211041381247,833.158407592774));
#4910=CARTESIAN_POINT('',(32.1998594036717,-8.31211041381247,834.158407592773));
#4911=CARTESIAN_POINT('Ctrl Pts',(33.0688265791555,-9.16477065255525,834.158407592773));
#4912=CARTESIAN_POINT('Ctrl Pts',(33.0688265791555,-9.16477065255525,833.158407592774));
#4913=CARTESIAN_POINT('Ctrl Pts',(33.0619186345988,-9.04160130484142,834.158407592773));
#4914=CARTESIAN_POINT('Ctrl Pts',(33.0619186345988,-9.04160130484142,833.158407592774));
#4915=CARTESIAN_POINT('Ctrl Pts',(33.0488987343487,-8.80945517107486,834.158407592773));
#4916=CARTESIAN_POINT('Ctrl Pts',(33.0488987343487,-8.80945517107486,833.158407592774));
#4917=CARTESIAN_POINT('Ctrl Pts',(32.9082367575669,-8.62534512518486,834.158407592773));
#4918=CARTESIAN_POINT('Ctrl Pts',(32.9082367575669,-8.62534512518486,833.158407592774));
#4919=CARTESIAN_POINT('Ctrl Pts',(32.8422055473943,-8.53891800811175,834.158407592773));
#4920=CARTESIAN_POINT('Ctrl Pts',(32.8422055473943,-8.53891800811175,833.158407592774));
#4921=CARTESIAN_POINT('',(33.0688265791555,-9.16477065255525,833.158407592774));
#4922=CARTESIAN_POINT('',(33.0688265791555,-9.16477065255525,834.158407592773));
#4923=CARTESIAN_POINT('Ctrl Pts',(33.0688265791555,-9.16477065255525,833.158407592774));
#4924=CARTESIAN_POINT('Ctrl Pts',(33.0619186345988,-9.04160130484142,833.158407592774));
#4925=CARTESIAN_POINT('Ctrl Pts',(33.0488987343487,-8.80945517107486,833.158407592774));
#4926=CARTESIAN_POINT('Ctrl Pts',(32.9082367575669,-8.62534512518486,833.158407592774));
#4927=CARTESIAN_POINT('Ctrl Pts',(32.8422055473943,-8.53891800811175,833.158407592774));
#4928=CARTESIAN_POINT('Ctrl Pts',(32.8388217917105,-9.79403402378443,834.158407592773));
#4929=CARTESIAN_POINT('Ctrl Pts',(32.8388217917105,-9.79403402378443,833.158407592774));
#4930=CARTESIAN_POINT('Ctrl Pts',(32.905838093577,-9.70741016056291,834.158407592773));
#4931=CARTESIAN_POINT('Ctrl Pts',(32.905838093577,-9.70741016056291,833.158407592774));
#4932=CARTESIAN_POINT('Ctrl Pts',(33.0486632684268,-9.52279734149955,834.158407592773));
#4933=CARTESIAN_POINT('Ctrl Pts',(33.0486632684268,-9.52279734149955,833.158407592774));
#4934=CARTESIAN_POINT('Ctrl Pts',(33.061835180162,-9.28891234071319,834.158407592773));
#4935=CARTESIAN_POINT('Ctrl Pts',(33.061835180162,-9.28891234071319,833.158407592774));
#4936=CARTESIAN_POINT('Ctrl Pts',(33.0688265791555,-9.16477065255525,834.158407592773));
#4937=CARTESIAN_POINT('Ctrl Pts',(33.0688265791555,-9.16477065255525,833.158407592774));
#4938=CARTESIAN_POINT('',(32.8388217917105,-9.79403402378443,833.158407592774));
#4939=CARTESIAN_POINT('',(32.8388217917105,-9.79403402378443,834.158407592773));
#4940=CARTESIAN_POINT('Ctrl Pts',(32.8388217917105,-9.79403402378443,833.158407592774));
#4941=CARTESIAN_POINT('Ctrl Pts',(32.905838093577,-9.70741016056291,833.158407592774));
#4942=CARTESIAN_POINT('Ctrl Pts',(33.0486632684268,-9.52279734149955,833.158407592774));
#4943=CARTESIAN_POINT('Ctrl Pts',(33.061835180162,-9.28891234071319,833.158407592774));
#4944=CARTESIAN_POINT('Ctrl Pts',(33.0688265791555,-9.16477065255525,833.158407592774));
#4945=CARTESIAN_POINT('Ctrl Pts',(32.1998594036718,-10.0208417670954,834.158407592773));
#4946=CARTESIAN_POINT('Ctrl Pts',(32.1998594036718,-10.0208417670954,833.158407592774));
#4947=CARTESIAN_POINT('Ctrl Pts',(32.3257790229967,-10.0141381503869,834.158407592773));
#4948=CARTESIAN_POINT('Ctrl Pts',(32.3257790229967,-10.0141381503869,833.158407592774));
#4949=CARTESIAN_POINT('Ctrl Pts',(32.5620868006424,-10.0015577695451,834.158407592773));
#4950=CARTESIAN_POINT('Ctrl Pts',(32.5620868006424,-10.0015577695451,833.158407592774));
#4951=CARTESIAN_POINT('Ctrl Pts',(32.7507092330161,-9.86010968757466,834.158407592773));
#4952=CARTESIAN_POINT('Ctrl Pts',(32.7507092330161,-9.86010968757466,833.158407592774));
#4953=CARTESIAN_POINT('Ctrl Pts',(32.8388217917105,-9.79403402378443,834.158407592773));
#4954=CARTESIAN_POINT('Ctrl Pts',(32.8388217917105,-9.79403402378443,833.158407592774));
#4955=CARTESIAN_POINT('',(32.1998594036718,-10.0208417670954,833.158407592774));
#4956=CARTESIAN_POINT('',(32.1998594036718,-10.0208417670954,834.158407592773));
#4957=CARTESIAN_POINT('Ctrl Pts',(32.1998594036718,-10.0208417670954,833.158407592774));
#4958=CARTESIAN_POINT('Ctrl Pts',(32.3257790229967,-10.0141381503869,833.158407592774));
#4959=CARTESIAN_POINT('Ctrl Pts',(32.5620868006424,-10.0015577695451,833.158407592774));
#4960=CARTESIAN_POINT('Ctrl Pts',(32.7507092330161,-9.86010968757466,833.158407592774));
#4961=CARTESIAN_POINT('Ctrl Pts',(32.8388217917105,-9.79403402378443,833.158407592774));
#4962=CARTESIAN_POINT('Origin',(29.1499999991079,-10.0208417670956,834.158407592773));
#4963=CARTESIAN_POINT('',(29.1499999991079,-10.0208417670956,833.158407592774));
#4964=CARTESIAN_POINT('',(29.1499999991079,-10.0208417670956,834.158407592773));
#4965=CARTESIAN_POINT('',(29.1499999991079,-10.0208417670956,833.158407592774));
#4966=CARTESIAN_POINT('Origin',(29.149999999108,-11.5624514939418,834.158407592773));
#4967=CARTESIAN_POINT('',(29.149999999108,-11.5624514939418,833.158407592774));
#4968=CARTESIAN_POINT('',(29.149999999108,-11.5624514939418,834.158407592773));
#4969=CARTESIAN_POINT('',(29.149999999108,-11.5624514939418,833.158407592774));
#4970=CARTESIAN_POINT('Origin',(32.1289286842963,-11.5624514939416,834.158407592773));
#4971=CARTESIAN_POINT('',(32.1289286842963,-11.5624514939416,833.158407592774));
#4972=CARTESIAN_POINT('',(32.1289286842963,-11.5624514939416,834.158407592773));
#4973=CARTESIAN_POINT('',(32.1289286842963,-11.5624514939416,833.158407592774));
#4974=CARTESIAN_POINT('Ctrl Pts',(32.9741815558097,-11.4192045824755,834.158407592773));
#4975=CARTESIAN_POINT('Ctrl Pts',(32.9741815558097,-11.4192045824755,833.158407592774));
#4976=CARTESIAN_POINT('Ctrl Pts',(32.8251808974795,-11.4609097268186,834.158407592773));
#4977=CARTESIAN_POINT('Ctrl Pts',(32.8251808974795,-11.4609097268186,833.158407592774));
#4978=CARTESIAN_POINT('Ctrl Pts',(32.5483032158344,-11.5384075299008,834.158407592773));
#4979=CARTESIAN_POINT('Ctrl Pts',(32.5483032158344,-11.5384075299008,833.158407592774));
#4980=CARTESIAN_POINT('Ctrl Pts',(32.2614246530645,-11.5548551139303,834.158407592773));
#4981=CARTESIAN_POINT('Ctrl Pts',(32.2614246530645,-11.5548551139303,833.158407592774));
#4982=CARTESIAN_POINT('Ctrl Pts',(32.1289286842963,-11.5624514939416,834.158407592773));
#4983=CARTESIAN_POINT('Ctrl Pts',(32.1289286842963,-11.5624514939416,833.158407592774));
#4984=CARTESIAN_POINT('',(32.9741815558097,-11.4192045824755,833.158407592774));
#4985=CARTESIAN_POINT('',(32.9741815558097,-11.4192045824755,834.158407592773));
#4986=CARTESIAN_POINT('Ctrl Pts',(32.9741815558097,-11.4192045824755,833.158407592774));
#4987=CARTESIAN_POINT('Ctrl Pts',(32.8251808974795,-11.4609097268186,833.158407592774));
#4988=CARTESIAN_POINT('Ctrl Pts',(32.5483032158344,-11.5384075299008,833.158407592774));
#4989=CARTESIAN_POINT('Ctrl Pts',(32.2614246530645,-11.5548551139303,833.158407592774));
#4990=CARTESIAN_POINT('Ctrl Pts',(32.1289286842963,-11.5624514939416,833.158407592774));
#4991=CARTESIAN_POINT('Ctrl Pts',(33.5501799812934,-11.0900777178037,834.158407592773));
#4992=CARTESIAN_POINT('Ctrl Pts',(33.5501799812934,-11.0900777178037,833.158407592774));
#4993=CARTESIAN_POINT('Ctrl Pts',(33.4587451462134,-11.1631473244304,834.158407592773));
#4994=CARTESIAN_POINT('Ctrl Pts',(33.4587451462134,-11.1631473244304,833.158407592774));
#4995=CARTESIAN_POINT('Ctrl Pts',(33.2837677721504,-11.3029794560264,834.158407592773));
#4996=CARTESIAN_POINT('Ctrl Pts',(33.2837677721504,-11.3029794560264,833.158407592774));
#4997=CARTESIAN_POINT('Ctrl Pts',(33.0742265320072,-11.3816456105465,834.158407592773));
#4998=CARTESIAN_POINT('Ctrl Pts',(33.0742265320072,-11.3816456105465,833.158407592774));
#4999=CARTESIAN_POINT('Ctrl Pts',(32.9741815558097,-11.4192045824755,834.158407592773));
#5000=CARTESIAN_POINT('Ctrl Pts',(32.9741815558097,-11.4192045824755,833.158407592774));
#5001=CARTESIAN_POINT('',(33.5501799812934,-11.0900777178037,833.158407592774));
#5002=CARTESIAN_POINT('',(33.5501799812934,-11.0900777178037,834.158407592773));
#5003=CARTESIAN_POINT('Ctrl Pts',(33.5501799812934,-11.0900777178037,833.158407592774));
#5004=CARTESIAN_POINT('Ctrl Pts',(33.4587451462134,-11.1631473244304,833.158407592774));
#5005=CARTESIAN_POINT('Ctrl Pts',(33.2837677721504,-11.3029794560264,833.158407592774));
#5006=CARTESIAN_POINT('Ctrl Pts',(33.0742265320072,-11.3816456105465,833.158407592774));
#5007=CARTESIAN_POINT('Ctrl Pts',(32.9741815558097,-11.4192045824755,833.158407592774));
#5008=CARTESIAN_POINT('Ctrl Pts',(33.9813331595084,-10.5597230391729,834.158407592773));
#5009=CARTESIAN_POINT('Ctrl Pts',(33.9813331595084,-10.5597230391729,833.158407592774));
#5010=CARTESIAN_POINT('Ctrl Pts',(33.924099994146,-10.6554481076104,834.158407592773));
#5011=CARTESIAN_POINT('Ctrl Pts',(33.924099994146,-10.6554481076104,833.158407592774));
#5012=CARTESIAN_POINT('Ctrl Pts',(33.8060164639558,-10.8529481748747,834.158407592773));
#5013=CARTESIAN_POINT('Ctrl Pts',(33.8060164639558,-10.8529481748747,833.158407592774));
#5014=CARTESIAN_POINT('Ctrl Pts',(33.6371827445469,-11.0094366564931,834.158407592773));
#5015=CARTESIAN_POINT('Ctrl Pts',(33.6371827445469,-11.0094366564931,833.158407592774));
#5016=CARTESIAN_POINT('Ctrl Pts',(33.5501799812934,-11.0900777178037,834.158407592773));
#5017=CARTESIAN_POINT('Ctrl Pts',(33.5501799812934,-11.0900777178037,833.158407592774));
#5018=CARTESIAN_POINT('',(33.9813331595084,-10.5597230391729,833.158407592774));
#5019=CARTESIAN_POINT('',(33.9813331595084,-10.5597230391729,834.158407592773));
#5020=CARTESIAN_POINT('Ctrl Pts',(33.9813331595084,-10.5597230391729,833.158407592774));
#5021=CARTESIAN_POINT('Ctrl Pts',(33.924099994146,-10.6554481076104,833.158407592774));
#5022=CARTESIAN_POINT('Ctrl Pts',(33.8060164639558,-10.8529481748747,833.158407592774));
#5023=CARTESIAN_POINT('Ctrl Pts',(33.6371827445469,-11.0094366564931,833.158407592774));
#5024=CARTESIAN_POINT('Ctrl Pts',(33.5501799812934,-11.0900777178037,833.158407592774));
#5025=CARTESIAN_POINT('Ctrl Pts',(34.184133194985,-9.83837242891665,834.158407592773));
#5026=CARTESIAN_POINT('Ctrl Pts',(34.184133194985,-9.83837242891665,833.158407592774));
#5027=CARTESIAN_POINT('Ctrl Pts',(34.1649612294815,-9.97219406580851,834.158407592773));
#5028=CARTESIAN_POINT('Ctrl Pts',(34.1649612294815,-9.97219406580851,833.158407592774));
#5029=CARTESIAN_POINT('Ctrl Pts',(34.1291985397025,-10.2218200984141,834.158407592773));
#5030=CARTESIAN_POINT('Ctrl Pts',(34.1291985397025,-10.2218200984141,833.158407592774));
#5031=CARTESIAN_POINT('Ctrl Pts',(34.0281914933344,-10.4526420660737,834.158407592773));
#5032=CARTESIAN_POINT('Ctrl Pts',(34.0281914933344,-10.4526420660737,833.158407592774));
#5033=CARTESIAN_POINT('Ctrl Pts',(33.9813331595084,-10.5597230391729,834.158407592773));
#5034=CARTESIAN_POINT('Ctrl Pts',(33.9813331595084,-10.5597230391729,833.158407592774));
#5035=CARTESIAN_POINT('',(34.184133194985,-9.83837242891665,833.158407592774));
#5036=CARTESIAN_POINT('',(34.184133194985,-9.83837242891665,834.158407592773));
#5037=CARTESIAN_POINT('Ctrl Pts',(34.184133194985,-9.83837242891665,833.158407592774));
#5038=CARTESIAN_POINT('Ctrl Pts',(34.1649612294815,-9.97219406580851,833.158407592774));
#5039=CARTESIAN_POINT('Ctrl Pts',(34.1291985397025,-10.2218200984141,833.158407592774));
#5040=CARTESIAN_POINT('Ctrl Pts',(34.0281914933344,-10.4526420660737,833.158407592774));
#5041=CARTESIAN_POINT('Ctrl Pts',(33.9813331595084,-10.5597230391729,833.158407592774));
#5042=CARTESIAN_POINT('Ctrl Pts',(34.2352662315984,-9.04198776652689,834.158407592773));
#5043=CARTESIAN_POINT('Ctrl Pts',(34.2352662315984,-9.04198776652689,833.158407592774));
#5044=CARTESIAN_POINT('Ctrl Pts',(34.2327873354925,-9.16928837143653,834.158407592773));
#5045=CARTESIAN_POINT('Ctrl Pts',(34.2327873354925,-9.16928837143653,833.158407592774));
#5046=CARTESIAN_POINT('Ctrl Pts',(34.2276035300726,-9.43549620649771,834.158407592773));
#5047=CARTESIAN_POINT('Ctrl Pts',(34.2276035300726,-9.43549620649771,833.158407592774));
#5048=CARTESIAN_POINT('Ctrl Pts',(34.1990384511932,-9.70023286078988,834.158407592773));
#5049=CARTESIAN_POINT('Ctrl Pts',(34.1990384511932,-9.70023286078988,833.158407592774));
#5050=CARTESIAN_POINT('Ctrl Pts',(34.184133194985,-9.83837242891665,834.158407592773));
#5051=CARTESIAN_POINT('Ctrl Pts',(34.184133194985,-9.83837242891665,833.158407592774));
#5052=CARTESIAN_POINT('',(34.2352662315984,-9.04198776652689,833.158407592774));
#5053=CARTESIAN_POINT('',(34.2352662315984,-9.04198776652689,834.158407592773));
#5054=CARTESIAN_POINT('Ctrl Pts',(34.2352662315984,-9.04198776652689,833.158407592774));
#5055=CARTESIAN_POINT('Ctrl Pts',(34.2327873354925,-9.16928837143653,833.158407592774));
#5056=CARTESIAN_POINT('Ctrl Pts',(34.2276035300726,-9.43549620649771,833.158407592774));
#5057=CARTESIAN_POINT('Ctrl Pts',(34.1990384511932,-9.70023286078988,833.158407592774));
#5058=CARTESIAN_POINT('Ctrl Pts',(34.184133194985,-9.83837242891665,833.158407592774));
#5059=CARTESIAN_POINT('Ctrl Pts',(34.0682510367055,-7.96081434657451,834.158407592773));
#5060=CARTESIAN_POINT('Ctrl Pts',(34.0682510367055,-7.96081434657451,833.158407592774));
#5061=CARTESIAN_POINT('Ctrl Pts',(34.1169010960861,-8.12483750342428,834.158407592773));
#5062=CARTESIAN_POINT('Ctrl Pts',(34.1169010960861,-8.12483750342428,833.158407592774));
#5063=CARTESIAN_POINT('Ctrl Pts',(34.2214634351068,-8.47736831535187,834.158407592773));
#5064=CARTESIAN_POINT('Ctrl Pts',(34.2214634351068,-8.47736831535187,833.158407592774));
#5065=CARTESIAN_POINT('Ctrl Pts',(34.2304570859298,-8.84526406711706,834.158407592773));
#5066=CARTESIAN_POINT('Ctrl Pts',(34.2304570859298,-8.84526406711706,833.158407592774));
#5067=CARTESIAN_POINT('Ctrl Pts',(34.2352662315984,-9.04198776652689,834.158407592773));
#5068=CARTESIAN_POINT('Ctrl Pts',(34.2352662315984,-9.04198776652689,833.158407592774));
#5069=CARTESIAN_POINT('',(34.0682510367055,-7.96081434657451,833.158407592774));
#5070=CARTESIAN_POINT('',(34.0682510367055,-7.96081434657451,834.158407592773));
#5071=CARTESIAN_POINT('Ctrl Pts',(34.0682510367055,-7.96081434657451,833.158407592774));
#5072=CARTESIAN_POINT('Ctrl Pts',(34.1169010960861,-8.12483750342428,833.158407592774));
#5073=CARTESIAN_POINT('Ctrl Pts',(34.2214634351068,-8.47736831535187,833.158407592774));
#5074=CARTESIAN_POINT('Ctrl Pts',(34.2304570859298,-8.84526406711706,833.158407592774));
#5075=CARTESIAN_POINT('Ctrl Pts',(34.2352662315984,-9.04198776652689,833.158407592774));
#5076=CARTESIAN_POINT('Ctrl Pts',(33.6541513434071,-7.34178315570234,834.158407592773));
#5077=CARTESIAN_POINT('Ctrl Pts',(33.6541513434071,-7.34178315570234,833.158407592774));
#5078=CARTESIAN_POINT('Ctrl Pts',(33.7440084023972,-7.43843283255337,834.158407592773));
#5079=CARTESIAN_POINT('Ctrl Pts',(33.7440084023972,-7.43843283255337,833.158407592774));
#5080=CARTESIAN_POINT('Ctrl Pts',(33.915363709329,-7.62274150265453,834.158407592773));
#5081=CARTESIAN_POINT('Ctrl Pts',(33.915363709329,-7.62274150265453,833.158407592774));
#5082=CARTESIAN_POINT('Ctrl Pts',(34.018973306282,-7.85184872625753,834.158407592773));
#5083=CARTESIAN_POINT('Ctrl Pts',(34.018973306282,-7.85184872625753,833.158407592774));
#5084=CARTESIAN_POINT('Ctrl Pts',(34.0682510367055,-7.96081434657451,834.158407592773));
#5085=CARTESIAN_POINT('Ctrl Pts',(34.0682510367055,-7.96081434657451,833.158407592774));
#5086=CARTESIAN_POINT('',(33.6541513434071,-7.34178315570234,833.158407592774));
#5087=CARTESIAN_POINT('',(33.6541513434071,-7.34178315570234,834.158407592773));
#5088=CARTESIAN_POINT('Ctrl Pts',(33.6541513434071,-7.34178315570234,833.158407592774));
#5089=CARTESIAN_POINT('Ctrl Pts',(33.7440084023972,-7.43843283255337,833.158407592774));
#5090=CARTESIAN_POINT('Ctrl Pts',(33.915363709329,-7.62274150265453,833.158407592774));
#5091=CARTESIAN_POINT('Ctrl Pts',(34.018973306282,-7.85184872625753,833.158407592774));
#5092=CARTESIAN_POINT('Ctrl Pts',(34.0682510367055,-7.96081434657451,833.158407592774));
#5093=CARTESIAN_POINT('Ctrl Pts',(32.9656551113743,-6.90863173177126,834.158407592773));
#5094=CARTESIAN_POINT('Ctrl Pts',(32.9656551113743,-6.90863173177126,833.158407592774));
#5095=CARTESIAN_POINT('Ctrl Pts',(33.0927548465221,-6.96120929260572,834.158407592773));
#5096=CARTESIAN_POINT('Ctrl Pts',(33.0927548465221,-6.96120929260572,833.158407592774));
#5097=CARTESIAN_POINT('Ctrl Pts',(33.3469380429442,-7.06635768223403,834.158407592773));
#5098=CARTESIAN_POINT('Ctrl Pts',(33.3469380429442,-7.06635768223403,833.158407592774));
#5099=CARTESIAN_POINT('Ctrl Pts',(33.5517512809201,-7.24997858327279,834.158407592773));
#5100=CARTESIAN_POINT('Ctrl Pts',(33.5517512809201,-7.24997858327279,833.158407592774));
#5101=CARTESIAN_POINT('Ctrl Pts',(33.6541513434071,-7.34178315570234,834.158407592773));
#5102=CARTESIAN_POINT('Ctrl Pts',(33.6541513434071,-7.34178315570234,833.158407592774));
#5103=CARTESIAN_POINT('',(32.9656551113743,-6.90863173177126,833.158407592774));
#5104=CARTESIAN_POINT('',(32.9656551113743,-6.90863173177126,834.158407592773));
#5105=CARTESIAN_POINT('Ctrl Pts',(32.9656551113743,-6.90863173177126,833.158407592774));
#5106=CARTESIAN_POINT('Ctrl Pts',(33.0927548465221,-6.96120929260572,833.158407592774));
#5107=CARTESIAN_POINT('Ctrl Pts',(33.3469380429442,-7.06635768223403,833.158407592774));
#5108=CARTESIAN_POINT('Ctrl Pts',(33.5517512809201,-7.24997858327279,833.158407592774));
#5109=CARTESIAN_POINT('Ctrl Pts',(33.6541513434071,-7.34178315570234,833.158407592774));
#5110=CARTESIAN_POINT('Ctrl Pts',(32.128928684296,-6.77050035169013,834.158407592773));
#5111=CARTESIAN_POINT('Ctrl Pts',(32.128928684296,-6.77050035169013,833.158407592774));
#5112=CARTESIAN_POINT('Ctrl Pts',(32.2735178988645,-6.77589377576246,834.158407592773));
#5113=CARTESIAN_POINT('Ctrl Pts',(32.2735178988645,-6.77589377576246,833.158407592774));
#5114=CARTESIAN_POINT('Ctrl Pts',(32.558321638737,-6.78651744054342,834.158407592773));
#5115=CARTESIAN_POINT('Ctrl Pts',(32.558321638737,-6.78651744054342,833.158407592774));
#5116=CARTESIAN_POINT('Ctrl Pts',(32.8312748407228,-6.86834593988833,834.158407592773));
#5117=CARTESIAN_POINT('Ctrl Pts',(32.8312748407228,-6.86834593988833,833.158407592774));
#5118=CARTESIAN_POINT('Ctrl Pts',(32.9656551113743,-6.90863173177126,834.158407592773));
#5119=CARTESIAN_POINT('Ctrl Pts',(32.9656551113743,-6.90863173177126,833.158407592774));
#5120=CARTESIAN_POINT('',(32.128928684296,-6.77050035169013,833.158407592774));
#5121=CARTESIAN_POINT('',(32.128928684296,-6.77050035169013,834.158407592773));
#5122=CARTESIAN_POINT('Ctrl Pts',(32.128928684296,-6.77050035169013,833.158407592774));
#5123=CARTESIAN_POINT('Ctrl Pts',(32.2735178988645,-6.77589377576246,833.158407592774));
#5124=CARTESIAN_POINT('Ctrl Pts',(32.558321638737,-6.78651744054342,833.158407592774));
#5125=CARTESIAN_POINT('Ctrl Pts',(32.8312748407228,-6.86834593988833,833.158407592774));
#5126=CARTESIAN_POINT('Ctrl Pts',(32.9656551113743,-6.90863173177126,833.158407592774));
#5127=CARTESIAN_POINT('Origin',(29.1499999991077,-6.77050035169031,834.158407592773));
#5128=CARTESIAN_POINT('',(29.1499999991077,-6.77050035169031,833.158407592774));
#5129=CARTESIAN_POINT('',(29.1499999991077,-6.77050035169031,834.158407592773));
#5130=CARTESIAN_POINT('',(29.1499999991077,-6.77050035169031,833.158407592774));
#5131=CARTESIAN_POINT('Origin',(29.1499999991078,-8.31211041381266,834.158407592773));
#5132=CARTESIAN_POINT('',(29.1499999991078,-8.31211041381266,833.158407592774));
#5133=CARTESIAN_POINT('',(29.1499999991078,-8.31211041381266,834.158407592773));
#5134=CARTESIAN_POINT('',(29.1499999991078,-8.31211041381266,833.158407592774));
#5135=CARTESIAN_POINT('Origin',(32.1998594036717,-8.31211041381247,834.158407592773));
#5136=CARTESIAN_POINT('',(32.1998594036717,-8.31211041381247,833.158407592774));
#5137=CARTESIAN_POINT('Origin',(31.6926331153531,-9.16647592281597,833.158407592774));
#5138=CARTESIAN_POINT('Ctrl Pts',(30.2345839968347,-15.000378002428,834.158407592773));
#5139=CARTESIAN_POINT('Ctrl Pts',(30.2345839968347,-15.000378002428,833.158407592774));
#5140=CARTESIAN_POINT('Ctrl Pts',(30.2472145958837,-15.1474528464327,834.158407592773));
#5141=CARTESIAN_POINT('Ctrl Pts',(30.2472145958837,-15.1474528464327,833.158407592774));
#5142=CARTESIAN_POINT('Ctrl Pts',(30.2719732204754,-15.4357504034557,834.158407592773));
#5143=CARTESIAN_POINT('Ctrl Pts',(30.2719732204754,-15.4357504034557,833.158407592774));
#5144=CARTESIAN_POINT('Ctrl Pts',(30.4689346415804,-15.647160010399,834.158407592773));
#5145=CARTESIAN_POINT('Ctrl Pts',(30.4689346415804,-15.647160010399,833.158407592774));
#5146=CARTESIAN_POINT('Ctrl Pts',(30.5654162994051,-15.75071911981,834.158407592773));
#5147=CARTESIAN_POINT('Ctrl Pts',(30.5654162994051,-15.75071911981,833.158407592774));
#5148=CARTESIAN_POINT('',(30.2345839968347,-15.000378002428,834.158407592773));
#5149=CARTESIAN_POINT('',(30.5654162994051,-15.75071911981,834.158407592773));
#5150=CARTESIAN_POINT('Ctrl Pts',(30.2345839968347,-15.000378002428,834.158407592773));
#5151=CARTESIAN_POINT('Ctrl Pts',(30.2472145958837,-15.1474528464327,834.158407592773));
#5152=CARTESIAN_POINT('Ctrl Pts',(30.2719732204754,-15.4357504034557,834.158407592773));
#5153=CARTESIAN_POINT('Ctrl Pts',(30.4689346415804,-15.647160010399,834.158407592773));
#5154=CARTESIAN_POINT('Ctrl Pts',(30.5654162994051,-15.75071911981,834.158407592773));
#5155=CARTESIAN_POINT('',(30.2345839968347,-15.000378002428,833.158407592774));
#5156=CARTESIAN_POINT('',(30.2345839968347,-15.000378002428,834.158407592773));
#5157=CARTESIAN_POINT('',(30.5654162994051,-15.75071911981,833.158407592774));
#5158=CARTESIAN_POINT('Ctrl Pts',(30.2345839968347,-15.000378002428,833.158407592774));
#5159=CARTESIAN_POINT('Ctrl Pts',(30.2472145958837,-15.1474528464327,833.158407592774));
#5160=CARTESIAN_POINT('Ctrl Pts',(30.2719732204754,-15.4357504034557,833.158407592774));
#5161=CARTESIAN_POINT('Ctrl Pts',(30.4689346415804,-15.647160010399,833.158407592774));
#5162=CARTESIAN_POINT('Ctrl Pts',(30.5654162994051,-15.75071911981,833.158407592774));
#5163=CARTESIAN_POINT('',(30.5654162994051,-15.75071911981,834.158407592773));
#5164=CARTESIAN_POINT('Ctrl Pts',(30.5603004327439,-14.2278678314914,834.158407592773));
#5165=CARTESIAN_POINT('Ctrl Pts',(30.5603004327439,-14.2278678314914,833.158407592774));
#5166=CARTESIAN_POINT('Ctrl Pts',(30.465330708984,-14.3338751274415,834.158407592773));
#5167=CARTESIAN_POINT('Ctrl Pts',(30.465330708984,-14.3338751274415,833.158407592774));
#5168=CARTESIAN_POINT('Ctrl Pts',(30.2686458098031,-14.5534191409537,834.158407592773));
#5169=CARTESIAN_POINT('Ctrl Pts',(30.2686458098031,-14.5534191409537,833.158407592774));
#5170=CARTESIAN_POINT('Ctrl Pts',(30.2461945947404,-14.8480238213458,834.158407592773));
#5171=CARTESIAN_POINT('Ctrl Pts',(30.2461945947404,-14.8480238213458,833.158407592774));
#5172=CARTESIAN_POINT('Ctrl Pts',(30.2345839968347,-15.000378002428,834.158407592773));
#5173=CARTESIAN_POINT('Ctrl Pts',(30.2345839968347,-15.000378002428,833.158407592774));
#5174=CARTESIAN_POINT('',(30.5603004327439,-14.2278678314914,834.158407592773));
#5175=CARTESIAN_POINT('Ctrl Pts',(30.5603004327439,-14.2278678314914,834.158407592773));
#5176=CARTESIAN_POINT('Ctrl Pts',(30.465330708984,-14.3338751274415,834.158407592773));
#5177=CARTESIAN_POINT('Ctrl Pts',(30.2686458098031,-14.5534191409537,834.158407592773));
#5178=CARTESIAN_POINT('Ctrl Pts',(30.2461945947404,-14.8480238213458,834.158407592773));
#5179=CARTESIAN_POINT('Ctrl Pts',(30.2345839968347,-15.000378002428,834.158407592773));
#5180=CARTESIAN_POINT('',(30.5603004327439,-14.2278678314914,833.158407592774));
#5181=CARTESIAN_POINT('',(30.5603004327439,-14.2278678314914,834.158407592773));
#5182=CARTESIAN_POINT('Ctrl Pts',(30.5603004327439,-14.2278678314914,833.158407592774));
#5183=CARTESIAN_POINT('Ctrl Pts',(30.465330708984,-14.3338751274415,833.158407592774));
#5184=CARTESIAN_POINT('Ctrl Pts',(30.2686458098031,-14.5534191409537,833.158407592774));
#5185=CARTESIAN_POINT('Ctrl Pts',(30.2461945947404,-14.8480238213458,833.158407592774));
#5186=CARTESIAN_POINT('Ctrl Pts',(30.2345839968347,-15.000378002428,833.158407592774));
#5187=CARTESIAN_POINT('Ctrl Pts',(31.5920189848565,-13.9430792229403,834.158407592773));
#5188=CARTESIAN_POINT('Ctrl Pts',(31.5920189848565,-13.9430792229403,833.158407592774));
#5189=CARTESIAN_POINT('Ctrl Pts',(31.3824831691263,-13.9472708272425,834.158407592773));
#5190=CARTESIAN_POINT('Ctrl Pts',(31.3824831691263,-13.9472708272425,833.158407592774));
#5191=CARTESIAN_POINT('Ctrl Pts',(31.0121862682621,-13.9546783345336,834.158407592773));
#5192=CARTESIAN_POINT('Ctrl Pts',(31.0121862682621,-13.9546783345336,833.158407592774));
#5193=CARTESIAN_POINT('Ctrl Pts',(30.6970946420204,-14.1451683125385,834.158407592773));
#5194=CARTESIAN_POINT('Ctrl Pts',(30.6970946420204,-14.1451683125385,833.158407592774));
#5195=CARTESIAN_POINT('Ctrl Pts',(30.5603004327439,-14.2278678314914,834.158407592773));
#5196=CARTESIAN_POINT('Ctrl Pts',(30.5603004327439,-14.2278678314914,833.158407592774));
#5197=CARTESIAN_POINT('',(31.5920189848565,-13.9430792229403,834.158407592773));
#5198=CARTESIAN_POINT('Ctrl Pts',(31.5920189848565,-13.9430792229403,834.158407592773));
#5199=CARTESIAN_POINT('Ctrl Pts',(31.3824831691263,-13.9472708272425,834.158407592773));
#5200=CARTESIAN_POINT('Ctrl Pts',(31.0121862682621,-13.9546783345336,834.158407592773));
#5201=CARTESIAN_POINT('Ctrl Pts',(30.6970946420204,-14.1451683125385,834.158407592773));
#5202=CARTESIAN_POINT('Ctrl Pts',(30.5603004327439,-14.2278678314914,834.158407592773));
#5203=CARTESIAN_POINT('',(31.5920189848565,-13.9430792229403,833.158407592774));
#5204=CARTESIAN_POINT('',(31.5920189848565,-13.9430792229403,834.158407592773));
#5205=CARTESIAN_POINT('Ctrl Pts',(31.5920189848565,-13.9430792229403,833.158407592774));
#5206=CARTESIAN_POINT('Ctrl Pts',(31.3824831691263,-13.9472708272425,833.158407592774));
#5207=CARTESIAN_POINT('Ctrl Pts',(31.0121862682621,-13.9546783345336,833.158407592774));
#5208=CARTESIAN_POINT('Ctrl Pts',(30.6970946420204,-14.1451683125385,833.158407592774));
#5209=CARTESIAN_POINT('Ctrl Pts',(30.5603004327439,-14.2278678314914,833.158407592774));
#5210=CARTESIAN_POINT('Ctrl Pts',(32.7550480595254,-14.2159305112589,834.158407592773));
#5211=CARTESIAN_POINT('Ctrl Pts',(32.7550480595254,-14.2159305112589,833.158407592774));
#5212=CARTESIAN_POINT('Ctrl Pts',(32.6069884534311,-14.1369668429225,834.158407592773));
#5213=CARTESIAN_POINT('Ctrl Pts',(32.6069884534311,-14.1369668429225,833.158407592774));
#5214=CARTESIAN_POINT('Ctrl Pts',(32.2463029027365,-13.944604760177,834.158407592773));
#5215=CARTESIAN_POINT('Ctrl Pts',(32.2463029027365,-13.944604760177,833.158407592774));
#5216=CARTESIAN_POINT('Ctrl Pts',(31.8346754416305,-13.9436450040185,834.158407592773));
#5217=CARTESIAN_POINT('Ctrl Pts',(31.8346754416305,-13.9436450040185,833.158407592774));
#5218=CARTESIAN_POINT('Ctrl Pts',(31.5920189848565,-13.9430792229403,834.158407592773));
#5219=CARTESIAN_POINT('Ctrl Pts',(31.5920189848565,-13.9430792229403,833.158407592774));
#5220=CARTESIAN_POINT('',(32.7550480595254,-14.2159305112589,834.158407592773));
#5221=CARTESIAN_POINT('Ctrl Pts',(32.7550480595254,-14.2159305112589,834.158407592773));
#5222=CARTESIAN_POINT('Ctrl Pts',(32.6069884534311,-14.1369668429225,834.158407592773));
#5223=CARTESIAN_POINT('Ctrl Pts',(32.2463029027365,-13.944604760177,834.158407592773));
#5224=CARTESIAN_POINT('Ctrl Pts',(31.8346754416305,-13.9436450040185,834.158407592773));
#5225=CARTESIAN_POINT('Ctrl Pts',(31.5920189848565,-13.9430792229403,834.158407592773));
#5226=CARTESIAN_POINT('',(32.7550480595254,-14.2159305112589,833.158407592774));
#5227=CARTESIAN_POINT('',(32.7550480595254,-14.2159305112589,834.158407592773));
#5228=CARTESIAN_POINT('Ctrl Pts',(32.7550480595254,-14.2159305112589,833.158407592774));
#5229=CARTESIAN_POINT('Ctrl Pts',(32.6069884534311,-14.1369668429225,833.158407592774));
#5230=CARTESIAN_POINT('Ctrl Pts',(32.2463029027365,-13.944604760177,833.158407592774));
#5231=CARTESIAN_POINT('Ctrl Pts',(31.8346754416305,-13.9436450040185,833.158407592774));
#5232=CARTESIAN_POINT('Ctrl Pts',(31.5920189848565,-13.9430792229403,833.158407592774));
#5233=CARTESIAN_POINT('Ctrl Pts',(33.0790589085244,-14.9867353933084,834.158407592773));
#5234=CARTESIAN_POINT('Ctrl Pts',(33.0790589085244,-14.9867353933084,833.158407592774));
#5235=CARTESIAN_POINT('Ctrl Pts',(33.0682548416343,-14.8324948966943,834.158407592773));
#5236=CARTESIAN_POINT('Ctrl Pts',(33.0682548416343,-14.8324948966943,833.158407592774));
#5237=CARTESIAN_POINT('Ctrl Pts',(33.0476073519138,-14.5377282036798,834.158407592773));
#5238=CARTESIAN_POINT('Ctrl Pts',(33.0476073519138,-14.5377282036798,833.158407592774));
#5239=CARTESIAN_POINT('Ctrl Pts',(32.8494953743809,-14.3198168986224,834.158407592773));
#5240=CARTESIAN_POINT('Ctrl Pts',(32.8494953743809,-14.3198168986224,833.158407592774));
#5241=CARTESIAN_POINT('Ctrl Pts',(32.7550480595254,-14.2159305112589,834.158407592773));
#5242=CARTESIAN_POINT('Ctrl Pts',(32.7550480595254,-14.2159305112589,833.158407592774));
#5243=CARTESIAN_POINT('',(33.0790589085244,-14.9867353933084,834.158407592773));
#5244=CARTESIAN_POINT('Ctrl Pts',(33.0790589085244,-14.9867353933084,834.158407592773));
#5245=CARTESIAN_POINT('Ctrl Pts',(33.0682548416343,-14.8324948966943,834.158407592773));
#5246=CARTESIAN_POINT('Ctrl Pts',(33.0476073519138,-14.5377282036798,834.158407592773));
#5247=CARTESIAN_POINT('Ctrl Pts',(32.8494953743809,-14.3198168986224,834.158407592773));
#5248=CARTESIAN_POINT('Ctrl Pts',(32.7550480595254,-14.2159305112589,834.158407592773));
#5249=CARTESIAN_POINT('',(33.0790589085244,-14.9867353933084,833.158407592774));
#5250=CARTESIAN_POINT('',(33.0790589085244,-14.9867353933084,834.158407592773));
#5251=CARTESIAN_POINT('Ctrl Pts',(33.0790589085244,-14.9867353933084,833.158407592774));
#5252=CARTESIAN_POINT('Ctrl Pts',(33.0682548416343,-14.8324948966943,833.158407592774));
#5253=CARTESIAN_POINT('Ctrl Pts',(33.0476073519138,-14.5377282036798,833.158407592774));
#5254=CARTESIAN_POINT('Ctrl Pts',(32.8494953743809,-14.3198168986224,833.158407592774));
#5255=CARTESIAN_POINT('Ctrl Pts',(32.7550480595254,-14.2159305112589,833.158407592774));
#5256=CARTESIAN_POINT('Ctrl Pts',(32.7482263079309,-15.7524244086969,834.158407592773));
#5257=CARTESIAN_POINT('Ctrl Pts',(32.7482263079309,-15.7524244086969,833.158407592774));
#5258=CARTESIAN_POINT('Ctrl Pts',(32.8446929558907,-15.6477836972308,834.158407592773));
#5259=CARTESIAN_POINT('Ctrl Pts',(32.8446929558907,-15.6477836972308,833.158407592774));
#5260=CARTESIAN_POINT('Ctrl Pts',(33.0438698063109,-15.4317296746609,834.158407592773));
#5261=CARTESIAN_POINT('Ctrl Pts',(33.0438698063109,-15.4317296746609,833.158407592774));
#5262=CARTESIAN_POINT('Ctrl Pts',(33.0670866169728,-15.1381345748742,834.158407592773));
#5263=CARTESIAN_POINT('Ctrl Pts',(33.0670866169728,-15.1381345748742,833.158407592774));
#5264=CARTESIAN_POINT('Ctrl Pts',(33.0790589085244,-14.9867353933084,834.158407592773));
#5265=CARTESIAN_POINT('Ctrl Pts',(33.0790589085244,-14.9867353933084,833.158407592774));
#5266=CARTESIAN_POINT('',(32.7482263079309,-15.7524244086969,834.158407592773));
#5267=CARTESIAN_POINT('Ctrl Pts',(32.7482263079309,-15.7524244086969,834.158407592773));
#5268=CARTESIAN_POINT('Ctrl Pts',(32.8446929558907,-15.6477836972308,834.158407592773));
#5269=CARTESIAN_POINT('Ctrl Pts',(33.0438698063109,-15.4317296746609,834.158407592773));
#5270=CARTESIAN_POINT('Ctrl Pts',(33.0670866169728,-15.1381345748742,834.158407592773));
#5271=CARTESIAN_POINT('Ctrl Pts',(33.0790589085244,-14.9867353933084,834.158407592773));
#5272=CARTESIAN_POINT('',(32.7482263079309,-15.7524244086969,833.158407592774));
#5273=CARTESIAN_POINT('',(32.7482263079309,-15.7524244086969,834.158407592773));
#5274=CARTESIAN_POINT('Ctrl Pts',(32.7482263079309,-15.7524244086969,833.158407592774));
#5275=CARTESIAN_POINT('Ctrl Pts',(32.8446929558907,-15.6477836972308,833.158407592774));
#5276=CARTESIAN_POINT('Ctrl Pts',(33.0438698063109,-15.4317296746609,833.158407592774));
#5277=CARTESIAN_POINT('Ctrl Pts',(33.0670866169728,-15.1381345748742,833.158407592774));
#5278=CARTESIAN_POINT('Ctrl Pts',(33.0790589085244,-14.9867353933084,833.158407592774));
#5279=CARTESIAN_POINT('Ctrl Pts',(31.6602323284769,-16.033802439474,834.158407592773));
#5280=CARTESIAN_POINT('Ctrl Pts',(31.6602323284769,-16.033802439474,833.158407592774));
#5281=CARTESIAN_POINT('Ctrl Pts',(31.8829482252747,-16.0308265534646,834.158407592773));
#5282=CARTESIAN_POINT('Ctrl Pts',(31.8829482252747,-16.0308265534646,833.158407592774));
#5283=CARTESIAN_POINT('Ctrl Pts',(32.2709593430349,-16.025642025223,834.158407592773));
#5284=CARTESIAN_POINT('Ctrl Pts',(32.2709593430349,-16.025642025223,833.158407592774));
#5285=CARTESIAN_POINT('Ctrl Pts',(32.6056471562034,-15.8340456791106,834.158407592773));
#5286=CARTESIAN_POINT('Ctrl Pts',(32.6056471562034,-15.8340456791106,833.158407592774));
#5287=CARTESIAN_POINT('Ctrl Pts',(32.7482263079309,-15.7524244086969,834.158407592773));
#5288=CARTESIAN_POINT('Ctrl Pts',(32.7482263079309,-15.7524244086969,833.158407592774));
#5289=CARTESIAN_POINT('',(31.6602323284769,-16.033802439474,834.158407592773));
#5290=CARTESIAN_POINT('Ctrl Pts',(31.6602323284769,-16.033802439474,834.158407592773));
#5291=CARTESIAN_POINT('Ctrl Pts',(31.8829482252747,-16.0308265534646,834.158407592773));
#5292=CARTESIAN_POINT('Ctrl Pts',(32.2709593430349,-16.025642025223,834.158407592773));
#5293=CARTESIAN_POINT('Ctrl Pts',(32.6056471562034,-15.8340456791106,834.158407592773));
#5294=CARTESIAN_POINT('Ctrl Pts',(32.7482263079309,-15.7524244086969,834.158407592773));
#5295=CARTESIAN_POINT('',(31.6602323284769,-16.033802439474,833.158407592774));
#5296=CARTESIAN_POINT('',(31.6602323284769,-16.033802439474,834.158407592773));
#5297=CARTESIAN_POINT('Ctrl Pts',(31.6602323284769,-16.033802439474,833.158407592774));
#5298=CARTESIAN_POINT('Ctrl Pts',(31.8829482252747,-16.0308265534646,833.158407592774));
#5299=CARTESIAN_POINT('Ctrl Pts',(32.2709593430349,-16.025642025223,833.158407592774));
#5300=CARTESIAN_POINT('Ctrl Pts',(32.6056471562034,-15.8340456791106,833.158407592774));
#5301=CARTESIAN_POINT('Ctrl Pts',(32.7482263079309,-15.7524244086969,833.158407592774));
#5302=CARTESIAN_POINT('Ctrl Pts',(30.5654162994051,-15.75071911981,834.158407592773));
#5303=CARTESIAN_POINT('Ctrl Pts',(30.5654162994051,-15.75071911981,833.158407592774));
#5304=CARTESIAN_POINT('Ctrl Pts',(30.7085432493552,-15.83282523158,834.158407592773));
#5305=CARTESIAN_POINT('Ctrl Pts',(30.7085432493552,-15.83282523158,833.158407592774));
#5306=CARTESIAN_POINT('Ctrl Pts',(31.0451959293721,-16.0259491861027,834.158407592773));
#5307=CARTESIAN_POINT('Ctrl Pts',(31.0451959293721,-16.0259491861027,833.158407592774));
#5308=CARTESIAN_POINT('Ctrl Pts',(31.4357317341664,-16.0309358448274,834.158407592773));
#5309=CARTESIAN_POINT('Ctrl Pts',(31.4357317341664,-16.0309358448274,833.158407592774));
#5310=CARTESIAN_POINT('Ctrl Pts',(31.6602323284769,-16.033802439474,834.158407592773));
#5311=CARTESIAN_POINT('Ctrl Pts',(31.6602323284769,-16.033802439474,833.158407592774));
#5312=CARTESIAN_POINT('Ctrl Pts',(30.5654162994051,-15.75071911981,834.158407592773));
#5313=CARTESIAN_POINT('Ctrl Pts',(30.7085432493552,-15.83282523158,834.158407592773));
#5314=CARTESIAN_POINT('Ctrl Pts',(31.0451959293721,-16.0259491861027,834.158407592773));
#5315=CARTESIAN_POINT('Ctrl Pts',(31.4357317341664,-16.0309358448274,834.158407592773));
#5316=CARTESIAN_POINT('Ctrl Pts',(31.6602323284769,-16.033802439474,834.158407592773));
#5317=CARTESIAN_POINT('Ctrl Pts',(30.5654162994051,-15.75071911981,833.158407592774));
#5318=CARTESIAN_POINT('Ctrl Pts',(30.7085432493552,-15.83282523158,833.158407592774));
#5319=CARTESIAN_POINT('Ctrl Pts',(31.0451959293721,-16.0259491861027,833.158407592774));
#5320=CARTESIAN_POINT('Ctrl Pts',(31.4357317341664,-16.0309358448274,833.158407592774));
#5321=CARTESIAN_POINT('Ctrl Pts',(31.6602323284769,-16.033802439474,833.158407592774));
#5322=CARTESIAN_POINT('Ctrl Pts',(33.965825223031,-16.3356442349183,834.158407592773));
#5323=CARTESIAN_POINT('Ctrl Pts',(33.965825223031,-16.3356442349183,833.158407592774));
#5324=CARTESIAN_POINT('Ctrl Pts',(33.8605937348528,-16.5130114794282,834.158407592773));
#5325=CARTESIAN_POINT('Ctrl Pts',(33.8605937348528,-16.5130114794282,833.158407592774));
#5326=CARTESIAN_POINT('Ctrl Pts',(33.6446938566033,-16.8769098444334,834.158407592773));
#5327=CARTESIAN_POINT('Ctrl Pts',(33.6446938566033,-16.8769098444334,833.158407592774));
#5328=CARTESIAN_POINT('Ctrl Pts',(33.2932912078836,-17.1132183957259,834.158407592773));
#5329=CARTESIAN_POINT('Ctrl Pts',(33.2932912078836,-17.1132183957259,833.158407592774));
#5330=CARTESIAN_POINT('Ctrl Pts',(33.1131652823115,-17.2343480931747,834.158407592773));
#5331=CARTESIAN_POINT('Ctrl Pts',(33.1131652823115,-17.2343480931747,833.158407592774));
#5332=CARTESIAN_POINT('',(33.965825223031,-16.3356442349183,833.158407592774));
#5333=CARTESIAN_POINT('',(33.965825223031,-16.3356442349183,834.158407592773));
#5334=CARTESIAN_POINT('',(33.1131652823115,-17.2343480931747,833.158407592774));
#5335=CARTESIAN_POINT('Ctrl Pts',(33.965825223031,-16.3356442349183,833.158407592774));
#5336=CARTESIAN_POINT('Ctrl Pts',(33.8605937348528,-16.5130114794282,833.158407592774));
#5337=CARTESIAN_POINT('Ctrl Pts',(33.6446938566033,-16.8769098444334,833.158407592774));
#5338=CARTESIAN_POINT('Ctrl Pts',(33.2932912078836,-17.1132183957259,833.158407592774));
#5339=CARTESIAN_POINT('Ctrl Pts',(33.1131652823115,-17.2343480931747,833.158407592774));
#5340=CARTESIAN_POINT('',(33.1131652823115,-17.2343480931747,834.158407592773));
#5341=CARTESIAN_POINT('Ctrl Pts',(34.2352662315988,-14.935575832628,834.158407592773));
#5342=CARTESIAN_POINT('Ctrl Pts',(34.2352662315988,-14.935575832628,833.158407592774));
#5343=CARTESIAN_POINT('Ctrl Pts',(34.2281886980283,-15.1963274205124,834.158407592773));
#5344=CARTESIAN_POINT('Ctrl Pts',(34.2281886980283,-15.1963274205124,833.158407592774));
#5345=CARTESIAN_POINT('Ctrl Pts',(34.2151007347769,-15.6785161895218,834.158407592773));
#5346=CARTESIAN_POINT('Ctrl Pts',(34.2151007347769,-15.6785161895218,833.158407592774));
#5347=CARTESIAN_POINT('Ctrl Pts',(34.0442743857345,-16.1288403471666,834.158407592773));
#5348=CARTESIAN_POINT('Ctrl Pts',(34.0442743857345,-16.1288403471666,833.158407592774));
#5349=CARTESIAN_POINT('Ctrl Pts',(33.965825223031,-16.3356442349183,834.158407592773));
#5350=CARTESIAN_POINT('Ctrl Pts',(33.965825223031,-16.3356442349183,833.158407592774));
#5351=CARTESIAN_POINT('',(34.2352662315988,-14.935575832628,833.158407592774));
#5352=CARTESIAN_POINT('',(34.2352662315988,-14.935575832628,834.158407592773));
#5353=CARTESIAN_POINT('Ctrl Pts',(34.2352662315988,-14.935575832628,833.158407592774));
#5354=CARTESIAN_POINT('Ctrl Pts',(34.2281886980283,-15.1963274205124,833.158407592774));
#5355=CARTESIAN_POINT('Ctrl Pts',(34.2151007347769,-15.6785161895218,833.158407592774));
#5356=CARTESIAN_POINT('Ctrl Pts',(34.0442743857345,-16.1288403471666,833.158407592774));
#5357=CARTESIAN_POINT('Ctrl Pts',(33.965825223031,-16.3356442349183,833.158407592774));
#5358=CARTESIAN_POINT('Ctrl Pts',(33.9231924048088,-13.545739461683,834.158407592773));
#5359=CARTESIAN_POINT('Ctrl Pts',(33.9231924048088,-13.545739461683,833.158407592774));
#5360=CARTESIAN_POINT('Ctrl Pts',(34.0140985147456,-13.7514851846854,834.158407592773));
#5361=CARTESIAN_POINT('Ctrl Pts',(34.0140985147456,-13.7514851846854,833.158407592774));
#5362=CARTESIAN_POINT('Ctrl Pts',(34.2093642670581,-14.1934257034813,834.158407592773));
#5363=CARTESIAN_POINT('Ctrl Pts',(34.2093642670581,-14.1934257034813,833.158407592774));
#5364=CARTESIAN_POINT('Ctrl Pts',(34.2262445671998,-14.6770846518405,834.158407592773));
#5365=CARTESIAN_POINT('Ctrl Pts',(34.2262445671998,-14.6770846518405,833.158407592774));
#5366=CARTESIAN_POINT('Ctrl Pts',(34.2352662315988,-14.935575832628,834.158407592773));
#5367=CARTESIAN_POINT('Ctrl Pts',(34.2352662315988,-14.935575832628,833.158407592774));
#5368=CARTESIAN_POINT('',(33.9231924048088,-13.545739461683,833.158407592774));
#5369=CARTESIAN_POINT('',(33.9231924048088,-13.545739461683,834.158407592773));
#5370=CARTESIAN_POINT('Ctrl Pts',(33.9231924048088,-13.545739461683,833.158407592774));
#5371=CARTESIAN_POINT('Ctrl Pts',(34.0140985147456,-13.7514851846854,833.158407592774));
#5372=CARTESIAN_POINT('Ctrl Pts',(34.2093642670581,-14.1934257034813,833.158407592774));
#5373=CARTESIAN_POINT('Ctrl Pts',(34.2262445671998,-14.6770846518405,833.158407592774));
#5374=CARTESIAN_POINT('Ctrl Pts',(34.2352662315988,-14.935575832628,833.158407592774));
#5375=CARTESIAN_POINT('Ctrl Pts',(33.0500684013984,-12.6930795209635,834.158407592773));
#5376=CARTESIAN_POINT('Ctrl Pts',(33.0500684013984,-12.6930795209635,833.158407592774));
#5377=CARTESIAN_POINT('Ctrl Pts',(33.2268223214811,-12.8025608113532,834.158407592773));
#5378=CARTESIAN_POINT('Ctrl Pts',(33.2268223214811,-12.8025608113532,833.158407592774));
#5379=CARTESIAN_POINT('Ctrl Pts',(33.5810910396288,-13.0219946795774,834.158407592773));
#5380=CARTESIAN_POINT('Ctrl Pts',(33.5810910396288,-13.0219946795774,833.158407592774));
#5381=CARTESIAN_POINT('Ctrl Pts',(33.8089954564148,-13.3709080756046,834.158407592773));
#5382=CARTESIAN_POINT('Ctrl Pts',(33.8089954564148,-13.3709080756046,833.158407592774));
#5383=CARTESIAN_POINT('Ctrl Pts',(33.9231924048088,-13.545739461683,834.158407592773));
#5384=CARTESIAN_POINT('Ctrl Pts',(33.9231924048088,-13.545739461683,833.158407592774));
#5385=CARTESIAN_POINT('',(33.0500684013984,-12.6930795209635,833.158407592774));
#5386=CARTESIAN_POINT('',(33.0500684013984,-12.6930795209635,834.158407592773));
#5387=CARTESIAN_POINT('Ctrl Pts',(33.0500684013984,-12.6930795209635,833.158407592774));
#5388=CARTESIAN_POINT('Ctrl Pts',(33.2268223214811,-12.8025608113532,833.158407592774));
#5389=CARTESIAN_POINT('Ctrl Pts',(33.5810910396288,-13.0219946795774,833.158407592774));
#5390=CARTESIAN_POINT('Ctrl Pts',(33.8089954564148,-13.3709080756046,833.158407592774));
#5391=CARTESIAN_POINT('Ctrl Pts',(33.9231924048088,-13.545739461683,833.158407592774));
#5392=CARTESIAN_POINT('Ctrl Pts',(31.6124830475471,-12.3980585830439,834.158407592773));
#5393=CARTESIAN_POINT('Ctrl Pts',(31.6124830475471,-12.3980585830439,833.158407592774));
#5394=CARTESIAN_POINT('Ctrl Pts',(31.8820358586624,-12.4056611346714,834.158407592773));
#5395=CARTESIAN_POINT('Ctrl Pts',(31.8820358586624,-12.4056611346714,833.158407592774));
#5396=CARTESIAN_POINT('Ctrl Pts',(32.3794264170679,-12.4196896932445,834.158407592773));
#5397=CARTESIAN_POINT('Ctrl Pts',(32.3794264170679,-12.4196896932445,833.158407592774));
#5398=CARTESIAN_POINT('Ctrl Pts',(32.8393794945423,-12.6071913641025,834.158407592773));
#5399=CARTESIAN_POINT('Ctrl Pts',(32.8393794945423,-12.6071913641025,833.158407592774));
#5400=CARTESIAN_POINT('Ctrl Pts',(33.0500684013984,-12.6930795209635,834.158407592773));
#5401=CARTESIAN_POINT('Ctrl Pts',(33.0500684013984,-12.6930795209635,833.158407592774));
#5402=CARTESIAN_POINT('',(31.6124830475471,-12.3980585830439,833.158407592774));
#5403=CARTESIAN_POINT('',(31.6124830475471,-12.3980585830439,834.158407592773));
#5404=CARTESIAN_POINT('Ctrl Pts',(31.6124830475471,-12.3980585830439,833.158407592774));
#5405=CARTESIAN_POINT('Ctrl Pts',(31.8820358586624,-12.4056611346714,833.158407592774));
#5406=CARTESIAN_POINT('Ctrl Pts',(32.3794264170679,-12.4196896932445,833.158407592774));
#5407=CARTESIAN_POINT('Ctrl Pts',(32.8393794945423,-12.6071913641025,833.158407592774));
#5408=CARTESIAN_POINT('Ctrl Pts',(33.0500684013984,-12.6930795209635,833.158407592774));
#5409=CARTESIAN_POINT('Ctrl Pts',(29.7349251142166,-13.0733657973041,834.158407592773));
#5410=CARTESIAN_POINT('Ctrl Pts',(29.7349251142166,-13.0733657973041,833.158407592774));
#5411=CARTESIAN_POINT('Ctrl Pts',(29.9926165517852,-12.8766350240502,834.158407592773));
#5412=CARTESIAN_POINT('Ctrl Pts',(29.9926165517852,-12.8766350240502,833.158407592774));
#5413=CARTESIAN_POINT('Ctrl Pts',(30.5447652679091,-12.455105131947,834.158407592773));
#5414=CARTESIAN_POINT('Ctrl Pts',(30.5447652679091,-12.455105131947,833.158407592774));
#5415=CARTESIAN_POINT('Ctrl Pts',(31.241121075587,-12.4178998925155,834.158407592773));
#5416=CARTESIAN_POINT('Ctrl Pts',(31.241121075587,-12.4178998925155,833.158407592774));
#5417=CARTESIAN_POINT('Ctrl Pts',(31.6124830475471,-12.3980585830439,834.158407592773));
#5418=CARTESIAN_POINT('Ctrl Pts',(31.6124830475471,-12.3980585830439,833.158407592774));
#5419=CARTESIAN_POINT('',(29.7349251142166,-13.0733657973041,833.158407592774));
#5420=CARTESIAN_POINT('',(29.7349251142166,-13.0733657973041,834.158407592773));
#5421=CARTESIAN_POINT('Ctrl Pts',(29.7349251142166,-13.0733657973041,833.158407592774));
#5422=CARTESIAN_POINT('Ctrl Pts',(29.9926165517852,-12.8766350240502,833.158407592774));
#5423=CARTESIAN_POINT('Ctrl Pts',(30.5447652679091,-12.455105131947,833.158407592774));
#5424=CARTESIAN_POINT('Ctrl Pts',(31.241121075587,-12.4178998925155,833.158407592774));
#5425=CARTESIAN_POINT('Ctrl Pts',(31.6124830475471,-12.3980585830439,833.158407592774));
#5426=CARTESIAN_POINT('Ctrl Pts',(29.0647343626641,-14.996967424654,834.158407592773));
#5427=CARTESIAN_POINT('Ctrl Pts',(29.0647343626641,-14.996967424654,833.158407592774));
#5428=CARTESIAN_POINT('Ctrl Pts',(29.0831787076482,-14.6149395198512,834.158407592773));
#5429=CARTESIAN_POINT('Ctrl Pts',(29.0831787076482,-14.6149395198512,833.158407592774));
#5430=CARTESIAN_POINT('Ctrl Pts',(29.1174746272406,-13.9045863836198,834.158407592773));
#5431=CARTESIAN_POINT('Ctrl Pts',(29.1174746272406,-13.9045863836198,833.158407592774));
#5432=CARTESIAN_POINT('Ctrl Pts',(29.5397496100913,-13.3361138238998,834.158407592773));
#5433=CARTESIAN_POINT('Ctrl Pts',(29.5397496100913,-13.3361138238998,833.158407592774));
#5434=CARTESIAN_POINT('Ctrl Pts',(29.7349251142166,-13.0733657973041,834.158407592773));
#5435=CARTESIAN_POINT('Ctrl Pts',(29.7349251142166,-13.0733657973041,833.158407592774));
#5436=CARTESIAN_POINT('',(29.0647343626641,-14.996967424654,833.158407592774));
#5437=CARTESIAN_POINT('',(29.0647343626641,-14.996967424654,834.158407592773));
#5438=CARTESIAN_POINT('Ctrl Pts',(29.0647343626641,-14.996967424654,833.158407592774));
#5439=CARTESIAN_POINT('Ctrl Pts',(29.0831787076482,-14.6149395198512,833.158407592774));
#5440=CARTESIAN_POINT('Ctrl Pts',(29.1174746272406,-13.9045863836198,833.158407592774));
#5441=CARTESIAN_POINT('Ctrl Pts',(29.5397496100913,-13.3361138238998,833.158407592774));
#5442=CARTESIAN_POINT('Ctrl Pts',(29.7349251142166,-13.0733657973041,833.158407592774));
#5443=CARTESIAN_POINT('Ctrl Pts',(29.7468624344492,-16.8966946350565,834.158407592773));
#5444=CARTESIAN_POINT('Ctrl Pts',(29.7468624344492,-16.8966946350565,833.158407592774));
#5445=CARTESIAN_POINT('Ctrl Pts',(29.5481339985322,-16.6352462163319,834.158407592773));
#5446=CARTESIAN_POINT('Ctrl Pts',(29.5481339985322,-16.6352462163319,833.158407592774));
#5447=CARTESIAN_POINT('Ctrl Pts',(29.123036394491,-16.0759850523854,834.158407592773));
#5448=CARTESIAN_POINT('Ctrl Pts',(29.123036394491,-16.0759850523854,833.158407592774));
#5449=CARTESIAN_POINT('Ctrl Pts',(29.0849929284245,-15.3719003194954,834.158407592773));
#5450=CARTESIAN_POINT('Ctrl Pts',(29.0849929284245,-15.3719003194954,833.158407592774));
#5451=CARTESIAN_POINT('Ctrl Pts',(29.0647343626641,-14.996967424654,834.158407592773));
#5452=CARTESIAN_POINT('Ctrl Pts',(29.0647343626641,-14.996967424654,833.158407592774));
#5453=CARTESIAN_POINT('',(29.7468624344492,-16.8966946350565,833.158407592774));
#5454=CARTESIAN_POINT('',(29.7468624344492,-16.8966946350565,834.158407592773));
#5455=CARTESIAN_POINT('Ctrl Pts',(29.7468624344492,-16.8966946350565,833.158407592774));
#5456=CARTESIAN_POINT('Ctrl Pts',(29.5481339985322,-16.6352462163319,833.158407592774));
#5457=CARTESIAN_POINT('Ctrl Pts',(29.123036394491,-16.0759850523854,833.158407592774));
#5458=CARTESIAN_POINT('Ctrl Pts',(29.0849929284245,-15.3719003194954,833.158407592774));
#5459=CARTESIAN_POINT('Ctrl Pts',(29.0647343626641,-14.996967424654,833.158407592774));
#5460=CARTESIAN_POINT('Ctrl Pts',(31.6534111729289,-17.5788228558529,834.158407592773));
#5461=CARTESIAN_POINT('Ctrl Pts',(31.6534111729289,-17.5788228558529,833.158407592774));
#5462=CARTESIAN_POINT('Ctrl Pts',(31.2767277879957,-17.5587778301647,834.158407592773));
#5463=CARTESIAN_POINT('Ctrl Pts',(31.2767277879957,-17.5587778301647,833.158407592774));
#5464=CARTESIAN_POINT('Ctrl Pts',(30.5703783782362,-17.5211897850589,834.158407592773));
#5465=CARTESIAN_POINT('Ctrl Pts',(30.5703783782362,-17.5211897850589,833.158407592774));
#5466=CARTESIAN_POINT('Ctrl Pts',(30.0089099083635,-17.0954125563845,834.158407592773));
#5467=CARTESIAN_POINT('Ctrl Pts',(30.0089099083635,-17.0954125563845,833.158407592774));
#5468=CARTESIAN_POINT('Ctrl Pts',(29.7468624344492,-16.8966946350565,834.158407592773));
#5469=CARTESIAN_POINT('Ctrl Pts',(29.7468624344492,-16.8966946350565,833.158407592774));
#5470=CARTESIAN_POINT('',(31.6534111729289,-17.5788228558529,833.158407592774));
#5471=CARTESIAN_POINT('',(31.6534111729289,-17.5788228558529,834.158407592773));
#5472=CARTESIAN_POINT('Ctrl Pts',(31.6534111729289,-17.5788228558529,833.158407592774));
#5473=CARTESIAN_POINT('Ctrl Pts',(31.2767277879957,-17.5587778301647,833.158407592774));
#5474=CARTESIAN_POINT('Ctrl Pts',(30.5703783782362,-17.5211897850589,833.158407592774));
#5475=CARTESIAN_POINT('Ctrl Pts',(30.0089099083635,-17.0954125563845,833.158407592774));
#5476=CARTESIAN_POINT('Ctrl Pts',(29.7468624344492,-16.8966946350565,833.158407592774));
#5477=CARTESIAN_POINT('Ctrl Pts',(33.1131652823115,-17.2343480931747,834.158407592773));
#5478=CARTESIAN_POINT('Ctrl Pts',(33.1131652823115,-17.2343480931747,833.158407592774));
#5479=CARTESIAN_POINT('Ctrl Pts',(32.8978111778973,-17.3346971125415,834.158407592773));
#5480=CARTESIAN_POINT('Ctrl Pts',(32.8978111778973,-17.3346971125415,833.158407592774));
#5481=CARTESIAN_POINT('Ctrl Pts',(32.4358910413738,-17.5499390409549,834.158407592773));
#5482=CARTESIAN_POINT('Ctrl Pts',(32.4358910413738,-17.5499390409549,833.158407592774));
#5483=CARTESIAN_POINT('Ctrl Pts',(31.9257283541382,-17.5687707645816,834.158407592773));
#5484=CARTESIAN_POINT('Ctrl Pts',(31.9257283541382,-17.5687707645816,833.158407592774));
#5485=CARTESIAN_POINT('Ctrl Pts',(31.6534111729289,-17.5788228558529,834.158407592773));
#5486=CARTESIAN_POINT('Ctrl Pts',(31.6534111729289,-17.5788228558529,833.158407592774));
#5487=CARTESIAN_POINT('Ctrl Pts',(33.1131652823115,-17.2343480931747,833.158407592774));
#5488=CARTESIAN_POINT('Ctrl Pts',(32.8978111778973,-17.3346971125415,833.158407592774));
#5489=CARTESIAN_POINT('Ctrl Pts',(32.4358910413738,-17.5499390409549,833.158407592774));
#5490=CARTESIAN_POINT('Ctrl Pts',(31.9257283541382,-17.5687707645816,833.158407592774));
#5491=CARTESIAN_POINT('Ctrl Pts',(31.6534111729289,-17.5788228558529,833.158407592774));
#5492=CARTESIAN_POINT('Origin',(31.6500002971315,-14.9884407194484,833.158407592774));
#5493=CARTESIAN_POINT('Origin',(34.1499999991082,8.40429057057051,834.158407592773));
#5494=CARTESIAN_POINT('',(34.1499999991082,8.40429057057051,833.158407592774));
#5495=CARTESIAN_POINT('',(34.1499999991082,8.40429057057051,834.158407592773));
#5496=CARTESIAN_POINT('',(34.1499999991081,6.85585957641749,833.158407592774));
#5497=CARTESIAN_POINT('',(34.1499999991082,8.40429057057051,833.158407592774));
#5498=CARTESIAN_POINT('',(34.1499999991081,6.85585957641749,834.158407592773));
#5499=CARTESIAN_POINT('Origin',(29.1499999991082,8.40429057057111,834.158407592773));
#5500=CARTESIAN_POINT('',(29.1499999991082,8.40429057057111,833.158407592774));
#5501=CARTESIAN_POINT('',(29.1499999991082,8.40429057057111,834.158407592773));
#5502=CARTESIAN_POINT('',(29.1499999991082,8.40429057057111,833.158407592774));
#5503=CARTESIAN_POINT('Origin',(29.1499999991081,6.85585957641808,834.158407592773));
#5504=CARTESIAN_POINT('',(29.1499999991081,6.85585957641808,833.158407592774));
#5505=CARTESIAN_POINT('',(29.1499999991081,6.85585957641808,834.158407592773));
#5506=CARTESIAN_POINT('',(29.1499999991081,6.85585957641808,833.158407592774));
#5507=CARTESIAN_POINT('Origin',(34.1499999991081,6.85585957641749,834.158407592773));
#5508=CARTESIAN_POINT('',(34.1499999991081,6.85585957641749,833.158407592774));
#5509=CARTESIAN_POINT('Origin',(31.6499999991082,7.6300750734943,833.158407592774));
#5510=CARTESIAN_POINT('Origin',(-37.3500000008905,20.7460002540806,834.158407592773));
#5511=CARTESIAN_POINT('Origin',(-19.3647415728234,-15.765455840186,834.158407592773));
#5512=CARTESIAN_POINT('',(-19.3647415728234,-15.765455840186,834.158407592773));
#5513=CARTESIAN_POINT('',(-33.5068771965543,-1.62332021645501,834.158407592773));
#5514=CARTESIAN_POINT('Origin',(-18.6576347916369,-15.0583490589994,834.158407592773));
#5515=CARTESIAN_POINT('',(-17.9505280104503,-14.3512422778129,834.158407592773));
#5516=CARTESIAN_POINT('Origin',(-32.0926636341813,-0.209106654081912,834.158407592773));
#5517=CARTESIAN_POINT('',(-32.0926636341813,-0.209106654081912,834.158407592773));
#5518=CARTESIAN_POINT('Origin',(-32.7997704153678,-0.91621343526846,834.158407592773));
#5519=CARTESIAN_POINT('Origin',(-2.3941788243454,-10.1086015906935,834.158407592773));
#5520=CARTESIAN_POINT('',(-2.3941788243454,-10.1086015906935,834.158407592773));
#5521=CARTESIAN_POINT('',(-27.8500229470564,15.3472425320269,834.158407592773));
#5522=CARTESIAN_POINT('Origin',(-1.68707204315872,-9.40149480950706,834.158407592773));
#5523=CARTESIAN_POINT('',(-0.979965261972042,-8.69438802832065,834.158407592773));
#5524=CARTESIAN_POINT('Origin',(-26.4358093846831,16.7614560943997,834.158407592773));
#5525=CARTESIAN_POINT('',(-26.4358093846831,16.7614560943997,834.158407592773));
#5526=CARTESIAN_POINT('Origin',(-27.1429161658697,16.0543493132133,834.158407592773));
#5527=CARTESIAN_POINT('Origin',(-2.39417882434123,12.518815407276,834.158407592773));
#5528=CARTESIAN_POINT('',(-2.39417882434123,12.518815407276,834.158407592773));
#5529=CARTESIAN_POINT('',(-5.2226059490869,15.3472425320228,834.158407592773));
#5530=CARTESIAN_POINT('Origin',(-1.68707204315456,13.2259221884625,834.158407592773));
#5531=CARTESIAN_POINT('',(-0.979965261967881,13.9330289696489,834.158407592773));
#5532=CARTESIAN_POINT('Origin',(-3.80839238671354,16.7614560943956,834.158407592773));
#5533=CARTESIAN_POINT('',(-3.80839238671354,16.7614560943956,834.158407592773));
#5534=CARTESIAN_POINT('Origin',(-4.51549916790022,16.0543493132092,834.158407592773));
#5535=CARTESIAN_POINT('Origin',(-2.39417882434436,-4.4517473412011,834.158407592773));
#5536=CARTESIAN_POINT('',(-2.39417882434436,-4.4517473412011,834.158407592773));
#5537=CARTESIAN_POINT('',(-22.193168697564,15.3472425320259,834.158407592773));
#5538=CARTESIAN_POINT('Origin',(-1.68707204315768,-3.74464056001469,834.158407592773));
#5539=CARTESIAN_POINT('',(-0.97996527687216,-3.03753376392712,834.158407592773));
#5540=CARTESIAN_POINT('Origin',(-20.7789551351907,16.7614560943987,834.158407592773));
#5541=CARTESIAN_POINT('',(-20.7789551351907,16.7614560943987,834.158407592773));
#5542=CARTESIAN_POINT('Origin',(-21.4860619163774,16.0543493132123,834.158407592773));
#5543=CARTESIAN_POINT('Origin',(-13.7078873233311,-15.765455840186,834.158407592773));
#5544=CARTESIAN_POINT('',(-13.7078873233311,-15.765455840186,834.158407592773));
#5545=CARTESIAN_POINT('',(-33.5068771965544,4.03353403303736,834.158407592773));
#5546=CARTESIAN_POINT('Origin',(-13.0007805421445,-15.0583490589994,834.158407592773));
#5547=CARTESIAN_POINT('',(-12.293673760958,-14.3512422778129,834.158407592773));
#5548=CARTESIAN_POINT('Origin',(-32.0926636341813,5.44774759541045,834.158407592773));
#5549=CARTESIAN_POINT('',(-32.0926636341813,5.44774759541046,834.158407592773));
#5550=CARTESIAN_POINT('Origin',(-32.7997704153678,4.74064081422391,834.158407592773));
#5551=CARTESIAN_POINT('Origin',(-25.0215958223158,-15.765455840186,834.158407592773));
#5552=CARTESIAN_POINT('',(-25.0215958223158,-15.765455840186,834.158407592773));
#5553=CARTESIAN_POINT('',(-33.5068771965544,-7.28017446594742,834.158407592773));
#5554=CARTESIAN_POINT('Origin',(-24.3144890411293,-15.0583490589994,834.158407592773));
#5555=CARTESIAN_POINT('',(-23.6073822599427,-14.3512422778129,834.158407592773));
#5556=CARTESIAN_POINT('Origin',(-32.0926636341813,-5.86596090357431,834.158407592773));
#5557=CARTESIAN_POINT('',(-32.0926636341813,-5.86596090357431,834.158407592773));
#5558=CARTESIAN_POINT('Origin',(-32.7997704153678,-6.57306768476086,834.158407592773));
#5559=CARTESIAN_POINT('Origin',(-2.39417882434636,-15.7654558401859,834.158407592773));
#5560=CARTESIAN_POINT('',(-2.39417882434636,-15.7654558401859,834.158407592773));
#5561=CARTESIAN_POINT('',(-33.5068771816504,15.3472425171239,834.158407592773));
#5562=CARTESIAN_POINT('Origin',(-1.68707204315975,-15.0583490589994,834.158407592773));
#5563=CARTESIAN_POINT('',(-0.979965261973134,-14.351242277813,834.158407592773));
#5564=CARTESIAN_POINT('Origin',(-32.0926636341784,16.761456094398,834.158407592773));
#5565=CARTESIAN_POINT('',(-32.0926636341784,16.761456094398,834.158407592773));
#5566=CARTESIAN_POINT('Origin',(-32.799770415365,16.0543493132115,834.158407592773));
#5567=CARTESIAN_POINT('Origin',(-2.39417882434227,6.86196115778367,834.158407592773));
#5568=CARTESIAN_POINT('',(-2.39417882434227,6.86196115778367,834.158407592773));
#5569=CARTESIAN_POINT('',(-10.8794601985793,15.3472425320238,834.158407592773));
#5570=CARTESIAN_POINT('Origin',(-1.6870720431556,7.56906793897009,834.158407592773));
#5571=CARTESIAN_POINT('',(-0.979965261968916,8.27617472015651,834.158407592773));
#5572=CARTESIAN_POINT('Origin',(-9.46524663620592,16.7614560943966,834.158407592773));
#5573=CARTESIAN_POINT('',(-9.46524663620592,16.7614560943966,834.158407592773));
#5574=CARTESIAN_POINT('Origin',(-10.1723534173926,16.0543493132102,834.158407592773));
#5575=CARTESIAN_POINT('Origin',(-2.3941788243433,1.20510690829129,834.158407592773));
#5576=CARTESIAN_POINT('',(-2.3941788243433,1.20510690829129,834.158407592773));
#5577=CARTESIAN_POINT('',(-16.5363144480717,15.3472425320249,834.158407592773));
#5578=CARTESIAN_POINT('Origin',(-1.68707204315663,1.91221368947771,834.158407592773));
#5579=CARTESIAN_POINT('',(-0.97996524706879,2.61932045576297,834.158407592773));
#5580=CARTESIAN_POINT('Origin',(-15.1221008856983,16.7614560943977,834.158407592773));
#5581=CARTESIAN_POINT('',(-15.1221008856983,16.7614560943977,834.158407592773));
#5582=CARTESIAN_POINT('Origin',(-15.829207666885,16.0543493132112,834.158407592773));
#5583=CARTESIAN_POINT('Origin',(-8.05103307383868,-15.765455840186,834.158407592773));
#5584=CARTESIAN_POINT('',(-8.05103307383868,-15.765455840186,834.158407592773));
#5585=CARTESIAN_POINT('',(-33.5068772114555,9.6903882974309,834.158407592773));
#5586=CARTESIAN_POINT('Origin',(-7.34392629265213,-15.0583490589994,834.158407592773));
#5587=CARTESIAN_POINT('',(-6.63681951146559,-14.3512422778129,834.158407592773));
#5588=CARTESIAN_POINT('Origin',(-32.0926636341813,11.1046018449028,834.158407592773));
#5589=CARTESIAN_POINT('',(-32.0926636341813,11.1046018449028,834.158407592773));
#5590=CARTESIAN_POINT('Origin',(-32.7997704153678,10.3974950637163,834.158407592773));
#5591=CARTESIAN_POINT('Origin',(-30.6784500718082,-15.765455840186,834.158407592773));
#5592=CARTESIAN_POINT('',(-30.6784500718082,-15.765455840186,834.158407592773));
#5593=CARTESIAN_POINT('',(-33.5068772114556,-12.9370287005386,834.158407592773));
#5594=CARTESIAN_POINT('Origin',(-29.9713432906217,-15.0583490589994,834.158407592773));
#5595=CARTESIAN_POINT('',(-29.2642365094351,-14.3512422778129,834.158407592773));
#5596=CARTESIAN_POINT('Origin',(-32.0926636341813,-11.5228151530667,834.158407592773));
#5597=CARTESIAN_POINT('',(-32.0926636341813,-11.5228151530667,834.158407592773));
#5598=CARTESIAN_POINT('Origin',(-32.7997704153678,-12.2299219342532,834.158407592773));
#5599=CARTESIAN_POINT('Origin',(-37.3500000008905,20.675289575962,832.229118270892));
#5600=CARTESIAN_POINT('',(-37.350000000891,15.8632895442202,827.41711823915));
#5601=CARTESIAN_POINT('Origin',(-37.350000000895,-20.6792893217412,833.229118270892));
#5602=CARTESIAN_POINT('',(-37.350000000895,-20.6085786436226,833.158407592773));
#5603=CARTESIAN_POINT('',(-37.350000000895,-20.6085786436226,833.158407592773));
#5604=CARTESIAN_POINT('',(-37.3500000008944,-15.3672892899995,827.91711823915));
#5605=CARTESIAN_POINT('Origin',(-37.3500000008949,-19.6792893217414,834.087696914655));
#5606=CARTESIAN_POINT('',(-37.3500000008944,-14.8672892900003,838.899696946397));
#5607=CARTESIAN_POINT('Origin',(-37.3500000008927,0.498000127110295,833.158407592773));
#5608=CARTESIAN_POINT('',(0.,0.,0.));
#5609=UNCERTAINTY_MEASURE_WITH_UNIT(LENGTH_MEASURE(0.01),#5615,
'DISTANCE_ACCURACY_VALUE',
'Maximum model space distance between geometric entities at asserted c
onnectivities');
#5610=UNCERTAINTY_MEASURE_WITH_UNIT(LENGTH_MEASURE(0.01),#5615,
'DISTANCE_ACCURACY_VALUE',
'Maximum model space distance between geometric entities at asserted c
onnectivities');
#5611=UNCERTAINTY_MEASURE_WITH_UNIT(LENGTH_MEASURE(0.01),#5615,
'DISTANCE_ACCURACY_VALUE',
'Maximum model space distance between geometric entities at asserted c
onnectivities');
#5612=(
GEOMETRIC_REPRESENTATION_CONTEXT(3)
GLOBAL_UNCERTAINTY_ASSIGNED_CONTEXT((#5609))
GLOBAL_UNIT_ASSIGNED_CONTEXT((#5615,#5617,#5618))
REPRESENTATION_CONTEXT('','3D')
);
#5613=(
GEOMETRIC_REPRESENTATION_CONTEXT(3)
GLOBAL_UNCERTAINTY_ASSIGNED_CONTEXT((#5610))
GLOBAL_UNIT_ASSIGNED_CONTEXT((#5615,#5617,#5618))
REPRESENTATION_CONTEXT('','3D')
);
#5614=(
GEOMETRIC_REPRESENTATION_CONTEXT(3)
GLOBAL_UNCERTAINTY_ASSIGNED_CONTEXT((#5611))
GLOBAL_UNIT_ASSIGNED_CONTEXT((#5615,#5617,#5618))
REPRESENTATION_CONTEXT('','3D')
);
#5615=(
LENGTH_UNIT()
NAMED_UNIT(*)
SI_UNIT(.MILLI.,.METRE.)
);
#5616=(
LENGTH_UNIT()
NAMED_UNIT(*)
SI_UNIT($,.METRE.)
);
#5617=(
NAMED_UNIT(*)
PLANE_ANGLE_UNIT()
SI_UNIT($,.RADIAN.)
);
#5618=(
NAMED_UNIT(*)
SI_UNIT($,.STERADIAN.)
SOLID_ANGLE_UNIT()
);
#5619=SHAPE_DEFINITION_REPRESENTATION(#5621,#5624);
#5620=SHAPE_DEFINITION_REPRESENTATION(#5622,#5625);
#5621=PRODUCT_DEFINITION_SHAPE('',$,#5627);
#5622=PRODUCT_DEFINITION_SHAPE('',$,#5628);
#5623=PRODUCT_DEFINITION_SHAPE($,$,#14);
#5624=SHAPE_REPRESENTATION('',(#3227,#3424),#5612);
#5625=SHAPE_REPRESENTATION('',(#3228),#5613);
#5626=PRODUCT_DEFINITION_CONTEXT('part definition',#5634,'design');
#5627=PRODUCT_DEFINITION('2026-08-16-10-43-08-732',
'ESP32 CanBus shield Case',#5629,#5626);
#5628=PRODUCT_DEFINITION('2026-08-16-10-44-34-651','Case',#5630,#5626);
#5629=PRODUCT_DEFINITION_FORMATION('',$,#5636);
#5630=PRODUCT_DEFINITION_FORMATION('',$,#5637);
#5631=PRODUCT_RELATED_PRODUCT_CATEGORY('ESP32 CanBus shield Case',
'ESP32 CanBus shield Case',(#5636));
#5632=PRODUCT_RELATED_PRODUCT_CATEGORY('Case','Case',(#5637));
#5633=APPLICATION_PROTOCOL_DEFINITION('international standard',
'automotive_design',2009,#5634);
#5634=APPLICATION_CONTEXT(
'Core Data for Automotive Mechanical Design Process');
#5635=PRODUCT_CONTEXT('part definition',#5634,'mechanical');
#5636=PRODUCT('2026-08-16-10-43-08-732','ESP32 CanBus shield Case',$,(#5635));
#5637=PRODUCT('2026-08-16-10-44-34-651','Case',$,(#5635));
#5638=PRESENTATION_STYLE_ASSIGNMENT((#5639));
#5639=SURFACE_STYLE_USAGE(.BOTH.,#5640);
#5640=SURFACE_SIDE_STYLE('',(#5641));
#5641=SURFACE_STYLE_FILL_AREA(#5642);
#5642=FILL_AREA_STYLE('ABS (White)',(#5643));
#5643=FILL_AREA_STYLE_COLOUR('ABS (White)',#5644);
#5644=COLOUR_RGB('ABS (White)',0.964705882352941,0.964705882352941,0.952941176470588);
ENDSEC;
END-ISO-10303-21;
